filename,width,height,label,points
Amrita_800_1.png,8192,4283,non-green-800,"1237.00,4107.00;7457.00,3897.00;7737.00,1187.00"
Amrita_800_1.png,8192,4283,green-800,"916.00,1119.00;2926.00,869.00"
Amrita_800_1.png,8192,4283,green-800,"223.00,3154.00;253.00,3764.00"
Amrita_800_1.png,8192,4283,green-800,"263.00,3404.00;5309.00,2093.00;5289.00,1753.00"
Amrita_800_1.png,8192,4283,green-800,"3009.00,3153.00;3109.00,4013.00;639.00,3273.00;1885.70,543.60"
Amrita_800_1.png,8192,4283,green-800,"4006.00,1850.00;4036.00,2010.00"
Amrita_800_1.png,8192,4283,non-green-800,"4429.00,1930.00"
Amrita_800_1.png,8192,4283,green-800,"4126.00,1404.00"
Amrita_800_1.png,8192,4283,non-green-800,"2703.00,4092.00;6683.00,3512.00;6803.00,4142.00;6393.00,1732.00;6893.00,732.00;173.00,1262.00;6753.00,3792.00;3003.00,2172.00;4233.00,1082.00;8053.00,1782.00;5493.00,1062.00;4543.00,62.00;543.00,812.00;103.00,902.00;1673.00,2132.00;5023.00,1632.00;5053.00,1862.00;5073.00,2042.00;5093.00,2242.00;7213.00,1332.00;7213.00,1732.00;5513.00,3312.00;6413.00,2262.00;5433.00,4042.00;6173.00,3862.00;7103.00,2212.00;7173.00,2552.00;1583.00,3612.00"
Amrita_800_1.png,8192,4283,non-green-800,"4373.00,952.00;7893.00,3552.00;7883.00,3332.00;7713.00,2992.00;7963.00,2832.00;3803.00,3652.00;2993.00,1952.00;6933.00,1512.00;653.00,1482.00;393.00,342.00;6923.00,82.00;2634.20,605.60"
Amrita_800_1.png,8192,4283,non-green-800,"4509.70,523.50;662.10,1411.20;653.90,1558.90"
Amrita_800_1.png,8192,4283,non-green-800,"1834.00,1750.00;1474.00,2220.00;1364.00,430.00"
Amrita_800_1.png,8192,4283,non-green-800,"1614.00,420.00"
Amrita_800_1.png,8192,4283,non-green-800,"4204.00,860.00;4437.80,946.20"
Amrita_800_1.png,8192,4283,non-green-800,"7349.00,3216.00;5059.00,2686.00"
Amrita_800_1.png,8192,4283,non-green-800,"3855.25,2845.85;2901.63,4078.36;5333.35,798.28;7247.70,2657.60;7378.20,2637.80"
Amrita_800_1.png,8192,4283,non-green-800,"7908.00,3838.00;6828.00,1268.00;2898.00,2408.00"
Amrita_800_1.png,8192,4283,coconut-800,"5874.20,366.20;6356.60,266.90;6194.07,267.86;6429.10,352.90;5961.30,490.80;6373.00,173.20"
Amrita_800_1.png,8192,4283,green-800,"1796.00,1224.00;2256.00,784.00;946.00,314.00;1176.00,594.00;1826.00,174.00;2676.00,2514.00;4921.50,2865.50;1236.00,784.00;526.00,1084.00;1363.20,2091.70;1756.00,4114.00;4596.00,1254.00;6009.50,892.80;6286.00,2984.00;6336.00,3454.00;7176.00,964.00;7586.00,2644.00;4206.00,3774.00;3736.00,394.00;4186.00,544.00"
Amrita_800_1.png,8192,4283,green-800,"6266.00,936.00"
Amrita_800_1.png,8192,4283,coconut-800,"3349.00,848.00;3177.00,1166.00;3419.00,702.00;3197.00,816.00;2776.50,558.10;3296.50,928.20;3067.50,1038.00;2985.30,1034.10;3306.00,266.00;3055.00,440.00;2935.30,608.50;2828.00,469.00;2689.00,917.00;2467.00,1028.00;3455.00,1139.00;3516.90,939.30;2806.60,1441.50;2939.80,1112.70;2882.00,1207.00;3004.00,1197.00;2812.60,1303.80;3129.00,880.00;3495.00,185.10;2971.00,457.10;3134.90,176.50;3567.00,759.00;3542.00,564.00;3396.00,647.00;3092.90,520.50;3362.00,1026.00;3161.80,287.90;2777.70,404.00;3475.10,1404.60;3616.80,1316.40;3489.00,772.00;3556.70,699.30;3437.00,934.00;3224.40,954.10;3349.00,794.00;3343.00,713.00;3261.00,734.00;3190.00,732.00;3170.00,660.00;3334.20,430.80;2814.00,764.00;2873.00,689.00;2852.50,599.30;5813.80,387.60;3091.00,577.30;3081.70,303.20;3262.60,207.40;3074.00,1280.00;3167.00,581.00"
Amrita_800_1.png,8192,4283,coconut-800,"3305.60,1275.20;3117.33,449.12;2944.54,393.07;2786.30,693.10;2787.70,617.10;3661.30,222.60;3447.50,280.20;3678.30,1247.50;3070.30,244.20;2775.10,319.10;2744.00,498.80;3099.90,1370.07;2936.70,1197.90;2947.20,1295.70;2816.26,1372.56;2753.40,1378.20;2574.35,1398.09;2879.30,1373.70;2765.40,922.10;2759.29,846.08"
Amrita_800_1.png,8192,4283,non-green-800,"7716.00,2287.00;6672.00,3133.00;6862.00,2713.00;6612.00,1263.00"
Amrita_800_1.png,8192,4283,non-green-800,"1537.00,1898.00;2637.00,2158.00;5167.00,3608.00;5367.00,3458.00;5217.00,4128.00;5827.00,3078.00;4377.00,68.00;4307.00,958.00;1447.70,436.90"
Amrita_800_1.png,8192,4283,non-green-800,"1531.90,432.30"
Amrita_800_1.png,8192,4283,coconut-800,"3093.70,674.90"
Kradangnga_800_2.png,8192,4283,non-green-800,"3166.01,2196.72;3294.10,2180.30;3213.50,2078.80;3396.20,2168.20"
Kradangnga_800_2.png,8192,4283,non-green-800,"3351.45,2268.75;3583.06,2216.90;2659.03,1512.39;2589.55,1473.67;2527.10,1451.30"
Kradangnga_800_2.png,8192,4283,non-green-800,"1569.80,2472.40"
Kradangnga_800_2.png,8192,4283,non-green-800,"4441.95,3405.23;6044.19,305.02;6318.96,347.50;6257.16,593.02;5795.36,750.27;6079.20,1424.70;6079.50,226.70"
Kradangnga_800_2.png,8192,4283,non-green-800,"7788.00,390.00;7338.00,3590.00;5258.00,4106.00;6174.20,792.80;7698.00,576.00"
Kradangnga_800_2.png,8192,4283,non-green-800,"2574.00,2852.00;6824.00,3092.00;2562.80,343.20;1838.40,1647.60"
Kradangnga_800_2.png,8192,4283,non-green-800,"2828.76,1669.47"
Kradangnga_800_2.png,8192,4283,non-green-800,"4741.00,2184.30;5561.40,1923.10"
Kradangnga_800_2.png,8192,4283,non-green-800,"4598.80,2172.60;5122.80,3986.90"
Kradangnga_800_2.png,8192,4283,non-green-800,"7263.60,2809.90;4139.00,1250.00;4476.10,1348.70;7992.50,880.00;8119.00,900.00;7869.00,950.00;6139.30,2309.30;397.60,4197.20"
Kradangnga_800_2.png,8192,4283,green-800,"1694.58,613.05;3220.70,1892.70"
Kradangnga_800_2.png,8192,4283,green-800,"5886.90,293.00"
Kradangnga_800_2.png,8192,4283,green-800,"5584.77,2175.66;4025.12,2354.55"
Kradangnga_800_2.png,8192,4283,green-800,"6072.75,62.57"
Kradangnga_800_2.png,8192,4283,green-800,"1045.40,1366.50"
Kradangnga_800_2.png,8192,4283,green-800,"7932.70,1434.60"
Kradangnga_800_2.png,8192,4283,non-green-800,"360.60,600.80;504.80,547.10"
Kradangnga_800_2.png,8192,4283,coconut-800,"5083.50,2813.10;2652.00,2612.00;2935.00,2053.60;564.20,1319.80;109.80,2932.00;8009.30,328.30;829.30,2151.00"
Kradangnga_800_2.png,8192,4283,green-800,"7601.50,692.30"
Kradangnga_800_2.png,8192,4283,coconut-800,"1085.30,538.90;3377.10,1223.30;6356.50,959.90;6992.70,2489.90;7645.00,3839.80;6917.60,1438.30;3615.00,1689.00;5741.70,2890.70;6936.80,3399.40;6802.20,2586.80;2587.00,3515.60;6739.20,2433.20;1114.90,1875.80;7113.80,941.10;4275.10,4052.10;4517.10,3744.50;3626.30,4065.30;1835.00,2879.00;406.20,2965.60;5079.70,1855.90;1907.60,3516.60;1398.50,3480.30;545.00,2839.90;4892.00,2645.70;4758.20,3206.60;4945.40,3562.50;6803.60,1155.10;6349.00,1237.00;7384.80,1496.40;1595.50,3891.40;1110.80,2126.00;2134.20,2265.60;2335.00,2509.00;2465.00,2569.00;2766.40,2283.90;625.00,1469.00;1102.50,653.10;205.50,294.00;358.50,410.70"
Kradangnga_800_2.png,8192,4283,coconut-800,"2169.70,2051.90;258.70,2758.50;666.00,1998.40;200.00,2090.00;5195.90,3306.80;7040.60,3284.10;7107.50,1656.40;5510.00,3830.00;3670.00,3700.00;4890.00,2040.00;4936.20,1623.80;3983.30,1072.50;2784.70,1160.50;3375.30,1725.20;7015.10,3545.80;4807.70,3418.00;5463.70,3326.90"
Kradangnga_800_2.png,8192,4283,coconut-800,"3611.70,1539.30;4592.30,4092.70;2050.10,817.90;1161.00,1142.00;5225.40,3495.50;5241.00,2152.00;4834.30,1819.80;6311.00,1532.00;7352.90,614.40;1861.30,3383.50;279.00,2563.80;141.00,2572.00;1411.00,2032.00;1977.30,1121.80;531.00,1102.00;831.00,1042.00;689.00,522.50;681.00,1282.00;6531.00,2842.00;6301.00,2662.00;7476.10,2633.10;7509.70,2427.60;5891.00,1392.00;7766.00,1382.10;3121.00,3952.00;831.00,1852.00;2282.90,848.50;3449.90,1195.80;5915.00,2491.00;6156.20,3137.90;6472.00,1696.00;2081.10,3631.90;2072.00,3136.00;1209.00,4059.50;1802.90,3734.40;4086.40,1573.50;2224.30,646.50;2300.80,287.70;1930.00,291.00;1416.10,874.00;1212.00,482.40"
Kradangnga_800_2.png,8192,4283,coconut-800,"2931.70,818.40;7485.80,3232.80;7282.80,3150.20;7272.60,2192.60;7239.70,2013.20;7388.00,2092.90;7660.90,2012.90;7717.20,2091.30;7816.20,1898.80;6935.00,522.50;2782.00,3183.00;2539.10,4013.00;3132.00,2715.50;1112.70,2879.90;203.70,1879.60"
Kradangnga_800_3.png,8192,4283,non-green-800,"7904.65,2033.89;7856.40,1966.30"
Kradangnga_800_3.png,8192,4283,non-green-800,"1096.77,3726.16;1129.51,3830.95;2079.11,2717.63;2550.63,3529.70;2570.28,3582.09;4259.90,2750.37;5942.98,3490.40;5857.84,3444.56;6185.29,373.11;5674.47,805.34;5550.04,982.16;5288.08,883.93;5333.93,1309.61;5654.82,635.07;6028.11,536.84;1312.88,490.99;1411.12,373.11;225.76,163.55;193.02,45.67;75.14,386.21;317.45,720.21;1823.70,2540.81;2118.40,2357.44;4967.19,4106.00;7056.29,1840.07;7285.51,1617.41;3585.36,2108.58;1273.59,3542.79;1411.12,3477.30;1306.33,4125.65;4443.27,4079.81;4312.29,4132.20;4744.52,4040.51;3500.23,2206.81;1515.90,811.90"
Kradangnga_800_3.png,8192,4283,non-green-800,"7175.80,2335.50;7135.90,1897.50"
Kradangnga_800_3.png,8192,4283,non-green-800,"596.12,2949.56;5964.58,668.48;2546.41,3245.90;2325.88,3245.90;2953.01,4196.92;4131.45,4141.79;1790.10,1406.00;1720.90,1276.40"
Kradangnga_800_3.png,8192,4283,non-green-800,"107.61,1011.88;396.65,901.77;479.20,750.40"
Kradangnga_800_3.png,8192,4283,non-green-800,"170.30,788.40;8093.40,2181.00"
Kradangnga_800_3.png,8192,4283,non-green-800,"7151.36,1132.59;6603.77,757.10;7562.80,2079.00;6423.85,452.02;7725.00,801.40;7581.61,616.29;7294.80,285.90"
Kradangnga_800_3.png,8192,4283,non-green-800,"7106.50,2432.30"
Kradangnga_800_3.png,8192,4283,green-800,"3231.00,744.00;3031.00,194.00;3651.00,1884.00;4531.00,3894.00;4131.00,2904.00"
Kradangnga_800_3.png,8192,4283,green-800,"1736.90,884.30;1982.50,555.30"
Kradangnga_800_3.png,8192,4283,non-green-800,"1189.60,1142.60"
Kradangnga_800_3.png,8192,4283,green-800,"1674.25,3486.76;1742.68,3630.91"
Kradangnga_800_3.png,8192,4283,green-800,"3925.35,2636.53"
Kradangnga_800_3.png,8192,4283,green-800,"4243.60,62.30"
Kradangnga_800_3.png,8192,4283,green-800,"4071.06,191.61"
Kradangnga_800_3.png,8192,4283,green-800,"1550.10,3841.80"
Kradangnga_800_3.png,8192,4283,green-800,"6171.51,1991.52;6364.80,602.10"
Kradangnga_800_3.png,8192,4283,green-800,"5026.80,192.73"
Kradangnga_800_3.png,8192,4283,green-800,"3316.30,1296.70"
Kradangnga_800_3.png,8192,4283,green-800,"3170.50,1386.50"
Kradangnga_800_3.png,8192,4283,coconut-800,"674.51,2395.71;744.48,1435.70;2629.20,2498.00;4614.50,3655.71;6254.48,1225.71;5774.50,1235.71;5225.99,2032.94;5349.42,2061.40;6593.12,2820.93;4820.20,3152.70;4789.30,2716.50"
Kradangnga_800_3.png,8192,4283,coconut-800,"1914.70,3933.00;2624.00,1829.00;3220.20,1983.80"
Kradangnga_800_3.png,8192,4283,coconut-800,"5554.00,1989.00;4764.00,1569.00;4605.60,3142.50"
Kradangnga_800_3.png,8192,4283,coconut-800,"2729.30,2379.80"
Kradangnga_800_3.png,8192,4283,coconut-800,"3956.70,2889.70;2708.22,2031.15;6322.81,1027.81;6141.10,2180.00;7486.20,887.50"
Kradangnga_800_3.png,8192,4283,coconut-800,"2893.00,948.00"
Kradangnga_800_3.png,8192,4283,coconut-800,"2196.40,1149.10;2703.00,848.00;2799.80,650.00;2823.00,1098.00;6062.50,2422.50;1493.00,2868.00;2488.80,2790.60;3453.00,2748.00;6370.00,2960.40;6113.00,1018.00;5923.00,1148.00"
Kradangnga_800_3.png,8192,4283,coconut-800,"4782.24,1806.69;2026.34,4101.91;6230.12,3279.25;7778.10,1340.30;5100.10,2923.10;4129.05,3595.97;6751.10,2803.80"
Kradangnga_800_3.png,8192,4283,green-800,"5282.70,1630.20"
Kradangnga_800_3.png,8192,4283,coconut-800,"703.00,1798.00;7418.30,2926.00"
Kradangnga_800_3.png,8192,4283,coconut-800,"2880.30,1915.00;2612.30,4105.50;3959.80,3039.10"
Kradangnga_800_3.png,8192,4283,coconut-800,"4015.10,2955.30;6157.00,1437.00;3837.00,778.00;5090.00,2110.00;3957.00,3591.00;6252.60,4106.60;1799.00,2180.00;2972.00,2448.00;3043.30,3035.80"
Kradangnga_800_3.png,8192,4283,coconut-800,"5593.00,2250.00"
Kradangnga_800_3.png,8192,4283,coconut-800,"1912.10,4135.80;3743.00,2750.00;5313.00,3730.00;5639.20,4127.50;4723.00,3480.00;4613.00,1650.00"
Kradangnga_800_3.png,8192,4283,coconut-800,"4490.20,921.20;4580.00,1076.00"
Kradangnga_800_3.png,8192,4283,coconut-800,"7435.66,3243.43;5288.96,1911.00;7131.34,669.04;1136.70,293.30;5258.20,3927.50"
Kradangnga_800_3.png,8192,4283,green-800,"2886.60,4091.10;2969.29,4023.48;3101.70,4068.40"
Kradangnga_800_3.png,8192,4283,coconut-800,"1734.00,179.00;1917.10,162.50;2206.80,138.10;2557.10,1050.20;2744.00,2729.00;7158.80,3810.10;4736.70,2996.50"
Kradangnga_800_3.png,8192,4283,coconut-800,"5108.10,2505.70;3136.00,3454.00;3646.00,3224.00;2477.60,786.40"
Kradangnga_800_3.png,8192,4283,coconut-800,"4488.00,2206.00;958.00,2156.00;1258.00,806.00;1028.60,418.50;704.00,135.00;5688.00,3816.60;4836.00,2565.00;1228.00,2989.00;4049.00,2022.00;2419.00,1802.00;3061.00,2503.60"
Kradangnga_800_3.png,8192,4283,coconut-800,"667.20,3760.90;2462.99,4188.07;2535.80,1957.10;4864.99,836.66;4950.44,608.80;7388.20,3970.40;6823.62,2278.81;6973.63,2378.50;266.50,3898.30"
Kradangnga_800_4.png,8192,4283,non-green-800,"3631.84,1295.03;3664.71,1368.98;3294.90,1434.70;3336.00,1541.50"
Kradangnga_800_4.png,8192,4283,non-green-800,"3582.54,1714.08;3787.96,1599.04;5727.09,1007.44;4453.51,859.54;4560.32,810.24;4675.36,777.38;4363.12,399.41;2382.91,300.81;2251.44,341.90;2202.14,194.00;1676.28,514.45;6606.27,3316.32;5086.19,1631.91;5521.67,3833.97;5414.86,3751.81;5225.87,3472.44;3508.59,2026.31;3812.61,1845.54;4313.82,1393.63;4256.31,1015.66;2703.36,859.54;1668.10,300.80"
Kradangnga_800_4.png,8192,4283,non-green-800,"6031.10,2207.08;6096.84,2165.99;6096.84,2018.09;7017.10,3850.40;5735.30,3891.49;5579.19,3932.57;2695.14,3406.71;2678.71,752.73;2958.08,374.76;4773.96,539.10;4395.99,571.96;4626.06,522.66;3796.20,744.50;3829.04,1360.76"
Kradangnga_800_4.png,8192,4283,non-green-800,"2321.00,112.30"
Kradangnga_800_4.png,8192,4283,non-green-800,"5608.00,1710.00;5387.00,1306.00;6650.00,4104.50;3188.40,1512.40"
Kradangnga_800_4.png,8192,4283,non-green-800,"5124.60,1455.20"
Kradangnga_800_4.png,8192,4283,non-green-800,"3243.00,2289.00;3566.20,2300.40"
Kradangnga_800_4.png,8192,4283,non-green-800,"114.00,3071.00;5467.10,452.00"
Kradangnga_800_4.png,8192,4283,non-green-800,"3218.00,4029.10"
Kradangnga_800_4.png,8192,4283,green-800,"4955.00,664.00;5075.00,984.00;5255.00,1444.00;5425.00,1774.00;5725.00,2204.00;6045.00,2674.00;6295.00,3014.00;6765.00,3714.00;6985.00,4104.00"
Kradangnga_800_4.png,8192,4283,green-800,"6325.00,3904.00;4842.60,169.60"
Kradangnga_800_4.png,8192,4283,green-800,"5344.90,530.40;4642.60,99.50"
Kradangnga_800_4.png,8192,4283,green-800,"6329.90,396.80"
Kradangnga_800_4.png,8192,4283,green-800,"1795.84,270.17"
Kradangnga_800_4.png,8192,4283,green-800,"4877.42,1014.07;4973.40,900.30"
Kradangnga_800_4.png,8192,4283,green-800,"6146.90,2570.90"
Kradangnga_800_4.png,8192,4283,coconut-800,"887.00,1600.00;1227.00,2600.00;977.00,1730.00;1027.00,1300.00;2467.00,3550.00;877.00,3890.00;687.00,3540.00;1217.00,2100.00;2037.00,3290.00;3787.00,2840.00;4177.00,2790.00;4707.00,1330.00;5167.00,2070.00;4097.00,3800.00;3947.00,1640.00;6607.70,2252.30"
Kradangnga_800_4.png,8192,4283,coconut-800,"1058.00,1739.00"
Kradangnga_800_4.png,8192,4283,coconut-800,"5045.00,3170.00;7075.00,2580.00;6995.00,2540.00;6598.00,2800.00"
Sambava_800_1.png,8192,4283,non-green-800,"4215.22,1425.67"
Sambava_800_1.png,8192,4283,green-800,"5882.00,4158.00;6192.00,4018.00;5262.00,3288.00;3912.00,3978.00;4292.00,4128.00;4842.00,3738.00;5792.00,4178.00;6222.00,2948.00;6122.00,2508.00;6112.00,2768.00;6082.00,2248.00;6142.00,2158.00;6092.00,1718.00;5992.00,1468.00;5972.00,1328.00;5992.00,1028.00;5952.00,208.00"
Sambava_800_1.png,8192,4283,Coconut-800,"1641.81,260.91;1659.90,411.66"
Sambava_800_1.png,8192,4283,sea-800,"7185.46,177.20;7315.36,420.77;7047.44,769.88;7477.74,883.55;7477.74,1346.32;7104.27,1216.42;7794.38,1963.36;7364.08,2263.76;7177.34,1963.36;7810.62,1614.25;7834.97,972.85;7502.10,1800.98;7867.45,1273.25;7908.04,591.26;7607.64,615.62;7656.36,217.79;7924.28,234.03;7948.64,437.00;7745.66,437.00;7485.86,128.48;7364.08,688.69;7258.53,989.09;7429.03,1192.06;7315.36,1557.42;7023.08,1646.72;6868.82,2012.08;7096.15,2190.69;7372.19,2474.86;7152.98,2872.68;6852.58,2929.52;6811.99,3246.15;6811.99,3400.41;7096.15,3562.79;7088.03,3822.60;6755.16,4009.33;6682.08,3765.77;6649.61,4114.88;6868.01,2458.62;6800.62,2383.11;6764.90,2505.71;6726.74,2309.23;6778.70,1483.53;6600.08,704.12;6713.75,338.77;6713.75,95.20;7517.52,428.07;7249.60,1345.51;7006.03,1451.06;6900.48,1126.30;7111.58,509.26;7631.19,1093.83;7614.95,825.90;8045.25,785.31;8053.37,395.60;8061.49,135.79;7817.92,135.79;7614.95,3302.17;7225.24,3237.22;7452.57,3781.19;7850.40,3838.02;7468.81,3521.39;7736.73,3488.91;7809.80,2936.82;7590.59,2896.23;7485.05,3156.03;7476.93,2668.90;7070.98,2652.66;6819.29,2733.85;6681.27,3074.84;6640.68,3367.13;6697.51,3545.74;6965.44,3610.69;7046.62,3147.91;7273.95,3594.46;7160.29,4008.52;7533.76,4179.02;7590.59,3886.74;7314.55,4114.07;7038.51,4162.78;7801.69,4138.42;8020.90,4114.07;8020.90,3667.53;7631.19,3635.05;8004.66,3334.65;7817.92,3204.75;7355.14,2993.66;7322.67,3383.36;7079.10,3367.13;7712.38,2482.16;7623.07,2100.57;8020.90,2181.76;8045.25,2603.95;7761.09,2717.61;8061.49,2953.06;8004.66,1775.82;8061.49,1410.46;7598.71,1507.89;7209.00,1783.93;6721.87,947.68;6989.79,939.57;6811.18,663.52;6811.18,1775.82;6762.46,2043.74;6689.39,2896.23;8029.02,1061.35;7817.92,2254.83"
Sambava_800_1.png,8192,4283,sea-800,"7355.14,1986.91;7939.71,2465.92;7980.30,3935.45;7679.90,4032.88;7834.16,3667.53;7541.88,2368.50;7087.22,2474.04;6973.55,1873.24;6941.08,3058.61;6973.55,2806.92;7160.29,3082.96;7257.72,2774.44;7265.84,2579.59;7209.00,2352.26;6908.60,2222.36;7241.48,2157.41;7014.15,2019.38;7168.41,679.76;7363.26,314.41;7720.50,1783.93;8029.02,2003.15"
Sambava_800_1.png,8192,4283,non-green-800,"6380.87,70.84;6340.28,176.39;6324.04,346.88;6332.16,501.14;6332.16,606.69;6405.23,720.35;6388.99,801.54;6364.63,947.68;6413.35,1207.49;6462.06,1077.59;6340.28,1085.71;6315.92,1223.73;6307.80,1386.11;6462.06,1345.51;6356.52,1313.04;6510.78,1239.97;6494.54,1507.89;6397.11,1459.18;6421.47,1662.15;6340.28,1556.60;6307.80,1670.27;6394.67,1753.89;6387.37,1873.24;6483.98,1846.45"
Sambava_800_1.png,8192,4283,non-green-800,"6384.00,2088.00;6394.00,2298.00;6394.00,2498.00;6404.00,2738.00;6434.00,2888.00;6514.00,2428.00;6514.00,2238.00;6394.00,3098.00;6354.00,3618.00;6374.00,3358.00;6374.00,3898.00;6404.00,3788.00;6374.00,4088.00"
Sambava_800_1.png,8192,4283,non-green-800,"6524.00,2618.00;6514.00,2038.00;2704.00,2128.00;2714.00,2198.00;2454.00,2568.00;2454.00,2688.00;2454.00,2788.00;1814.00,4088.00;1774.00,4158.00;1724.00,4218.00"
Sambava_800_1.png,8192,4283,non-green-800,"4098.90,769.10;2214.00,3588.00;2154.00,3698.00;2141.00,3616.00;2375.00,3616.00;2281.00,3613.00;2182.00,3502.00;2782.00,2132.00"
Sambava_800_1.png,8192,4283,non-green-800,"1852.00,2222.00;1922.00,2282.00;1844.00,2321.00;1952.00,2622.00;1978.00,2570.00;2087.00,2450.00;1886.00,2460.00;1956.00,2450.00;1906.00,2380.00;1916.00,2150.00;2546.00,350.00;2521.40,250.00;2506.00,150.00"
Sambava_800_1.png,8192,4283,non-green-800,"4124.00,543.00;4104.00,633.00;4194.00,603.00"
Sambava_800_1.png,8192,4283,non-green-800,"4134.00,694.00"
Sambava_800_1.png,8192,4283,non-green-800,"2569.00,503.00;2579.00,683.00"
Sambava_800_1.png,8192,4283,non-green-800,"2179.00,4103.00;2129.00,4183.00;2049.00,4213.00"
Sambava_800_1.png,8192,4283,green-800,"2779.00,3703.00;2929.00,3253.00;2789.00,3212.90;2679.00,3333.00;2699.00,3483.00;2979.00,3803.00;2922.00,3944.00;2697.00,3998.00;2845.00,3933.00;2814.00,4138.00;3050.00,4175.00;3271.00,4110.00;3496.00,4113.00;3337.00,4070.00;3590.00,4065.00;3570.00,3935.00;4080.00,4205.00;4080.00,4125.00"
Sambava_800_1.png,8192,4283,green-800,"2712.00,4218.00;4562.00,3398.00;6012.00,3508.00;5692.00,3418.00;5542.00,3608.00;5972.00,3798.00;6122.00,3088.00;5112.00,3148.00;5042.00,3508.00"
Sambava_800_1.png,8192,4283,green-800,"6102.00,2618.00;5642.00,3168.00;4922.00,3898.00;5242.00,3598.00;5232.00,3828.00;4242.00,3648.00;5342.00,4028.00;4542.00,3698.00;4888.00,4221.00;4360.00,3771.00;4239.00,3788.00;5823.00,3819.00;5391.00,3767.00;4933.00,3370.00;4852.00,3398.00;5897.00,4066.00;6037.00,3946.00;6057.00,3276.00;6027.00,1766.00;6047.00,1666.00;5961.00,879.00;4231.00,299.00;4281.00,229.00;4131.00,1679.00;4231.00,1249.00;4221.00,1119.00;4094.50,1021.90;4011.00,1119.00;3991.00,1319.00;4251.00,499.00;4331.00,1019.00;3201.00,419.00;4071.00,1569.00;1761.00,659.00;2181.00,1749.00;1501.00,3189.00;1921.00,3489.00;2511.00,3979.00;2471.00,3419.00;2401.00,3359.00;2821.00,2949.00;2071.00,3139.00;1771.00,2709.00;771.00,2069.00;1231.00,3079.00;1541.00,3429.00;1781.00,2929.00;2561.00,2279.00;2351.00,2239.00;2361.00,2389.00;2591.00,2949.00;2511.00,3719.00;721.00,679.00;1111.00,269.00;111.00,219.00;761.00,439.00;681.00,309.00;311.00,669.00;391.00,519.00;281.00,469.00;211.00,589.00;501.00,339.00;481.00,1819.00;771.00,2739.00;2261.00,1939.00;1801.00,569.00"
Sambava_800_1.png,8192,4283,green-800,"1108.00,649.00;738.00,239.00;1008.00,239.00;968.00,419.00;208.00,929.00;928.00,549.00;898.00,289.00;3968.00,549.00;4098.00,339.00;4088.00,159.00;5368.00,3189.00;5302.00,3463.00;5672.00,3873.00;5432.00,4013.00;6232.00,4193.00;4662.00,3693.00;4763.00,4029.00;5003.00,4079.00;4693.00,3339.00;5293.00,4169.00;4452.00,3979.00;3932.00,4136.00;3912.00,3826.00"
Sambava_800_1.png,8192,4283,green-800,"1182.00,486.00;202.00,236.00;592.00,246.00;302.00,86.00;72.00,86.00;102.00,836.00;302.00,986.00;422.00,646.00"
Sambava_800_1.png,8192,4283,Coconut-800,"3159.10,2142.60;3183.39,2285.41;2980.70,2277.30"
Sambava_800_1.png,8192,4283,Coconut-800,"3367.80,3547.20"
Sambava_800_1.png,8192,4283,Coconut-800,"3374.65,2722.92;3899.37,2230.48;3589.92,2383.86;3065.20,2373.10;3070.60,2461.90;3057.12,2303.14"
Sambava_800_1.png,8192,4283,Coconut-800,"3086.72,2526.48;3105.56,2682.55;3156.69,2642.19;3124.40,2830.55;3699.98,3536.37;3919.01,3196.51;3878.92,3397.52"
Sambava_800_1.png,8192,4283,Coconut-800,"4403.64,1660.27"
Sambava_800_1.png,8192,4283,Coconut-800,"4436.90,2788.69;4453.18,2863.11;4762.49,2286.34;4231.54,3126.38;4174.33,3183.82;4222.93,3062.19"
Sambava_800_1.png,8192,4283,Coconut-800,"4258.29,2935.50"
Sambava_800_1.png,8192,4283,Coconut-800,"456.92,1534.35;578.01,1593.55;650.67,1625.84;4979.50,126.20"
Sambava_800_1.png,8192,4283,non-green-800,"433.61,3707.69;393.60,3674.90;389.60,3629.40;411.90,3574.10;458.50,3898.70;392.59,3836.35;452.25,3961.27;551.07,4086.19;588.50,4044.00;642.44,4035.85;1786.20,4220.50"
Sambava_800_1.png,8192,4283,Coconut-800,"3396.71,3285.31;3237.95,3489.82;3243.33,3570.54;3286.39,3522.11;3905.29,3554.40;3816.49,2957.02;3754.60,3010.84;3539.33,2916.66;3547.40,2997.39;3585.07,3218.04;4053.29,2919.35;4053.29,2844.01;4031.76,2682.55;4042.52,2771.35;3894.53,2714.84;3891.84,2636.81;3824.56,2607.21;3867.62,2488.81;3733.07,2432.30;3663.11,2413.46;3609.29,2459.21;3512.42,2771.35;4572.63,2776.73;4586.08,2835.93;4691.03,3096.95;4857.86,2957.02;4503.70,2737.70;4841.70,2803.60"
Sambava_800_1.png,8192,4283,Coconut-800,"3317.10,2274.20;5576.20,1990.80;4484.00,2182.70;1165.97,1545.92;3287.60,2546.40;568.59,2027.59;407.10,1739.70"
Sambava_800_1.png,8192,4283,Coconut-800,"2863.11,1871.96;2828.94,1638.79;3106.32,1676.98;3124.42,1817.69;3060.09,1877.99;3323.41,1841.81;3405.82,1942.31;3530.44,1926.23;3546.52,2070.95;3478.18,2046.83;3442.00,2261.91;3248.03,1818.29;3348.74,1644.62;3338.30,1569.00;3194.16,1441.21;3208.03,1508.94;3117.78,1335.28;3902.50,1798.00;2935.00,1476.80;3414.90,183.80;2950.70,1551.30;3095.20,1604.50;2855.47,1366.63;2794.57,1347.54;3298.40,2201.40;3581.40,1803.70;3607.63,1528.24;3810.84,2040.60;3765.62,2169.24;3823.11,2134.47;3831.75,2196.98;3944.71,2092.66;4036.77,1859.90;3654.46,1403.02"
Sambava_800_1.png,8192,4283,Coconut-800,"4498.99,2320.76;4780.40,2430.07;4107.10,2376.30;4719.20,2417.20;4589.69,2506.81;5678.90,990.10;5408.33,2204.48;5480.43,2309.13;5547.87,2327.74;5717.65,2123.08;5661.83,2162.61;5606.02,2209.13;5282.30,1805.20;4845.52,1974.23;4708.30,1909.11;4687.37,1760.27;4496.67,1760.27;3415.80,256.40;5528.10,771.10;4630.30,1313.20;4526.90,1469.60;4489.90,1243.10;5485.50,1467.40;4152.90,2697.50;3749.80,1665.60;5071.11,1285.83;5140.88,1316.07;4132.00,2526.60;5238.56,1490.49;5094.37,1434.68;5068.80,1634.70;5050.18,1564.91;4587.30,1014.90;4873.43,1778.88"
Sambava_800_1.png,8192,4283,Coconut-800,"4102.00,2305.60;5540.80,1353.30;5183.70,2035.70;4745.51,2213.78;4740.86,2137.03;4666.44,2106.80;4564.11,1857.95;4440.85,1948.65;4421.40,2643.10"
Sambava_800_1.png,8192,4283,Coconut-800,"5719.21,777.41;5716.52,702.06;5775.72,742.42;5703.07,632.10;5576.60,637.48;5450.13,656.32;5248.31,653.63;5221.40,508.32;5288.67,459.88;5302.13,535.23;5307.51,607.88;5318.27,683.22;5323.66,763.95;5337.11,836.61;5339.80,925.40;5339.80,998.06;5366.71,1070.71;5420.53,1016.89;5582.90,715.10;5207.95,850.06;5186.42,702.06;5175.66,629.41;5035.73,575.59;4724.50,2905.10;4941.55,392.61;4879.66,441.05;4514.80,1394.70;4561.30,859.70;5427.20,512.40;5283.29,389.92;5396.31,293.05;5525.47,338.79;5544.31,422.21;5552.38,492.17;5498.56,467.95;5606.20,373.77;5051.10,2897.30;5598.10,1297.90;5754.20,511.01;5700.38,554.06;5762.27,580.97;5724.60,279.59;4710.13,572.90;4054.00,2423.70;4376.46,1431.29;4795.50,2522.20;4618.64,473.34;4688.61,424.90;4669.77,266.14;5370.60,152.40;4979.22,204.25;4933.48,244.61;4713.70,651.60"
Sambava_800_1.png,8192,4283,Coconut-800,"5530.50,2597.30;3642.40,2266.30;5460.89,2578.91;5660.90,2578.91;5226.10,2758.00;5449.03,2493.56;5348.56,2664.50;5330.42,2590.07;5201.70,2609.30;4846.22,2471.46"
Sambava_800_2.png,8192,4283,sea-800,"4879.68,623.74;4944.63,778.00;5269.39,745.52;5180.08,907.90;5090.77,786.12;4416.90,916.02;4173.34,501.96;4579.28,566.91;4603.64,972.85;4108.38,956.62;3816.10,648.10;3621.25,404.53;3913.53,209.67;3296.49,266.51;3077.28,209.67;2841.83,120.37;3507.58,136.60;3832.34,453.24;3653.72,704.93;3751.15,956.62;4010.96,1192.06;4162.90,1423.50;4473.74,1533.06;5261.27,1719.80;4871.56,1459.99;4871.56,1760.39;5699.69,1784.75;5821.48,2109.50;5423.65,1963.36;6341.09,2060.79;6357.33,2491.09;6065.05,2328.71;6000.09,2020.20;6730.80,2474.86;6414.16,2312.48;6430.40,2783.37;6690.20,2832.09;6747.04,3343.58;7088.03,3302.99;6950.01,3717.05;6933.80,3985.00;6755.20,3587.10"
Sambava_800_2.png,8192,4283,sea-800,"4441.26,1265.13;4936.52,1086.52;5236.92,1354.44;4774.14,1313.85;5350.58,1151.47;5399.29,891.66;5594.15,1297.61;5431.77,1516.82;5780.88,1524.94;5837.72,1703.56;6138.12,1727.91;6138.12,1963.36;6178.71,2206.93;6641.49,2312.48;6527.83,2158.22;6592.78,2588.52;6974.37,2759.02;6958.13,2994.47;6795.75,3124.37;7453.38,3132.49;7185.46,2994.47;7242.29,3319.22;7136.74,3846.95;7014.96,4147.36;7120.90,4016.60;7291.00,4114.88;7282.89,3798.24;7339.72,3587.15;7096.15,3538.44;4368.19,185.32;4067.79,672.45;4376.31,745.52;4092.15,298.98;4092.15,120.37"
Sambava_800_2.png,8192,4283,non-green-800,"4899.22,2176.55;3857.76,1639.65;3430.83,979.85;3275.58,837.53"
Sambava_800_2.png,8192,4283,non-green-800,"3472.00,1163.00"
Sambava_800_2.png,8192,4283,sea-800,"6298.00,1464.00;7038.00,844.00;6488.00,864.00;6668.00,1644.00;6068.00,1134.00;5788.00,774.00;4738.00,804.00;4808.00,264.00;4398.00,314.00;4638.00,384.00;4628.00,134.00;5478.00,274.00;5108.00,464.00;5688.00,584.00;6238.00,214.00;5388.00,504.00;5758.00,244.00;5218.00,164.00;6058.00,564.00;5748.00,1064.00;6558.00,1264.00;6028.00,1474.00;6678.00,1924.00;7218.00,1624.00;7228.00,2094.00;6908.00,2054.00;7078.00,2434.00;7388.00,2674.00;7708.00,2934.00;7738.00,3204.00;7668.00,3594.00;7608.00,3964.00;8008.00,3974.00;7958.00,3614.00;7828.00,4114.00;7528.00,3414.00;7838.00,3834.00;8028.00,3204.00;7988.00,2734.00;7708.00,2564.00;7938.00,2334.00;7748.00,1994.00;7448.00,2334.00;7698.00,2244.00;7518.00,1864.00;6988.00,1854.00;6398.00,1764.00;6908.00,1494.00;7408.00,1374.00;7718.00,1374.00;7848.00,1704.00;7548.00,1594.00;8038.00,2024.00;8018.00,1614.00;7998.00,1234.00;7998.00,774.00;7948.00,374.00;7618.00,214.00;7138.00,164.00;8058.00,154.00;6798.00,154.00;6528.00,164.00;5968.00,314.00;5918.00,104.00;6598.00,544.00;6058.00,844.00;6388.00,1194.00;6848.00,1064.00;7088.00,1204.00;7288.00,1164.00;7748.00,1004.00;7448.00,654.00;6958.00,464.00;6788.00,794.00;6358.00,574.00;6568.00,344.00;6258.00,994.00;7248.00,394.00;7408.00,1004.00;7718.00,614.00;7198.00,624.00;7628.00,384.00;7458.00,114.00"
Sambava_800_2.png,8192,4283,green-800,"1743.69,1257.40;1317.91,2150.79;1131.91,1654.05"
Sambava_800_2.png,8192,4283,green-800,"462.00,1698.00;2122.00,98.00;782.00,68.00;195.30,2608.00"
Sambava_800_2.png,8192,4283,Coconut-800,"2718.69,1705.85;2783.58,1648.75;2656.40,1757.75;3564.39,2560.50;3570.62,2632.14"
Sambava_800_2.png,8192,4283,Coconut-800,"4103.16,3199.87;4121.80,3278.90;4145.02,3346.39"
Sambava_800_2.png,8192,4283,Coconut-800,"3559.59,2935.28;3572.57,3005.35;4146.15,3751.13;4212.07,3693.77;4265.92,3655.49;4295.60,3803.20"
Sambava_800_2.png,8192,4283,Coconut-800,"4234.07,3849.10;3148.60,2460.10"
Sambava_800_2.png,8192,4283,non-green-800,"3039.80,535.30;2671.00,273.00"
Sambava_800_2.png,8192,4283,Coconut-800,"4468.29,2916.13;4812.49,3302.20;4968.31,3106.84;5014.83,2974.28;3841.29,3906.87;3771.05,3880.59;3823.38,3751.98;3702.68,3852.45;3826.17,4251.08;3628.70,4246.40;3758.50,4225.03;4365.70,4236.50;4473.88,4152.47"
Sambava_800_2.png,8192,4283,Coconut-800,"4501.83,3884.88;4627.95,3860.86;4474.80,3754.25;4462.79,3680.68;4444.78,3595.10;4350.18,3821.82;4261.60,3988.48;3703.95,3091.51;4580.30,3993.80;4438.47,3524.53;4428.26,3451.71;4420.45,3366.42;4241.80,3167.60;4055.80,3024.10;5005.50,3306.50;3922.90,2762.20;3288.60,2731.40;4682.00,3668.40;3882.90,2962.50;3929.00,2844.20;2848.80,1687.00"
Sambava_800_2.png,8192,4283,non-green-800,"3193.00,639.00;2813.00,389.00;2563.00,159.00;3403.00,819.00;3613.00,1319.00;3703.00,1469.00;4003.00,1829.00;4133.00,1929.00;4253.00,2039.00;4413.00,2039.00;4573.00,2119.00;4713.00,2069.00;5083.00,2119.00;5223.00,2239.00;5433.00,2339.00;5493.00,2479.00;5683.00,2539.00;5873.00,2749.00;5763.00,2889.00;5983.00,2939.00;5803.00,2589.00;6013.00,3139.00;6153.00,3209.00;6193.00,3389.00;6223.00,3619.00;6333.00,3739.00;6263.00,3839.00;6383.00,4009.00;6343.00,4189.00;5903.00,2849.00;5603.00,2399.00;5063.00,2239.00;6103.00,3029.00"
Sambava_800_2.png,8192,4283,non-green-800,"5883.00,2999.00;5713.00,2659.00;2943.00,449.00;3223.00,739.00;5343.00,2219.00;6183.00,3509.00"
Sambava_800_2.png,8192,4283,non-green-800,"1288.09,3193.91;2450.18,1282.93"
Sambava_800_2.png,8192,4283,non-green-800,"1992.50,1166.40"
Sambava_800_2.png,8192,4283,green-800,"114.00,1109.00;1868.50,219.10;1438.20,1979.00"
Sambava_800_2.png,8192,4283,green-800,"3274.00,1369.00;3354.00,1689.00;3774.00,2089.00;3844.00,2039.00;3134.00,899.00;1827.70,1764.30"
Sambava_800_2.png,8192,4283,green-800,"1648.00,564.00;1138.00,164.00;314.00,169.30;1805.30,884.30;1508.00,714.00;4758.00,3494.00;4671.00,3424.00;905.00,2163.00"
Sambava_800_2.png,8192,4283,green-800,"204.00,369.00;3554.00,1749.00;5304.00,2589.00;2385.90,548.60;1334.00,219.00"
Sambava_800_2.png,8192,4283,green-800,"608.00,2506.00;1977.70,91.60;3258.00,1116.00;4818.00,2396.00;4378.00,2396.00;898.00,516.00;1388.00,836.00;2354.00,236.00;1334.00,436.00;2644.60,530.30;2682.30,927.70;734.00,4026.00;434.00,3086.00;1549.20,2991.20;5504.00,2756.00;2601.30,423.60;5886.50,3146.00;304.00,2306.00;444.00,4076.00;884.00,276.00;395.20,167.00;754.00,1306.00;3404.00,1336.00;5954.00,3896.00;1424.40,2670.30;3173.50,1369.90;724.00,2706.00;4604.00,2306.00;1774.00,1616.00;1644.00,1356.00;4284.00,3506.00;1781.30,2270.60"
Sambava_800_2.png,8192,4283,green-800,"1105.50,536.50;408.00,3839.00;2108.00,2019.00;1433.20,110.60;1800.00,1973.20;762.10,1580.10;2728.40,853.80;548.00,2839.00;2057.50,478.30;1002.70,781.70;998.00,389.00;672.70,405.50;278.00,979.00;5188.00,2519.00;5848.00,3219.00;1878.00,2209.00;708.00,1979.00;1870.00,2413.00;904.00,3518.00;504.00,3238.00;2377.10,913.40;684.00,3698.00;5936.90,3778.00;5974.00,3698.00"
Sambava_800_3.png,8192,4283,sea-800,"114.00,2223.00;74.00,2583.00;84.00,2903.00;254.00,3553.00;494.00,3753.00;384.00,3623.00;614.00,3153.00;844.00,2873.00;714.00,2903.00;1144.00,1853.00"
Sambava_800_3.png,8192,4283,sea-800,"3114.19,522.66;3352.48,571.96;3409.99,407.63;3566.11,374.76;3672.93,571.96;4256.31,1755.16;4543.89,1475.79;4346.69,1221.08;4494.59,1155.34;4494.59,999.23;4675.36,728.08;5718.87,1870.19;5513.45,1607.26;5332.69,1500.44;5151.92,1557.96;5340.91,1837.33;5349.12,2083.83;5357.34,2708.29;5275.17,2880.84;5168.36,3036.96;5455.94,3406.71;5521.67,3497.09;5612.05,3595.69;5850.34,3398.49;5940.72,3275.24;5801.04,3102.69;6277.60,3143.77;6507.67,3554.61;6524.10,3776.46;6984.24,3488.87;7082.83,3308.11;6852.77,2749.37;6466.59,2749.37;6606.27,2461.79;6614.49,2700.07;6441.94,2256.37;6211.87,2050.96;5973.59,2116.69;6195.44,1788.03;6170.79,1557.96;6154.35,1393.63;6137.92,1212.86;5990.02,966.36;5916.07,834.89;5874.99,613.04;5809.25,481.58;5612.05,366.55;6441.94,1319.68;6425.50,1516.88;6458.37,1820.89;6409.07,1681.21;6367.99,2075.61;6984.24,2001.66;7115.70,2133.13;7115.70,1903.06;7181.43,1730.51;6885.64,1672.99;6811.69,1475.79;6852.77,1229.29;6934.94,1229.29;6934.94,1229.29;6474.80,793.81;6343.34,596.61;6162.57,366.55;6096.84,571.96;6187.22,884.19;6359.77,210.43;6819.90,752.73;6713.09,621.26;6589.84,481.58;6976.02,539.10;6795.25,276.16;7041.75,300.81;6967.80,70.75;7197.87,1336.11;7263.60,1270.38;7345.77,1163.56;7378.63,949.93;7189.65,941.71;7017.10,958.14;7592.27,818.46;7510.10,843.11;7658.00,1097.83;7592.27,1295.03;7863.42,1459.36;7789.47,1336.11;7419.72,1804.46;7436.15,2157.78;7370.42,1927.71;7658.00,2083.83;7715.52,2404.27;7674.43,2338.54;7575.83,2461.79;7370.42,2568.61;7181.43,2354.97;6860.99,2215.29;6836.34,2404.27;6672.00,2116.69"
Sambava_800_3.png,8192,4283,sea-800,"8016.00,4025.00;8126.00,4175.00"
Sambava_800_3.png,8192,4283,sea-800,"86.00,4108.00;146.00,3848.00;226.00,4018.00;366.00,4158.00;945.00,3670.00;863.00,3317.00;444.00,3177.00;493.00,3547.00;477.00,3867.00;756.00,2774.00;1142.00,3193.00;1331.00,3497.00;1372.00,4023.00;1717.00,3982.00;1947.00,3793.00;1947.00,3325.00;1799.00,3119.00;1520.00,2947.00;1200.00,2618.00;1019.00,2322.00;534.00,2125.00;255.00,2314.00;222.00,2635.00;164.00,3021.00;74.00,3325.00;90.00,3530.00;674.00,3859.00;772.00,4171.00;1002.00,4229.00;189.00,3711.00;222.00,3374.00;485.00,2626.00;772.00,2446.00;362.00,2963.00;279.00,2191.00;99.00,1846.00;214.00,1304.00;427.00,975.00;929.00,958.00;1011.00,1090.00;1044.00,1394.00;1159.00,1599.00;1323.00,1797.00;1512.00,1870.00;1750.00,1838.00;1841.00,1632.00;1594.00,1213.00;1372.00,1205.00;1323.00,728.00;1265.00,597.00;1044.00,424.00;781.00,367.00;526.00,375.00;296.00,482.00;156.00,367.00;173.00,137.00;403.00,96.00;772.00,79.00;1044.00,161.00;1569.00,276.00;1684.00,367.00;1841.00,613.00;1906.00,811.00;1923.00,1090.00;2104.00,1829.00;2169.00,2051.00;2268.00,2199.00;2350.00,2298.00;2408.00,2380.00;2629.00,2446.00;2794.00,2347.00;2966.00,2125.00;2859.00,1764.00;2465.00,1813.00;2079.00,1501.00;2334.00,1254.00;2490.00,1279.00;2514.00,1583.00;2358.00,1673.00;2679.00,1969.00;2481.00,2059.00;2580.00,3021.00;2876.00,3391.00;2785.00,3801.00;2547.00,4007.00;2071.00,4138.00;1635.00,4163.00;1487.00,3727.00;1150.00,3842.00;1758.00,3555.00;1520.00,3226.00;1208.00,3037.00;1019.00,2898.00;756.00,3119.00;616.00,3349.00;715.00,3555.00;1126.00,3448.00;509.00,2898.00;748.00,2487.00;485.00,2372.00;1002.00,1936.00;1430.00,2290.00;1701.00,2487.00;1964.00,2758.00;2169.00,3037.00;2292.00,3341.00;2301.00,3637.00;2153.00,3834.00;2268.00,4081.00;2687.00,4171.00;2933.00,4188.00;3106.00,4064.00;3237.00,3686.00;3270.00,3473.00;3098.00,3202.00;2958.00,3054.00;2785.00,2922.00;2523.00,2774.00;2251.00,2626.00;2071.00,2487.00;1873.00,2339.00;1676.00,2216.00;1537.00,2158.00;1438.00,2092.00;1002.00,1764.00;690.00,1665.00;427.00,1829.00;592.00,1353.00;781.00,1361.00;559.00,942.00;345.00,695.00;140.00,835.00;238.00,1147.00;460.00,1246.00;238.00,1640.00;115.00,1640.00;748.00,1903.00;772.00,2183.00;1504.00,2709.00;1717.00,2848.00;1076.00,2240.00;1882.00,2955.00;2662.00,3448.00;2424.00,2930.00;2868.00,3267.00;2473.00,3842.00;2933.00,3678.00;2827.00,3990.00;3509.00,3686.00;3352.00,3087.00;3065.00,2750.00;2843.00,2651.00;3155.00,2363.00;3303.00,2166.00;3303.00,1994.00;3205.00,1681.00;2999.00,1336.00;2810.00,1090.00;2555.00,860.00;2334.00,589.00;2136.00,285.00;2375.00,227.00;2802.00,457.00;2958.00,613.00;3098.00,737.00;3172.00,852.00;3270.00,967.00;3385.00,1139.00;3459.00,1271.00;3566.00,1377.00;3665.00,1484.00;3936.00,1813.00;4100.00,1912.00;4330.00,1985.00;4519.00,1887.00;4659.00,1731.00;4873.00,1369.00;5250.00,860.00;5670.00,531.00;5974.00,334.00;6294.00,433.00;6467.00,630.00;6557.00,967.00;6598.00,1156.00;6549.00,1640.00;6467.00,2018.00;6376.00,2487.00;6368.00,3037.00;6812.00,3432.00;7214.00,2840.00;7535.00,1994.00;7715.00,1213.00;7847.00,564.00;8044.00,433.00;8003.00,1049.00;7954.00,1525.00;8003.00,1953.00;7921.00,2372.00;7847.00,2799.00;7691.00,3317.00;7617.00,3653.00;7617.00,4122.00;7798.00,3826.00;7880.00,3226.00;7699.00,3736.00;7715.00,4122.00;8093.00,2766.00;8093.00,2429.00;7485.00,2626.00;7444.00,3062.00;7181.00,3489.00;7042.00,3933.00;6935.00,4212.00;6631.00,3949.00;6195.00,3966.00;5949.00,4163.00;5670.00,3801.00;5604.00,3407.00;5957.00,2856.00;6089.00,3276.00;5957.00,3604.00;5785.00,3276.00;5505.00,2865.00;5439.00,2487.00;5785.00,2068.00;5678.00,1665.00;5398.00,1764.00;5119.00,2076.00;4799.00,2446.00;4421.00,2421.00;4059.00,2240.00;3706.00,1994.00;3426.00,1681.00;3229.00,1377.00;2974.00,983.00;3509.00,474.00;3665.00,934.00;3977.00,424.00;3993.00,999.00;4330.00,1073.00;4618.00,589.00;4897.00,301.00;4815.00,794.00;4651.00,1106.00;5020.00,1246.00;5209.00,1336.00;5127.00,1821.00;4700.00,1994.00;4741.00,2339.00;4881.00,2955.00;4478.00,3325.00;4117.00,2873.00;3673.00,2503.00;3435.00,2750.00;3648.00,2971.00;3821.00,3284.00;3845.00,3563.00;3796.00,3966.00;3837.00,4130.00;4314.00,3925.00;4108.00,3407.00;4002.00,3078.00;3977.00,3703.00;4527.00,3514.00;4618.00,3941.00;4955.00,4171.00;5144.00,3760.00;4897.00,3440.00;4306.00,2906.00;4700.00,2692.00;4659.00,3062.00;5127.00,3226.00;5242.00,3555.00;5431.00,3941.00;5596.00,4204.00;6072.00,3793.00;5776.00,3925.00;5366.00,3538.00;5119.00,2709.00;5086.00,2405.00;5538.00,2240.00;4946.00,2191.00;4905.00,1747.00;4355.00,1501.00;4141.00,1681.00;3862.00,1295.00;4618.00,1345.00;4453.00,1681.00;4182.00,1287.00;3919.00,1484.00;4256.00,728.00;3796.00,695.00;3394.00,737.00;3566.00,1098.00;3706.00,1377.00;3385.00,999.00;3237.00,424.00;2892.00,252.00;3509.00,178.00;3985.00,186.00;4289.00,293.00;4289.00,548.00;4593.00,161.00;4790.00,457.00;5111.00,613.00;5407.00,548.00;5563.00,819.00;5661.00,1131.00;5982.00,1139.00;5990.00,1345.00;6015.00,1616.00;6031.00,1912.00;5941.00,2216.00;5727.00,2487.00;5826.00,2626.00;6080.00,2569.00;6195.00,2618.00;6195.00,2766.00;6113.00,2971.00;5990.00,3103.00;5826.00,2988.00;5546.00,3103.00;5431.00,3218.00;5127.00,2889.00;5439.00,2626.00;5760.00,2709.00;5250.00,2495.00;5456.00,2027.00;5842.00,1772.00;4536.00,2717.00;4256.00,2577.00;4018.00,2511.00;3763.00,2224.00;3484.00,2314.00;3813.00,2783.00;3566.00,1788.00;3394.00,2109.00;3007.00,1599.00;2728.00,1443.00;2736.00,860.00;2309.00,942.00;2087.00,769.00;2013.00,515.00;1906.00,227.00;1660.00,104.00;1380.00,71.00;1282.00,268.00;1380.00,605.00;1635.00,835.00;1602.00,999.00;1372.00,1016.00;1142.00,852.00;961.00,695.00;748.00,671.00;592.00,687.00;1471.00,1583.00;1841.00,1361.00;1611.00,1665.00;1454.00,1345.00;731.00,1082.00;1183.00,1312.00;3278.00,2528.00;3065.00,1862.00;3607.00,2109.00;3771.00,1706.00;4223.00,1468.00;3903.00,1188.00;3755.00,1049.00;4166.00,884.00;3960.00,769.00;4100.00,556.00;3730.00,433.00;3591.00,687.00;3303.00,219.00;3295.00,671.00;3016.00,433.00;3090.00,161.00;2597.00,326.00;2539.00,556.00;2868.00,728.00;4634.00,359.00;4470.00,745.00;4659.00,958.00;4371.00,860.00;4922.00,1008.00;5415.00,1205.00;5456.00,1377.00;5300.00,1640.00;5020.00,1608.00;4692.00,1566.00;4412.00,1312.00;5760.00,2314.00;5990.00,2462.00;6384.00,2388.00;6647.00,2322.00;6729.00,2528.00;6721.00,2815.00;6672.00,3021.00;6508.00,3366.00;6319.00,3662.00;6310.00,4048.00;6401.00,4220.00;5300.00,4204.00;4873.00,3916.00;4601.00,3695.00;4470.00,4163.00;4363.00,3653.00;4043.00,3966.00;3541.00,3949.00;3311.00,4138.00;3739.00,3752.00;3566.00,3325.00;3410.00,3382.00;3919.00,2873.00;4264.00,2405.00;4453.00,2117.00;4618.00,2462.00;4946.00,2667.00;5612.00,3226.00;5259.00,3292.00;6656.00,3736.00;6368.00,3875.00;6524.00,4105.00;6820.00,3875.00;7116.00,4105.00;7354.00,4163.00;7362.00,3875.00;7535.00,3867.00;7370.00,4007.00;7042.00,3826.00;7338.00,3637.00;6960.00,3645.00;6672.00,3547.00;6343.00,3464.00;5990.00,3432.00;6442.00,3144.00;7034.00,3013.00;6705.00,3243.00;7009.00,2709.00;6483.00,2856.00;6483.00,2561.00;6729.00,1895.00;6195.00,2199.00;6302.00,1747.00;6302.00,1312.00;7264.00,1032.00;7379.00,1665.00;7157.00,2002.00;7001.00,2347.00;7551.00,2257.00;7904.00,2051.00;7666.00,2462.00;7666.00,2832.00;7658.00,3119.00;7329.00,2980.00;7181.00,3210.00;7387.00,3399.00;7781.00,3588.00;7921.00,2569.00;8085.00,2133.00;8085.00,1624.00;7798.00,1624.00;7576.00,1912.00;7222.00,1821.00;6976.00,1501.00;7453.00,1254.00;6910.00,1082.00;7428.00,663.00;7691.00,909.00;7896.00,1205.00;7485.00,983.00;7978.00,704.00;8036.00,186.00;7633.00,112.00;7288.00,408.00;7066.00,712.00;6697.00,449.00;7050.00,153.00;6861.00,613.00;7173.00,268.00;6877.00,400.00;6688.00,161.00;6294.00,145.00;5965.00,104.00;5990.00,630.00;6236.00,712.00;6245.00,1065.00;5842.00,967.00;6048.00,843.00;5768.00,737.00;5620.00,268.00;5283.00,293.00;5004.00,112.00;5719.00,120.00;5086.00,408.00;5316.00,71.00;4182.00,71.00;4092.00,408.00;3730.00,293.00;3673.00,87.00;2753.00,79.00;2703.00,613.00;2449.00,63.00;2145.00,153.00;1841.00,63.00;2358.00,433.00;2145.00,531.00;2194.00,876.00;2112.00,1115.00;1997.00,1328.00;2309.00,1443.00;2169.00,1706.00;1906.00,1755.00;1956.00,2035.00;2243.00,2331.00;2465.00,2594.00;2013.00,2199.00;2802.00,2791.00;3057.00,2561.00;3172.00,2963.00;3426.00,2889.00;3221.00,2725.00;3467.00,2487.00;3673.00,2733.00;3821.00,2996.00;3509.00,3111.00;3911.00,3234.00;3977.00,3432.00;4051.00,3703.00;4100.00,3826.00;3558.00,3489.00;3246.00,3826.00;3451.00,4155.00;3229.00,3966.00;3632.00,4196.00;2958.00,3859.00;2523.00,3612.00;2547.00,3851.00;2498.00,3218.00;3098.00,3506.00;3196.00,3267.00;2958.00,3440.00;2687.00,3727.00;2128.00,3580.00;1964.00,3514.00;2013.00,3119.00;2169.00,3226.00;2358.00,3095.00;2219.00,2840.00;2038.00,2659.00;1882.00,2594.00;1734.00,2709.00;1512.00,2544.00;1306.00,2462.00;1249.00,2248.00;1224.00,2002.00;937.00,2133.00;937.00,2577.00;1019.00,2733.00;1389.00,2980.00;1660.00,3136.00;1783.00,3267.00;1602.00,3407.00;1454.00,3456.00;1306.00,3284.00;1578.00,3686.00;1758.00,3859.00;1873.00,4007.00;1832.00,4171.00;1520.00,4031.00;1331.00,3801.00;1142.00,3670.00;929.00,3966.00;1249.00,4163.00;583.00,4105.00;559.00,4229.00;255.00,3941.00;649.00,3670.00;345.00,3777.00;1060.00,3908.00;879.00,3555.00;1035.00,3193.00;855.00,3004.00;419.00,3407.00;592.00,2996.00;296.00,3210.00;33.00,3136.00;140.00,2807.00;353.00,2840.00;657.00,2733.00;477.00,2470.00;263.00,2503.00;99.00,2421.00;181.00,2068.00;394.00,2010.00;715.00,2035.00;600.00,1813.00;509.00,1525.00;279.00,1484.00;205.00,983.00;82.00,1238.00;427.00,1402.00;649.00,1238.00;813.00,1525.00;912.00,1616.00;871.00,1271.00;1101.00,1147.00;1208.00,1016.00;772.00,819.00;452.00,827.00;304.00,852.00;115.00,654.00;493.00,548.00;353.00,285.00;633.00,276.00;715.00,474.00;978.00,564.00;871.00,268.00;1348.00,433.00;1520.00,589.00;1101.00,679.00;1372.00,868.00;1816.00,449.00;1619.00,712.00;1693.00,2076.00;1767.00,2191.00;2605.00,2298.00;2794.00,2133.00;2933.00,1903.00;2597.00,1755.00;2810.00,1558.00;2720.00,1238.00;2868.00,1328.00;3098.00,1147.00;3821.00,2585.00;3878.00,2388.00;3960.00,2076.00;4289.00,2257.00;4166.00,3128.00;4207.00,3366.00;4371.00,3407.00;4199.00,3653.00;4018.00,4163.00;4601.00,4220.00;4166.00,4064.00;4708.00,4089.00;4782.00,3686.00;4700.00,3366.00;4979.00,3070.00;4988.00,3349.00;4905.00,3719.00;5127.00,3908.00;5481.00,3653.00;5711.00,3506.00;5324.00,3037.00;5694.00,2980.00;5637.00,2635.00;5587.00,2363.00;5686.00,2068.00;5522.00,1813.00;5604.00,1476.00;5785.00,1230.00;6269.00,1977.00;6549.00,1829.00;6639.00,1460.00;6286.00,1550.00;6664.00,1320.00;6795.00,1147.00;6664.00,819.00;6343.00,958.00;6598.00,671.00;6483.00,326.00;6442.00,79.00;6212.00,580.00;6048.00,326.00;6812.00,87.00;7058.00,424.00;7214.00,671.00;6820.00,958.00;6960.00,712.00;7132.00,1213.00;6902.00,1377.00;6935.00,1805.00;6713.00,1640.00;7042.00,1649.00;6877.00,2101.00;6738.00,2002.00;6549.00,2216.00;6302.00,2363.00;6089.00,2396.00;6302.00,2733.00;6138.00,3538.00;6261.00,3308.00;6228.00,2988.00;5809.00,3711.00;6023.00,4023.00;6138.00,4188.00;5875.00,3859.00;5587.00,4040.00;5776.00,4188.00;5407.00,4130.00;5259.00,3727.00;5127.00,4007.00;5415.00,3727.00;5563.00,3842.00;4955.00,3645.00;5045.00,3391.00;5250.00,3366.00;4716.00,3267.00;4864.00,3210.00;4314.00,3177.00;4569.00,2873.00;4815.00,2791.00;6582.00,3160.00;6877.00,3169.00;6935.00,3382.00;7075.00,3588.00;7165.00,3727.00;7206.00,3908.00;7222.00,4056.00;7255.00,4212.00;6688.00,4212.00;6795.00,4023.00;6935.00,4097.00;6647.00,4188.00;6656.00,4048.00;7329.00,3267.00;7140.00,2709.00;7305.00,2462.00;7247.00,2240.00;7272.00,2035.00;7034.00,2536.00;7420.00,2380.00;7305.00,2109.00;7740.00,2199.00;7847.00,2511.00;7510.00,2791.00;7568.00,3407.00;7494.00,3629.00;7715.00,3966.00;7855.00,3547.00;7855.00,3308.00;7962.00,2832.00;7822.00,1813.00;7929.00,1747.00;7461.00,1509.00;7592.00,1731.00;7724.00,1928.00;7157.00,1492.00;7658.00,1435.00;7954.00,1312.00;8102.00,1230.00;7806.00,1049.00;7535.00,1090.00;7839.00,950.00;7683.00,630.00;7428.00,753.00;7165.00,868.00;6943.00,876.00;7042.00,1082.00;7264.00,843.00;7576.00,539.00;7453.00,342.00;7255.00,129.00;7181.00,55.00;7773.00,38.00;7740.00,326.00;7748.00,457.00;7904.00,301.00;7518.00,244.00;7872.00,268.00;8028.00,63.00;7395.00,120.00;7847.00,153.00;8110.00,646.00;8126.00,917.00;7773.00,769.00;7559.00,737.00;8135.00,1805.00;8085.00,1879.00;7658.00,2709.00;7789.00,3095.00;7502.00,3276.00;7181.00,3037.00;7001.00,2865.00;6836.00,2939.00;6853.00,2503.00;6754.00,2314.00;5357.00,2281.00;5259.00,1944.00;5177.00,2248.00;4601.00,2273.00;4864.00,1961.00;5234.00,1131.00;5045.00,893.00;4897.00,712.00;4881.00,605.00;5382.00,1024.00;5678.00,917.00;5366.00,712.00;5604.00,613.00;5283.00,482.00;5489.00,350.00;5481.00,137.00;5546.00,13.00;4881.00,194.00;4815.00,79.00;4371.00,120.00;4445.00,326.00;4388.00,556.00;4117.00,260.00;3878.00,309.00;3919.00,63.00;3320.00,79.00;2950.00,79.00;3139.00,359.00;2654.00,1082.00;2457.00,1090.00;2564.00,745.00;2350.00,712.00;1873.00,917.00;1717.00,1106.00;1676.00,1377.00;1315.00,1460.00;551.00,1681.00;271.00,1829.00;304.00,2002.00;641.00,2298.00;674.00,2651.00;1101.00,2462.00;2629.00,2626.00;2646.00,2856.00;2703.00,3144.00;2876.00,3489.00;3081.00,3670.00;3073.00,3859.00;2465.00,3432.00;2309.00,3489.00;2317.00,3834.00;2375.00,4073.00;2399.00,4237.00;2892.00,2470.00;3090.00,2174.00;3730.00,2380.00;4149.00,2692.00;4338.00,2766.00;3960.00,2758.00;4437.00,3078.00;4544.00,3218.00;4453.00,2552.00;4495.00,2290.00;4799.00,2133.00;4922.00,2462.00;5070.00,2569.00;5045.00,1985.00;4922.00,1805.00;5127.00,1681.00;5127.00,1419.00;4905.00,1476.00;4725.00,1172.00;5086.00,999.00;5415.00,811.00;5513.00,482.00;5776.00,309.00;5941.00,506.00;5908.00,227.00;6171.00,219.00;3418.00,1624.00;3221.00,1221.00;3057.00,983.00;3443.00,1492.00;3024.00,1476.00;3213.00,1550.00;3369.00,1386.00;2268.00,1049.00;2030.00,942.00;2169.00,1254.00;2219.00,1632.00;2317.00,1870.00;2391.00,2117.00;2465.00,2298.00;2728.00,1887.00;3016.00,2043.00;3196.00,2051.00;2999.00,1764.00;3344.00,1829.00;3484.00,1928.00;3796.00,1912.00;4034.00,2027.00;3960.00,1616.00;4059.00,1361.00;4067.00,1156.00;5522.00,1049.00;5645.00,1295.00;5793.00,1484.00;5826.00,1624.00;5900.00,1443.00;6253.00,1188.00;6425.00,1106.00;6097.00,983.00;6310.00,835.00;6458.00,482.00;6656.00,359.00;6992.00,186.00;6508.00,227.00;6656.00,22.00;6121.00,104.00;7395.00,564.00;7124.00,572.00;7551.00,350.00;7683.00,145.00;7962.00,564.00;8126.00,268.00;7904.00,416.00;8093.00,1419.00;7362.00,1394.00;7017.00,1361.00;7025.00,2298.00;7181.00,2552.00;7321.00,2750.00;7395.00,2914.00;7839.00,3752.00"
Sambava_800_3.png,8192,4283,sea-800,"7914.00,4133.00;7864.00,4013.00;7954.00,3883.00;8124.00,3903.00;8074.00,3823.00;7974.00,3723.00;7474.00,4013.00;7994.00,3583.00;8094.00,3683.00;8024.00,3313.00;7824.00,3423.00;7644.00,3493.00;7994.00,3463.00;8124.00,3433.00;7584.00,3003.00;7804.00,2953.00;8014.00,3003.00;7944.00,3103.00;8044.00,3153.00;8144.00,3313.00;8104.00,2993.00;8024.00,2623.00;7704.00,2583.00;7834.00,2273.00;7974.00,2203.00;8124.00,2303.00;5064.00,233.00"
Sambava_800_3.png,8192,4283,sea-800,"7364.00,3763.00;7494.00,4193.00;4464.00,4033.00;4274.00,4133.00;3404.00,4013.00;3384.00,3853.00;3374.00,3613.00;3674.00,3593.00;3714.00,3433.00;3584.00,3823.00;3674.00,4073.00;4744.00,4223.00;4874.00,4043.00;4754.00,3843.00;4494.00,3763.00;4444.00,3903.00;4724.00,3553.00;5024.00,3903.00;5124.00,4183.00;5274.00,4033.00"
Sambava_800_4.png,8192,4283,sea-800,"1264.00,1840.00;1784.00,1560.00;1744.00,2190.00;1794.00,2680.00;2094.00,2760.00;2744.00,2437.00;2810.00,2199.00;2818.00,1903.00;2942.00,1394.00;3377.00,1044.00;3509.00,1200.00;3525.00,1455.00;3484.00,1734.00;3426.00,2005.00;3377.00,2424.00;3615.00,3037.00;3689.00,2898.00;3854.00,2002.00;3919.00,1731.00;3952.00,1320.00;4544.00,997.00;4716.00,874.00;5012.00,874.00;5193.00,1129.00;5111.00,1636.00;5596.00,1438.00;6269.00,1397.00;6869.00,913.00;7247.00,913.00"
Sambava_800_4.png,8192,4283,sea-800,"1281.88,3116.66;1002.51,2878.38;928.56,3823.29;1832.40,3749.34;2489.73,3683.61;3007.38,3691.82;4782.17,3453.54;4749.31,2878.38;4248.09,2837.29;4469.94,2196.39;123.33,4078.01;345.18,4176.61;534.17,4160.17;336.97,3880.81;254.80,4045.14;427.35,3946.54;501.30,3617.87;197.28,3552.14;98.68,3897.24;246.58,3749.34;320.53,3371.37;115.12,3108.44;336.97,3585.01;550.60,3149.52;123.33,3371.37;320.53,2944.11;345.18,3239.91;517.73,3371.37;616.33,3576.79;665.63,3798.64;649.20,4004.06;797.10,4176.61;1002.51,4135.52;780.66,3946.54;1092.90,3905.46;1109.33,3601.44;936.78,3971.19;1207.93,4045.14;1372.26,4176.61;1175.06,4193.04;1454.43,3765.77;1553.03,3297.42;1758.45,3124.87;1717.36,3412.46;1454.43,3601.44;1232.58,3387.81;1388.70,3404.24;1281.88,3700.04;1355.83,3962.97;1553.03,4094.44;1166.85,3790.42;969.65,3741.12;838.18,3601.44;871.05,3363.16;1043.60,3322.07;977.86,3527.49;1076.46,3133.09;838.18,3124.87;764.23,3297.42;723.15,3453.54;616.33,3313.86;714.93,2976.98;657.41,2640.09;501.30,2599.01;320.53,2689.39;493.08,2787.99;591.68,2960.54;394.48,3026.27;263.02,3141.31;197.28,3297.42;74.03,3568.57;98.68,3732.91;476.65,3749.34;369.83,3741.12;788.88,2286.78;895.70,2648.31;1290.10,2508.63;1355.83,2837.29;1561.25,2985.19;1528.38,2114.23;1495.51,2426.46;1520.16,2697.61;1783.10,2410.03;1963.86,2590.79;1931.00,2944.11;2004.95,3239.91;2062.46,3593.22;2070.68,3823.29;2037.81,4135.52;1799.53,4217.69;1717.36,3905.46;1602.33,3601.44;1709.15,3642.52;1561.25,3880.81;1717.36,4045.14;1610.55,4193.04;1347.61,3297.42;1199.71,3198.82;1191.50,2861.94;1018.95,2985.19;797.10,2894.81;747.80,2779.78;1010.73,2467.54;1043.60,2007.41;74.03,2796.21;197.28,2976.98;98.68,2944.11;180.85,2763.34;139.77,2410.03;221.93,1925.24;435.57,2245.69;279.45,2106.01;575.25,1810.21;320.53,2451.11;608.11,2451.11;575.25,2081.36;887.48,1908.81;747.80,2138.88;1002.51,2262.13;1142.20,2368.94;797.10,2500.41;1183.28,2697.61;189.07,1341.86;345.18,1703.39;402.70,1990.98;550.60,1161.10;230.15,1563.71;484.87,1506.19;723.15,1629.44;961.43,1103.58;673.85,1432.24;936.78,1530.84;287.67,2245.69;197.28,2541.49;90.47,2631.88;115.12,2114.23;172.63,2360.73;65.82,2303.21;115.12,1851.29;139.77,2023.84;550.60,2179.96;649.20,2336.08;427.35,2467.54;895.70,2393.59;920.35,2122.44;1142.20,2179.96;1331.18,2311.43;1355.83,2015.63;1553.03,2303.21;1651.63,2590.79;1651.63,2812.64;1742.01,3001.63;1438.00,3149.52;1955.65,3379.59;1922.78,3593.22;1922.78,3880.81;1898.13,4086.22;2308.96,4234.12;2341.83,3782.21;2358.26,3322.07;2415.78,2927.68;2391.13,2171.74;2399.34,2179.96;2415.78,1769.13;2514.38,1193.96;2769.09,536.63;3426.43,290.13;3056.68,232.61;3032.03,454.46;3196.36,824.21;3500.38,594.15;3237.44,561.28;2958.08,766.70;2769.09,857.08;2974.51,1136.45;3179.93,1358.30;3130.63,1769.13;2990.94,2089.58;2875.91,2533.28;2769.09,3001.63;2703.36,3486.41;3015.59,3124.87;3179.93,2656.53;2949.86,2894.81;3221.01,3059.14;2719.79,3256.34;2958.08,3346.72;2530.81,3354.94;2325.39,3560.36;2177.50,3396.02;2185.71,3108.44;2399.34,3059.14;2522.59,3149.52;2662.28,2730.48;2358.26,2689.39;2292.53,2344.29;2161.06,2640.09;1996.73,2319.64;2029.60,2015.63;2111.76,1547.28;2210.36,889.95;2292.53,421.60;2522.59,207.96;2522.59,569.50;2530.81,873.51;2719.79,1128.23;2645.84,1456.89;2547.24,1670.53;2235.01,1407.59;2267.88,1193.96;2317.18,1029.63;2325.39,996.76;2366.48,799.56;2177.50,676.31;2004.95,610.58;1635.20,824.21;1774.88,1128.23;1857.05,1374.73;1462.65,1399.38;1306.53,1070.71;1183.28,1465.11;1717.36,1777.34;1043.60,1752.69;953.21,1358.30;1355.83,1662.31;1199.71,1267.91;1594.11,1448.68;1503.73,1908.81;1766.66,2056.71;2021.38,1251.48;1084.68,536.63;1322.96,742.05;1487.30,224.40;468.43,396.95;501.30,684.53;657.41,906.38;640.98,618.80;977.86,766.70;912.13,273.70;871.05,602.36;780.66,774.91;304.10,857.08;304.10,1235.05;402.70,1021.41;180.85,1046.06;189.07,503.76;197.28,207.96;328.75,725.61;115.12,758.48;583.46,1686.96;525.95,1317.21;797.10,1021.41;756.01,1267.91;657.41,1144.66;813.53,1530.84;805.31,1801.99;632.76,1892.38;1109.33,1875.94;1166.85,2007.41;2612.98,4193.04;2760.88,3806.86;2522.59,3987.62;2251.44,3995.84;2169.28,3658.96;7904.50,101.15;7986.67,339.43;7789.47,692.75;7986.67,824.21;8044.18,577.71;7838.77,479.11;7937.37,627.01;8101.70,372.30;8142.78,150.45;8060.62,68.28;8019.53,199.75;7822.33,281.91;7682.65,84.71;7501.88,249.05;7485.45,536.63;7575.83,881.73;7559.40,1144.66;7427.93,1407.59;7165.00,1678.74;6984.24,1966.33;6984.24,2253.91;7082.83,2475.76;7427.93,2262.13;7247.17,2048.49;7181.43,2270.34;7296.47,2451.11;7255.38,2672.96;7099.27,2861.94;6959.59,2919.46;6606.27,2796.21;6466.59,2549.71;6524.10,2163.53;6647.35,1793.78;6836.34,1670.53;7033.54,1810.21;7469.02,1728.04;7592.27,1908.81;7658.00,2163.53;7575.83,2516.84;7559.40,2878.38;7748.38,3018.06;7904.50,2615.44;7879.85,2262.13;7863.42,2073.14;7805.90,1736.26;7740.17,1465.11;7879.85,1177.53;7920.93,1144.66;8003.10,1382.95;8027.75,1736.26;8060.62,2147.09;8068.83,2434.68;8052.40,2730.48;7871.63,1530.84;7797.68,1325.43;7633.35,1366.51;3878.34,865.30;4223.44,1382.95;4289.17,1686.96;4650.71,1358.30;4741.09,1686.96;4888.99,2056.71;4001.59,2327.86;3902.99,2590.79;3935.86,3050.92;3796.18,3535.71;3853.69,3847.94;4412.42,3962.97;5004.02,4102.66;4412.42,3437.11;4790.39,3724.69;4289.17,3667.17;4034.46,3511.06;4280.96,3108.44;4626.06,3280.99;5069.76,3272.77;5201.22,2730.48;5004.02,2434.68;4617.84,2451.11;4511.02,2779.78;4675.36,3108.44;4995.81,2976.98;4839.69,2631.88;4634.27,2697.61;4280.96,2541.49;4174.14,2410.03;4469.94,1834.86;4437.07,1522.63;4395.99,1226.83;4305.61,1029.63;4305.61,725.61;4584.97,380.51;5135.49,150.45;5497.02,503.76;5521.67,922.81;5776.39,1120.01;6022.89,947.46;6367.99,610.58;6425.50,207.96;6154.35,101.15;5932.50,142.23;5809.25,331.21;5776.39,495.55;5809.25,725.61;5965.37,725.61;6105.05,643.45;6211.87,454.46;6072.19,290.13;5965.37,396.95;5973.59,520.20;6483.02,438.03;6589.84,561.28;6893.85,462.68;6244.74,290.13;6343.34,92.93;6836.34,158.66;6713.09,331.21;6606.27,125.80;6910.29,314.78;6351.55,1004.98;6244.74,832.43;6499.45,873.51;6458.37,742.05;6754.17,717.40;6663.79,972.11;6556.97,1276.13;6400.85,1580.14;6236.52,1834.86;5965.37,2179.96;5702.44,2138.88;5686.00,1917.03;5932.50,1744.48;5193.01,2048.49;5340.91,1719.83;5373.77,1374.73;5135.49,1843.08;4905.42,1588.36;5012.24,1243.26;5135.49,1407.59;4864.34,1333.65;4839.69,1078.93;4979.37,643.45;5201.22,881.73;5825.69,848.86;5521.67,1169.31;5316.26,717.40;5562.75,750.26;1922.78,191.53;1824.18,783.13;1963.86,1078.93;2013.16,857.08;1569.46,1111.80;1659.85,1358.30;1372.26,1276.13;1413.35,955.68;1027.16,914.60;1281.88,446.25;1528.38,569.50;1766.66,323.00;2078.90,232.61;2078.90,240.83;1758.45,503.76;1758.45,495.55;567.03,166.88;690.28,380.51;1101.11,265.48;912.13,84.71;731.36,166.88;402.70,76.50;238.37,109.36;32.95,150.45;74.03,331.21;328.75,479.11;353.40,290.13;3631.84,4127.31;3566.11,3823.29;3566.11,3412.46;3278.53,3412.46;3270.31,3708.26;3229.23,4028.71;2884.13,4110.87;2982.73,3889.02;3073.11,4176.61;3138.84,3889.02;3360.69,3847.94;3418.21,4135.52;3459.29,3642.52;3697.58,3732.91;3730.44,3946.54;3483.94,3987.62;3837.26,4110.87;4149.49,3962.97;3960.51,3856.16;3968.72,4135.52;4042.67,3724.69;3812.61,3700.04;3919.42,3371.37;4683.57,594.15;4535.67,750.26;4987.59,405.16;4231.66,413.38;4059.11,889.95;3196.36,380.51;3845.47,347.65;3623.63,783.13;3681.14,1169.31;3689.36,1539.06;3607.19,1999.19;3566.11,2467.54;3483.94,2861.94;3385.34,2705.83;3114.19,2451.11;3196.36,2073.14;3064.89,2245.69;3393.56,2212.83;2982.73,1966.33;2580.11,2130.66;2530.81,2451.11;2415.78,1382.95;2448.64,1004.98;2563.68,700.96;3418.21,848.86;3623.63,1013.20;4034.46,1087.15;4165.92,1193.96;4182.36,972.11;3787.96,1087.15;3976.94,495.55;4018.02,684.53;3730.44,602.36;4141.27,585.93;4067.32,290.13;3771.53,125.80;3607.19,421.60;4067.32,84.71;4379.56,240.83;4404.21,511.98;4700.01,1152.88;4806.82,651.66;4864.34,372.30;4716.44,454.46;4815.04,249.05;4995.81,76.50;4987.59,240.83;5209.44,298.35;5365.56,117.58;5628.49,43.63;5562.75,249.05;5332.69,454.46;5201.22,618.80;5045.11,495.55;5324.47,355.86;5414.86,232.61;4617.84,101.15;4634.27,109.36;4626.06,249.05;4782.17,60.06;4404.21,125.80;5464.15,3905.46;5497.02,3256.34;5801.04,3576.79;5965.37,2861.94;5480.59,2525.06;5529.89,2878.38;6137.92,3207.04;6047.54,2516.84;6228.30,2196.39;6409.07,1900.59;6532.32,1670.53;6754.17,1432.24;6967.80,1341.86;7132.13,1144.66;6795.25,1185.75;7288.25,1292.56;7033.54,1563.71;7049.97,889.95;7099.27,479.11;7082.83,199.75;7312.90,84.71;7271.82,396.95;6269.39,2903.03;6540.54,3190.61;6532.32,3708.26;7049.97,3428.89;7082.83,3806.86;7181.43,4020.49;7427.93,3700.04;7427.93,3700.04;7551.18,3478.19;7575.83,3683.61;7206.08,3626.09;7337.55,3239.91;7033.54,3174.17;6869.20,3289.21;6770.60,3626.09;6721.30,3962.97;6548.75,4193.04;6096.84,4135.52;6072.19,3847.94;6146.14,3494.62;6392.64,3437.11;6236.52,3905.46;4897.21,3658.96;5028.67,3831.51;5234.09,3576.79;5004.02,3617.87;5225.87,3732.91;4026.24,1530.84;3796.18,1317.21"
Sambava_800_4.png,8192,4283,sea-800,"4338.47,1933.46;4009.81,2064.93;4264.52,2253.91;4207.01,2163.53;4141.27,1859.51;3870.12,1851.29;3763.31,1826.64;3763.31,2163.53;3623.63,2319.64;3566.11,2204.61;3344.26,1908.81;3253.88,1908.81;3303.18,1629.44;2958.08,1629.44;2958.08,1826.64;2760.88,1662.31;2539.03,1917.03;2259.66,1933.46;2046.03,1736.26;2218.58,2138.88;2161.06,2303.21;2481.51,2590.79;2686.93,2623.66;2990.94,2738.69;3237.44,2861.94;3130.63,3330.29;2974.51,3527.49;2826.61,3585.01;2900.56,3790.42;2818.39,3946.54;2686.93,4094.44;2629.41,3880.81;2645.84,3626.09;2522.59,3535.71;2465.08,3847.94;2366.48,4053.36;2456.86,4168.39;2218.58,4135.52;2119.98,4217.69;2136.41,3938.32;2013.16,3987.62;2202.14,3831.51;2374.69,3913.67;2382.91,3445.32;2202.14,3231.69;2366.48,3207.04;2046.03,3075.57;1889.91,3231.69;1865.26,3453.54;1585.90,3420.67;1742.01,3264.56;1594.11,3108.44;1396.91,2985.19;1207.93,2976.98;1002.51,2722.26;1076.46,2615.44;1207.93,2500.41;1364.05,2697.61;1454.43,2590.79;1306.53,2590.79;1569.46,2812.64;1700.93,2689.39;1569.46,2508.63;1421.56,2327.86;1405.13,2204.61;1240.80,2204.61;1635.20,1990.98;1651.63,2147.09;1676.28,2278.56;1676.28,2393.59;1783.10,2541.49;1914.56,2508.63;1922.78,2722.26;1889.91,3083.79;1807.75,2903.03;2070.68,2919.46;2210.36,2960.54;2284.31,2861.94;2210.36,2771.56;2292.53,2582.58;2087.11,2483.98;2267.88,2483.98;2407.56,2451.11;2465.08,2286.78;2070.68,2138.88;1955.65,2138.88;1939.21,2007.41;1914.56,1958.11;1799.53,1892.38;1626.98,1769.13;1602.33,1629.44;1429.78,1506.19;1331.18,1440.46;1224.36,1662.31;1068.25,1588.36;1084.68,1300.78;1166.85,1046.06;1207.93,865.30;1142.20,766.70;1224.36,610.58;1413.35,553.06;1520.16,364.08;1372.26,298.35;1249.01,314.78;1092.90,355.86;961.43,413.38;723.15,413.38;591.68,528.41;460.22,553.06;263.02,569.50;221.93,659.88;180.85,848.86;90.47,980.33;98.68,1152.88;98.68,1292.56;98.68,1473.33;115.12,1645.88;238.37,1769.13;386.27,1810.21;501.30,1900.59;468.43,1686.96;361.62,1547.28;336.97,1399.38;394.48,1300.78;427.35,1128.23;304.10,1078.93;246.58,931.03;254.80,766.70;98.68,602.36;82.25,470.90;180.85,405.16;131.55,216.18;131.55,60.06;263.02,364.08;476.65,290.13;353.40,175.10;517.73,84.71;608.11,92.93;682.06,314.78;608.11,298.35;731.36,528.41;632.76,733.83;525.95,799.56;542.38,988.55;460.22,857.08"
Sambava_800_4.png,8192,4283,sea-800,"8052.00,3362.00;8002.00,3732.00;8002.00,4052.00;8112.00,3702.00;8062.00,3092.00;7982.00,3012.00;7932.00,3452.00;8102.00,3502.00;7932.00,3852.00;8102.00,3952.00;8052.00,4182.00"
Sambava_800_4.png,8192,4283,sea-800,"2588.33,2944.11;2851.26,3190.61;3401.78,3108.44;3598.98,2640.09;3894.77,2837.29;3705.79,3264.56;3500.38,3248.12;2276.09,1596.58;2399.34,1580.14;2029.60,1473.33;1717.36,980.33;2719.79,684.53;2719.79,249.05;2982.73,60.06;2884.13,594.15;3212.79,1144.66;3311.39,1300.78;3820.83,1539.06;3829.04,2327.86;4075.54,2574.36;4050.89,2861.94;4067.32,3207.04;4248.09,3478.19;4428.86,2533.28;4708.22,1875.94;4732.87,2171.74;5028.67,2130.66;5004.02,1851.29;4880.77,1826.64;4552.11,2081.36;4806.82,2442.89;4831.47,2253.91;4486.37,3075.57;4519.24,3535.71;4502.81,3782.21;4601.41,4012.27;4650.71,4193.04;4790.39,4176.61;4757.52,3913.67;4593.19,3617.87;4469.94,4168.39;4248.09,4094.44;4157.71,3831.51;4379.56,3790.42;3746.88,4242.34;3344.26,3946.54;3155.28,3560.36;3623.63,3576.79;3377.13,3576.79;3196.36,2311.43;2933.43,2434.68;2999.16,2623.66;3089.54,1958.11;3105.98,1539.06;2826.61,1514.41;2777.31,1259.70;2555.46,1341.86;2892.34,963.90;2604.76,1078.93;3048.46,700.96;1183.28,125.80;1388.70,68.28;1692.71,92.93;2013.16,421.60;2333.61,635.23;2276.09,175.10;2456.86,413.38;2711.58,101.15;2843.04,331.21;2514.38,438.03;1906.35,364.08;1881.70,43.63;1668.06,610.58;1528.38,980.33;3229.23,199.75;3590.76,84.71;3270.31,84.71;3861.91,643.45;4486.37,1670.53;4642.49,1522.63;4428.86,1415.81;4223.44,240.83;5636.70,1670.53;5373.77,2073.14;5316.26,2336.08;5554.54,2352.51;5505.24,2106.01;5497.02,1851.29;5168.36,2319.64;5127.27,2574.36;4954.72,2738.69;4847.91,3001.63;4839.69,3165.96;4880.77,3330.29;4962.94,3469.97;5316.26,3141.31;5193.01,2903.03;5250.52,3379.59;5472.37,3543.92;5488.80,3683.61;5291.61,3930.11;5168.36,4069.79;5193.01,4234.12;5365.56,4234.12;5669.57,4176.61;5373.77,4119.09;5628.49,4053.36;5644.92,3806.86;5825.69,3889.02;5883.20,4069.79;5924.29,4258.77;5932.50,3289.21;5850.34,3083.79;5768.17,2820.86;5792.82,2525.06;5702.44,2344.29;5628.49,2787.99;5644.92,3149.52;5357.34,3018.06;5357.34,2779.78;5275.17,2574.36;5743.52,2697.61;5661.35,3289.21;5620.27,3519.27;5874.99,3511.06;6055.75,3658.96;6474.80,3889.02;6302.25,4143.74;6261.17,3741.12;6039.32,3954.76;5940.72,3782.21;5727.09,3412.46;6515.89,4020.49;6696.65,4234.12;6367.99,4069.79;6951.37,4168.39;6893.85,3987.62;6885.64,3782.21;6663.79,3749.34;6630.92,3847.94;6713.09,3313.86;6384.42,3601.44;6310.47,3280.99;6367.99,3141.31;6170.79,3124.87;6236.52,2705.83;6261.17,2525.06;6129.70,2426.46;5973.59,2385.38;5932.50,2459.33;5907.85,2582.58;5990.02,2681.18;6063.97,2738.69;6154.35,2845.51;6113.27,2919.46;5743.52,2944.11;5620.27,2985.19;5538.10,3075.57;6433.72,2935.89;6384.42,2755.13;6885.64,2730.48;6737.74,2935.89;6795.25,3149.52;7255.38,3437.11;7370.42,3535.71;6630.92,3469.97;6984.24,3962.97;7197.87,4193.04;6762.39,4119.09;6737.74,4242.34;6392.64,4250.56;6121.49,4242.34;6154.35,4012.27;6351.55,3790.42;6483.02,3437.11;6228.30,3437.11;6548.75,3289.21;6548.75,3018.06;6088.62,3396.02;5957.15,3116.66;5817.47,3322.07;6055.75,3494.62;5644.92,2533.28;5768.17,1760.91;5768.17,1489.76;6039.32,1284.35;6179.00,1062.50;6096.84,1547.28;6022.89,1917.03;5899.64,1588.36;5817.47,1276.13;5940.72,1465.11;5990.02,1161.10;5538.10,1974.54;5340.91,1522.63;5225.87,1432.24;6729.52,2319.64;6425.50,2327.86;6729.52,2549.71;6754.17,2032.06;6261.17,1604.79;6359.77,1300.78;2785.53,1958.11;2604.76,1826.64;5455.94,1662.31;5381.99,922.81;5431.29,643.45;5620.27,1004.98;6285.82,2023.84;7247.17,2927.68;7542.97,3190.61;7633.35,3256.34;7707.30,3412.46;7658.00,3847.94;7559.40,4102.66;7345.77,4127.31;7345.77,3905.46;7427.93,3946.54;6926.72,3667.17;6893.85,3642.52;7156.78,3165.96;6795.25,3445.32;7049.97,3609.66;6860.99,2483.98;7222.52,1465.11;6934.94,1070.71;7304.68,1111.80;7838.77,889.95;7378.63,750.26;7058.19,725.61;6926.72,709.18;7288.25,585.93;7280.03,314.78;7510.10,92.93;7017.10,388.73;7123.92,60.06;6811.69,92.93;6565.19,306.56;6787.04,561.28;6047.54,857.08;5784.60,183.31;5653.14,479.11;5916.07,1029.63;4823.26,865.30;4445.29,1309.00;4560.32,1917.03;4157.71,1686.96;4034.46,1703.39;4305.61,1456.89;3845.47,2459.33;3689.36,2500.41;4018.02,2467.54;4141.27,3363.16;4412.42,3272.77;4576.76,3445.32;4059.11,3059.14;4330.26,2697.61;4617.84,2426.46;3960.51,1908.81;6647.35,2664.74;6754.17,2820.86;6359.77,2705.83;7025.32,2656.53;4182.36,939.25;4404.21,1136.45;4527.46,1193.96;7263.60,1851.29;7419.72,1999.19;7707.30,2738.69;7469.02,2672.96;7855.20,2820.86;7838.77,3207.04;7682.65,3141.31;7444.37,3026.27;7797.68,3396.02;7797.68,3683.61;7789.47,3946.54;7764.82,4217.69;8118.13,2894.81;8118.13,2574.36;7797.68,2442.89;7616.92,2319.64;8068.83,1892.38;7838.77,1884.16;8085.27,1522.63;8068.83,1095.36;8151.00,783.13;7707.30,1046.06;7444.37,1013.20;7658.00,323.00;7452.58,405.16;7411.50,939.25;7197.87,684.53;7123.92,1276.13;6943.15,1177.53;6606.27,1111.80;6762.39,1309.00;6573.40,1415.81;6318.69,1161.10;6409.07,1440.46;6704.87,1662.31;6589.84,1563.71;6918.50,1547.28;6836.34,1843.08;6556.97,1974.54;6713.09,2138.88;6556.97,2360.73;6392.64,2163.53;6088.62,2081.36;5809.25,2032.06;6063.97,1711.61;7082.83,2114.23;7337.55,2845.51;7674.43,2894.81;7658.00,3576.79;7641.57,3987.62;7460.80,4201.26;7173.22,3823.29;7436.15,3338.51;7115.70,3289.21;7296.47,3026.27;6992.45,3026.27;7099.27,2714.04;7658.00,1645.88;7731.95,1974.54;7427.93,1555.49;7649.78,1251.48;7452.58,1226.83;7962.02,996.76;7633.35,684.53;7666.22,503.76"
Triple P Kabacan_800_1.png,8192,4283,non-green-800,"5861.79,1335.20;4544.49,2603.11;6454.58,553.05;6001.76,3212.36;6314.62,2817.17;6149.96,2940.67;5820.63,2924.20;5779.46,3212.36;5738.30,3146.50;5985.29,3130.03;6471.05,2883.04;6528.68,2759.54;6536.91,3327.63;6413.42,3212.36;6578.08,3014.77;6750.98,2915.97;6701.58,2734.84;6462.82,3072.40;6141.72,3154.73;5828.86,3541.69;5639.50,3549.92;5623.03,3327.63;5754.76,3385.26;5705.36,3442.89;5631.27,3171.20;6001.76,2883.04;5845.33,3080.63;5738.30,2998.30;6117.02,2767.77;5878.26,2767.77;6314.62,2685.44"
Triple P Kabacan_800_1.png,8192,4283,non-green-800,"4087.86,3089.22;4216.96,2998.09;4323.28,2884.18;4444.79,2808.24;4314.17,3088.46;4198.74,3129.47;4503.26,2964.68;4396.18,2948.73;4470.61,3088.46;4701.47,3014.04;4627.05,2841.65;4586.04,3014.04;4766.78,2865.96;4857.91,2989.74;4972.58,2824.95;5006.00,2940.38;5120.67,2808.24;5178.39,2923.67;5269.52,2775.58;5400.90,2775.58;5368.24,2907.72"
Triple P Kabacan_800_1.png,8192,4283,non-green-800,"4560.96,2183.22"
Triple P Kabacan_800_1.png,8192,4283,non-green-800,"1802.70,1300.20;864.99,1122.01;767.08,983.30;927.40,1262.30;866.60,898.00;767.08,820.11;830.30,343.80;775.23,705.88;758.92,640.61;1127.90,1194.80;1364.00,346.90;898.70,1007.00;225.50,53.20;832.35,1203.60;1044.49,1277.04;701.80,1244.40;571.25,1179.12;799.71,1113.85;693.64,869.07;693.64,746.68;620.21,632.45;497.82,893.55;563.09,1007.78;146.96,110.25;146.96,110.25"
Triple P Kabacan_800_1.png,8192,4283,non-green-800,"2831.39,3741.16;3043.20,3373.00"
Triple P Kabacan_800_1.png,8192,4283,non-green-800,"2953.78,1897.15;5490.90,640.60;5328.16,844.59;5368.96,575.33;5442.39,779.31;5352.64,714.04;5744.29,624.29;5629.60,714.00;5646.37,501.90;5458.71,485.58;5866.68,526.37;5915.63,656.92;6029.86,575.33;6176.73,607.97;6290.96,550.85;6388.88,632.45;6513.70,666.10;5900.00,1760.70;6601.10,2843.50;6242.01,1342.31;6029.86,1334.15;5646.37,1986.90"
Triple P Kabacan_800_1.png,8192,4283,non-green-800,"2748.30,3342.08;1455.40,2721.96"
Triple P Kabacan_800_1.png,8192,4283,non-green-800,"2784.00,2796.00;2850.50,2316.00"
Triple P Kabacan_800_1.png,8192,4283,non-green-800,"4730.00,1360.00;4820.00,1200.00;4600.00,2320.00;5030.00,2210.00;4670.00,1240.00;6031.40,2167.30"
Triple P Kabacan_800_1.png,8192,4283,non-green-800,"140.00,760.00;240.00,740.00;160.00,880.00;140.00,1020.00;290.00,1040.00;280.00,830.00;5940.00,2040.00;5210.00,1420.00;3012.00,298.00;1888.00,455.00;1835.80,298.20;1735.00,205.00;1377.00,429.00;907.30,2723.00"
Triple P Kabacan_800_1.png,8192,4283,non-green-800,"2873.25,319.85"
Triple P Kabacan_800_1.png,8192,4283,non-green-800,"1280.00,1226.00"
Triple P Kabacan_800_1.png,8192,4283,non-green-800,"714.00,441.00;724.00,291.00;914.00,411.00;844.00,241.00;834.00,491.00"
Triple P Kabacan_800_1.png,8192,4283,non-green-800,"1534.00,481.00"
Triple P Kabacan_800_1.png,8192,4283,Coconut-800,"3532.21,1021.10;3790.83,1194.51;3599.40,1495.91;3521.54,1318.47;3425.02,1467.88;3331.61,1620.44;3294.28,1380.73;3309.83,1084.94;3309.83,929.27;3496.66,932.38;3400.13,929.27;3443.73,1022.68;3792.40,1028.90;4057.04,1050.68;4103.75,975.97;3744.85,1111.89;3660.93,1088.94;3575.36,1099.00;3441.71,1161.30;3354.76,1160.01;3267.81,1160.01;3302.84,1233.98;3258.72,1301.46;3567.56,1245.66;3651.92,1254.75;3610.39,1326.10;3738.87,1259.92;3915.35,1281.98;3862.14,1357.25;3784.28,1341.70;3740.16,1420.85;3648.04,1411.76;3476.74,1401.37;3391.08,1239.16;3402.76,1089.95;3705.13,1026.35;3840.08,1115.89;3919.27,1119.77;3964.68,1195.04;4003.59,1281.98;3950.38,1358.55;3819.31,1428.64;3559.80,1409.17;3426.11,1311.84;3337.87,1461.09;3389.79,1384.52"
Triple P Kabacan_800_1.png,8192,4283,Coconut-800,"3480.09,1239.12;4597.87,765.96;4691.01,765.63;4570.83,682.34;4651.20,691.05;4612.80,605.59;4696.80,615.70;4737.36,690.29;4779.33,612.84;4525.93,599.04;4263.07,586.06;4216.01,663.52;4736.88,382.48;4787.93,456.09;4894.54,373.50;4879.51,525.16;4875.02,610.73;3597.41,475.62;3685.03,483.73;3777.52,497.79;3727.22,558.37;3641.76,565.94;3552.41,551.34;3468.30,552.47;3422.27,475.07;3509.78,480.70;3525.47,320.33;3609.41,322.17;3692.38,333.20;3781.25,343.86;3874.50,343.86;3922.47,420.50;4001.44,421.04;3957.63,495.68;3828.36,419.42;3295.27,384.04;3383.81,382.75;3376.19,549.77;3293.65,535.27;3322.15,778.62;3407.61,779.16;4124.55,502.55;4042.55,501.96;4079.49,435.00;4179.07,283.28;4274.42,278.14;4309.96,351.05;4052.88,351.05;3961.42,351.38;3912.31,258.94;4008.04,266.46;3822.14,256.45;3733.28,255.21;4362.48,436.51;4430.04,443.81;4523.39,437.54;4409.37,362.95;4359.18,283.50;3418.59,614.51;3287.75,688.18;3345.36,465.93;3424.00,308.32;3331.83,311.08;3265.14,306.54;3397.17,235.36;3295.43,239.20;4663.05,517.43;4619.29,442.30;4660.83,368.25;4620.64,293.01;4540.59,291.93;4574.13,385.51;4488.13,372.52;4452.43,294.64;4777.33,318.00;4743.15,535.65;3941.13,809.55;3850.00,801.17;3806.29,720.20;3640.46,700.35;3592.86,632.63;3511.51,632.63;4197.89,976.20;4157.32,880.46;4282.38,977.50;4024.65,963.98;4187.78,430.07;4255.39,423.04;4211.03,496.06;4136.12,363.49;4698.26,447.27;4034.44,805.98;4075.00,740.00;3990.63,728.10;4037.57,661.79;4074.95,584.71"
Triple P Kabacan_800_1.png,8192,4283,Coconut-800,"7207.72,1771.38;7203.28,1695.02;7137.02,1732.59;7278.02,1754.01;7037.18,2025.92;6899.53,1853.36;6976.50,1811.34;6903.45,1771.30;7063.56,1778.33;7124.69,1827.54;7038.68,1876.23;6968.38,1900.59;7425.73,1927.66;7352.32,1954.77;7277.54,1994.97;7270.06,1920.67;7514.09,1873.92;7761.40,1304.89;7694.74,1273.78;7610.29,1312.97;7532.72,1344.08;7601.40,1394.58;7674.82,1435.43;7456.60,1476.24;7523.63,1438.42;7372.08,1426.18;7365.82,1515.43;7221.26,1521.73;7135.84,1556.96;7687.91,1622.66;7599.34,1654.09;7513.17,1611.35;7454.50,1570.09;7295.96,1642.50;7447.27,1751.10;7587.75,1740.27;7673.93,1708.39;7743.42,1745.32;7301.01,1568.64;7206.87,1609.20;7304.65,1473.77;7141.91,1645.45;7066.35,1601.00;7354.54,2038.12;7581.57,2005.96;7590.00,888.00;7642.29,2051.65;7652.92,2135.49;7189.82,2032.87;7263.64,2089.83;7335.64,2124.86;7496.44,2133.63;7571.55,2094.84;7660.43,1960.91;7203.56,1950.28;7584.40,2184.78;7500.60,2233.38;7419.35,2188.13;7260.16,2266.88;7344.77,2240.09;7280.28,2183.97;7423.55,2281.99;7562.62,2283.65;7638.01,2302.92;7711.74,2363.24;7792.99,2227.53;7731.02,2185.63;7725.12,2096.82;7803.05,2142.07;7883.50,2217.47;7796.87,2304.94;7722.05,2263.93;8108.46,2163.61;8023.21,2222.19;7952.91,2152.30;8031.98,2113.71;8031.13,2296.37;7954.04,2340.78;7884.51,2101.15;6682.77,1684.51;6748.95,1851.62;6652.51,1809.00;6587.94,1650.09;6466.33,1674.05;6544.39,1600.19;6686.53,1615.75;6746.97,1661.57;6755.62,1573.41"
Triple P Kabacan_800_1.png,8192,4283,Coconut-800,"7589.58,1833.47;7518.24,1788.41;7665.30,1785.91;7746.66,1837.85;7664.68,1879.16;7740.40,1917.33;7584.57,1927.34;7905.74,1659.31;7836.90,1617.07;7838.72,1703.05;7760.87,1665.63;7903.43,1749.55;7902.42,1849.99;7897.92,1919.65;7825.51,1967.02;7822.26,1871.21;8049.24,2036.99;8116.20,2072.03;8126.22,1975.03;7980.59,1709.25;8053.37,1687.59;8053.25,1756.68;7529.00,1532.39;7601.97,1492.22;7667.37,1516.12;7595.21,1557.74;7915.88,1411.42;7993.36,1357.92;8069.14,1326.12;8063.51,1396.72;8143.24,1362.73;7753.67,1565.44;7762.49,1488.08;7839.97,1453.29;7830.14,1530.70;7914.94,1484.83;7910.94,1561.62;7915.88,1329.07;7831.71,1285.13;7836.21,1368.30;7769.75,1396.65;7680.26,1344.65"
Triple P Kabacan_800_1.png,8192,4283,Coconut-800,"7661.31,1033.70;7584.35,1028.97;7735.27,1025.96;7778.27,964.91;7491.47,1024.24;7959.50,750.69;8005.77,803.45;7547.58,646.94;7474.57,636.92;7509.01,722.74;7597.50,729.96;7078.09,678.75;7028.12,590.18;7158.66,529.55"
Triple P Kabacan_800_1.png,8192,4283,Coconut-800,"7424.99,713.77;7339.26,705.63;7247.26,693.11;7195.32,758.20;7321.17,847.00;7451.40,789.74;7403.90,846.31;7376.30,780.29;7542.46,802.69;7491.77,866.46;7627.13,803.51;7681.14,744.37;7612.61,1091.88;7577.44,1159.35;7484.32,1163.35;7652.29,1173.93;7696.91,1106.09;7785.52,1106.90;7849.92,1004.77;7938.60,960.46;7930.09,1132.06;8000.36,1170.92;7999.93,1099.08;8081.78,1144.45;8080.84,1051.20;8146.12,1105.53;7732.58,663.51;7822.45,662.82;7639.27,659.26;7617.30,569.39;7522.74,571.52;7382.12,613.20;7290.69,615.95;7262.22,551.74;7076.73,524.64;7115.28,603.31;6943.18,583.85;6895.74,653.31;6811.32,658.94;6769.01,575.21;6722.39,504.31;6805.56,496.86;6906.13,503.55;6852.12,589.79"
Triple P Kabacan_800_1.png,8192,4283,Coconut-800,"7205.14,1863.22;7282.28,1836.82;7360.58,1792.36;7348.20,1867.14;7045.19,1964.10;6971.58,1995.27;6894.91,2041.84;7138.88,1466.52;7074.00,1506.68;7220.15,1415.27;7154.92,1380.05;7374.77,1617.62"
Triple P Kabacan_800_1.png,8192,4283,Coconut-800,"7228.55,1159.36;7190.39,1226.71;7274.06,1230.00;7255.02,1018.87;7178.83,1067.49;7307.84,975.39;7119.46,993.62;7176.38,925.07;7278.08,915.35;7350.31,929.72;7409.47,999.47;7436.38,936.11;7231.94,847.34;7153.69,837.95;7065.78,821.68;7110.39,762.62;7022.61,753.86;6938.83,759.91;6969.82,810.62;6998.04,527.74;7802.21,823.40;7881.40,822.20;7929.48,866.65;7862.13,736.43;8090.83,871.78;8094.72,969.83;7344.36,537.80;7221.53,456.01;7130.65,443.48;7033.10,439.34;7384.27,472.80;7468.89,479.77;7436.23,543.88;7569.05,487.15;7658.41,486.03;7675.63,882.53;7701.87,949.59;7992.11,1532.31;7990.46,1465.22;8144.62,1448.45;8073.23,1493.89;8147.33,1539.88;8150.77,1628.59;8073.80,1592.90;7995.57,1627.96;8136.64,1902.78;8057.65,1846.70;7976.30,1885.49;8052.49,1926.15"
Triple P Kabacan_800_1.png,8192,4283,non-green-800,"216.31,1082.85;186.26,667.99;5256.22,2138.05;6536.22,1388.08"
Triple P Kabacan_800_1.png,8192,4283,green-800,"4556.00,3458.00;4656.00,3518.00;4816.00,3478.00;4686.00,3398.00;4916.00,3298.00;5066.00,3248.00;5186.00,3518.00;5256.00,3228.00;5276.00,3418.00;4886.00,3178.00;4936.00,3558.00;5016.00,3448.00;3606.00,3108.00;3646.00,2988.00;3516.00,3018.00;3806.00,2968.00;3666.00,2908.00;3866.00,2878.00;4016.00,2878.00;3936.00,2968.00;3796.00,3078.00;3696.00,3168.00;3566.00,3218.00;6656.00,98.00;6816.00,228.00;6856.00,88.00;7006.00,218.00;7006.00,88.00;7171.00,232.00;7231.00,82.00;7321.00,292.00;7371.00,132.00;7501.00,262.00;7541.00,132.00;7681.00,102.00;7681.00,232.00;7651.00,352.00;7491.00,352.00;7161.00,322.00;4851.00,152.00;7501.00,3552.00;7701.00,3552.00;7601.00,3652.00;7501.00,3772.00;7521.00,3902.00;7181.00,2882.00;7051.00,2922.00;7421.00,2872.00;7321.00,2982.00;4097.00,3837.00"
Triple P Kabacan_800_1.png,8192,4283,green-800,"787.00,3497.00;1127.00,2817.00;1557.00,2217.00;1487.00,2017.00;1527.00,2107.00;1787.00,2367.00;2087.00,2377.00;2377.00,3337.00"
Triple P Kabacan_800_1.png,8192,4283,green-800,"7547.00,2667.00;6847.00,3187.00;7857.00,3327.00;8017.00,3337.00;5867.00,177.00;6597.00,357.00;2547.00,867.00;2411.80,1714.20;2341.40,1853.70;2157.00,1827.00;2157.00,1737.00"
Triple P Kabacan_800_1.png,8192,4283,Coconut-800,"3526.98,1173.13;3615.15,1180.16;3697.36,1182.87;3612.44,1015.74;3666.75,950.02;3582.42,944.83;3361.10,858.40;3447.10,852.99;3273.47,852.99;3236.10,929.95;3275.69,1003.95;3288.08,1696.05;3369.86,1712.71;3230.15,1762.69;3297.60,1538.66;3546.19,1573.00;3469.06,1552.94;3416.70,1634.72;4097.83,1125.21;4143.48,1055.65;4236.89,1051.33;4322.29,1063.66;4186.91,1133.87;4016.05,1120.13;3966.77,1036.13;4419.16,902.42;4335.92,902.42;4294.65,814.80;4245.16,894.90;4210.76,825.46;4472.39,834.22;4561.85,834.22;4509.27,924.92;4426.03,753.47;4343.44,737.18;4251.44,745.35;4380.71,828.27;3803.54,881.00;3885.64,884.36;3841.23,948.02;3626.78,872.62;3677.84,797.22;3722.24,715.98;3768.32,799.76;3594.05,788.84;3508.65,783.81;3458.35,705.92;3553.00,715.12;3971.80,890.58;4111.35,816.91;4066.78,887.66;3947.57,650.16;3894.24,720.96;3811.86,570.70;3995.06,576.49;4114.27,653.08;4166.63,736.48;4286.81,671.52;4390.55,661.84;4351.77,590.07;4469.52,673.69;4516.20,742.11;4434.09,593.36;4472.44,516.99;4392.88,498.44;3921.07,961.43"
Triple P Kabacan_800_1.png,8192,4283,green-800,"3741.00,2042.00;4081.00,1712.00;3911.00,1952.00;2371.00,3082.00;3411.00,2482.00;2801.00,1722.00;2251.00,3162.00;1761.00,2802.00;1551.00,2532.00;2141.00,2842.00;2311.00,3662.00;2371.00,3192.00;4071.00,1462.00;6131.00,872.00;6201.00,902.00;6111.00,1002.00;6261.00,792.00;5561.00,1042.00;4796.00,55.00;4909.00,44.00;1362.00,1855.00"
Triple P Kabacan_800_1.png,8192,4283,green-800,"2474.00,3000.00;2864.00,3990.00;2164.00,3520.00;2354.00,2820.00;2314.00,2590.00"
Triple P Kabacan_800_1.png,8192,4283,green-800,"874.00,3740.00;824.00,4060.00;2814.00,4160.00;2234.00,2760.00;2124.00,3090.00;2284.00,3390.00;2664.00,4180.00;2534.00,4030.00"
Triple P Kabacan_800_1.png,8192,4283,green-800,"2214.00,1580.00;7724.00,2630.00;7894.00,2680.00;7894.00,2978.00;1889.00,3198.00;1899.00,3498.00;1409.00,3888.00;1329.00,2278.00;1199.00,2118.00;2419.00,3968.00;2159.00,3748.00;2159.00,3628.00;2178.00,3342.00;2278.40,3052.30"
Triple P Kabacan_800_1.png,8192,4283,green-800,"1808.83,3334.74;1900.53,3380.59;1908.86,3284.73;2609.09,2396.94;2411.94,2143.94;2341.92,1922.20;507.57,3630.26;495.90,3508.97;523.41,4087.91"
Triple P Kabacan_800_1.png,8192,4283,green-800,"1818.00,3694.03;1809.66,3581.49;2634.10,1993.89;2626.18,1894.28;2634.10,1805.50;2626.18,1705.88;2619.93,1633.77;2614.09,1467.05;3144.68,909.79;2904.60,1104.85;3166.77,630.95;2027.70,1611.60;2409.86,1266.15"
Triple P Kabacan_800_2.png,8192,4283,Coconut-800,"7406.21,345.38;7484.72,296.04;7476.87,388.00;7396.11,427.26;7312.00,464.27;7331.06,365.57;7258.16,408.19;7193.11,363.33;7092.17,375.67;7179.65,275.85;7260.40,225.38;7202.08,177.15;7342.28,197.34;7411.81,154.72;7642.86,217.53;7714.64,270.24;7630.52,309.49;7556.50,353.24;7545.28,430.62;7460.04,475.49;7620.43,473.24;7547.52,522.59;7529.58,597.74;7611.45,576.43;7843.62,542.78;7774.08,494.55;7701.18,440.72;7712.39,365.57;7637.25,393.61;7775.20,326.32;7846.98,290.43;7774.08,402.58;7840.25,447.45;7848.10,371.18;7921.01,401.46;7905.30,496.80;7980.45,543.90;7997.27,357.72;8007.37,278.09;7679.87,532.69;7689.96,615.68;7382.65,597.74;7316.48,541.66;7162.83,444.08;7089.93,474.36;7152.73,537.17;7295.17,632.51;7224.51,570.82;7088.80,570.82;7258.16,320.71;7322.09,285.94;7552.01,261.27;7558.74,180.51;7488.08,143.50;7713.52,206.31;7785.30,235.47;7922.13,335.29;7111.23,211.92;7107.87,307.25;7240.22,488.94;7996.94,461.24;8070.51,413.24;8142.63,377.12;8076.46,321.61;8058.51,494.33;8055.48,587.42;8132.08,561.85;8117.06,641.48;8051.00,690.94;7966.88,651.91;7908.33,675.91;7825.78,636.88;7750.64,675.91;7678.64,698.45;7596.09,657.97;7453.42,639.91;7381.53,502.74;7261.08,142.61;7271.73,68.92;7193.22,94.04;7347.44,106.72;7411.37,236.59;7490.89,212.37"
Triple P Kabacan_800_2.png,8192,4283,non-green-800,"1295.00,1130.00;2769.20,140.00;2956.70,161.70;3106.70,280.00;3145.00,161.70;3341.70,401.70;3395.00,351.70;3553.40,536.70;3635.00,398.30;3691.70,536.70;3750.00,635.00;3959.20,745.00;3861.60,490.00;4424.40,940.90;4328.70,911.70"
Triple P Kabacan_800_2.png,8192,4283,non-green-800,"5112.00,1250.00;292.00,2970.00;242.00,3190.00;242.00,3340.00;192.00,3550.00;422.00,3550.00;72.00,3230.00;112.00,2960.00;612.00,3290.00;562.00,3460.00;722.00,3570.00;592.00,3670.00;392.00,3900.00;392.00,4030.00;612.00,3930.00;412.00,3320.00"
Triple P Kabacan_800_2.png,8192,4283,Coconut-800,"526.49,1483.28;545.10,1329.78"
Triple P Kabacan_800_2.png,8192,4283,non-green-800,"126.00,3920.00;156.00,4090.00;76.00,4050.00;979.00,1135.00;1697.00,2030.00;5670.90,3554.10"
Triple P Kabacan_800_2.png,8192,4283,non-green-800,"5067.00,1860.20"
Triple P Kabacan_800_2.png,8192,4283,non-green-800,"4516.40,1550.60"
Triple P Kabacan_800_2.png,8192,4283,non-green-800,"67.70,3420.10"
Triple P Kabacan_800_2.png,8192,4283,non-green-800,"191.00,2765.00;3411.00,85.00;3621.00,125.00;3871.00,175.00;4131.00,265.00;4261.00,425.00;4371.00,535.00;4671.00,575.00;4661.00,675.00;5061.00,75.00;5141.00,185.00;5221.00,75.00;4941.00,65.00;5041.00,145.00;5141.00,95.00;5221.00,155.00;5191.00,235.00;4161.00,655.00;3991.00,555.00;4121.00,845.00"
Triple P Kabacan_800_2.png,8192,4283,non-green-800,"4091.00,390.00"
Triple P Kabacan_800_2.png,8192,4283,non-green-800,"3921.00,280.00"
Triple P Kabacan_800_2.png,8192,4283,Coconut-800,"644.19,2060.59;539.00,2048.40;464.37,2026.62;461.94,2114.40"
Triple P Kabacan_800_2.png,8192,4283,Coconut-800,"616.30,643.97;620.20,474.86;248.60,316.90"
Triple P Kabacan_800_2.png,8192,4283,green-800,"3160.00,1513.00;3500.00,3013.00;3140.00,3163.00;3140.00,3063.00;6140.00,1463.00;7080.00,2343.00;6000.00,1433.00;3120.00,2703.00;4930.00,3503.00;5190.00,3413.00;5310.00,3263.00;7230.00,3493.00;7620.00,3543.00;7770.00,3623.00"
Triple P Kabacan_800_2.png,8192,4283,green-800,"1720.00,1193.00;1670.00,1603.00;2420.00,1833.00;2050.00,2943.00;1860.00,2903.00;2040.00,2773.00"
Triple P Kabacan_800_2.png,8192,4283,green-800,"2100.00,3223.00;2080.00,3393.00;7820.00,2453.00;7970.00,2833.00"
Triple P Kabacan_800_2.png,8192,4283,non-green-800,"8021.50,3952.10;7979.80,4039.20;8062.00,3815.30;8001.60,4203.80"
Triple P Kabacan_800_2.png,8192,4283,green-800,"4946.00,4114.00;5266.00,4054.00;5136.00,4164.00;2272.00,1421.00;2270.00,1713.00;2278.80,1927.40;2288.00,2005.00;2107.00,1757.00;2120.00,1853.00;2274.90,2162.00;2090.20,2126.10"
Triple P Kabacan_800_2.png,8192,4283,non-green-800,"1678.90,1935.10"
Triple P Kabacan_800_2.png,8192,4283,non-green-800,"1860.00,934.70;1270.00,2188.00;5340.00,3008.00;5390.00,2918.00;4943.10,1300.50;1214.40,2794.70"
Triple P Kabacan_800_2.png,8192,4283,Coconut-800,"902.11,80.21;825.73,138.50;751.36,118.40;898.09,162.62;976.49,96.29;1144.80,59.10;761.41,44.03;833.57,42.82;1261.00,88.30;685.10,1876.40"
Triple P Kabacan_800_2.png,8192,4283,green-800,"101.00,1890.00;101.00,1740.00;101.00,1570.00;111.00,1410.00;121.00,1300.00;331.00,1350.00;341.00,1530.00;301.00,1700.00;311.00,1860.00;261.00,1970.00;171.00,1100.00;171.00,950.00;311.00,1050.00;311.00,910.00;151.00,630.00;191.00,470.00;381.00,670.00;411.00,500.00;441.00,230.00;481.00,120.00;281.00,120.00;860.00,724.00;880.00,574.00;1360.00,304.00;1110.00,724.00;1340.00,854.00;1760.00,524.00;2010.00,324.00;2040.00,594.00;2610.00,344.00;2350.00,364.00;2470.00,734.00;2960.00,624.00;2890.00,1034.00;3380.00,844.00;3320.00,1164.00;3780.00,1124.00;3000.00,864.00;3130.00,1114.00;6310.00,948.00;6804.00,953.00;6084.00,783.00;6344.00,623.00;5844.00,733.00;6680.10,1675.30;6754.00,593.00;6474.00,543.00;6504.00,723.00;6774.00,323.00;6654.00,223.00;6144.00,1043.00;6754.00,763.00;6234.00,1213.00;644.00,1683.00;814.00,1623.00;704.00,1533.00;1004.00,1633.00;5672.00,209.00;5742.00,271.00;5503.00,322.00;5376.00,228.00;5807.00,107.00;6000.00,64.00;5548.00,90.00;5380.00,316.00"
Triple P Kabacan_800_2.png,8192,4283,green-800,"7889.00,107.00;8069.00,107.00;6862.00,3768.70;7894.00,2265.00;7606.00,2421.00;7999.00,2519.00;7896.00,2737.00;6375.00,1789.00;6375.00,1968.00;6594.00,1927.00;6540.00,2089.00;6719.00,2062.00;6651.00,2224.00;6807.00,2254.00;6840.00,2052.00;6231.00,1757.00;5866.00,1523.00;5896.00,1662.00;6213.00,1893.00;6064.00,1607.00;4538.00,3055.00;4848.00,2676.00;5207.00,2530.00;5297.00,2610.00"
Triple P Kabacan_800_2.png,8192,4283,green-800,"7010.00,3853.00;6167.80,4173.60;7350.00,3883.00;6520.00,4163.00;7150.00,3943.00;7830.00,3913.00;7500.00,4023.00"
Triple P Kabacan_800_2.png,8192,4283,green-800,"4993.00,380.00;5133.00,420.00;3239.00,2098.00;3409.00,2048.00;4309.00,2638.00;3879.00,2188.00;2399.00,1238.00;3333.40,3952.40;5109.00,3638.00;6309.00,3998.00;5736.00,3314.00;4566.00,2744.00;4176.00,3024.00;4033.70,2469.60;6276.00,3494.00"
Triple P Kabacan_800_3.png,8192,4283,non-green-800,"2481.51,832.43;2514.38,717.40;2539.03,569.50;2621.19,676.31;2596.54,816.00;2769.09,799.56;2933.43,832.43;2908.78,602.36;2867.69,725.61;2769.09,676.31;2760.88,495.55;2916.99,470.90;2999.16,561.28;2982.73,733.83;3007.38,413.38;3015.59,257.26;3048.46,150.45;2908.78,207.96;2949.86,323.00;2834.83,355.86;2793.74,207.96;2662.28,232.61;2662.28,134.01;2801.96,109.36;2703.36,347.65;2580.11,454.46;2539.03,281.91;2654.06,536.63;2563.68,109.36;2908.78,92.93;3032.03,68.28;2703.36,51.85;2810.18,865.30;2678.71,881.73;2990.94,873.51;2604.76,355.86"
Triple P Kabacan_800_3.png,8192,4283,non-green-800,"4001.59,3478.19;4075.54,3519.27;4149.49,3511.06;4141.27,3387.81;4083.76,3437.11;4042.67,3322.07;4124.84,3239.91;4182.36,3083.79;4075.54,3133.09;4207.01,2927.68;4116.62,3001.63;4223.44,2796.21;4141.27,2738.69;4248.09,2681.18;4165.92,2656.53;4856.12,758.48;4839.69,906.38;4938.29,947.46;5004.02,783.13;4905.42,848.86;5036.89,881.73;5127.27,947.46;5143.71,1062.50;5184.79,1169.31;5250.52,1325.43;5209.44,1456.89;5283.39,1177.53;5275.17,1440.46;5291.61,1021.41;5209.44,1037.85;5291.61,865.30;5209.44,914.60;5225.87,758.48;5291.61,676.31;5127.27,824.21;5127.27,717.40;4938.29,700.96;4831.47,627.01;4815.04,495.55"
Triple P Kabacan_800_3.png,8192,4283,non-green-800,"6926.72,1917.03;7017.10,1958.11;7000.67,1810.21;7091.05,1875.94;6893.85,2985.19;6729.52,2985.19;6688.44,2861.94;6647.35,3042.71;6548.75,2952.33;6556.97,2820.86"
Triple P Kabacan_800_3.png,8192,4283,non-green-800,"3837.26,68.28;3894.77,166.88;3968.72,68.28;4059.11,183.31;4133.06,84.71;4289.17,232.61;4264.52,84.71;4445.29,207.96;4634.27,216.18;4658.92,76.50;4535.67,109.36;4387.77,101.15;4798.61,1571.93;4815.04,1465.11;4864.34,1596.58;4905.42,1506.19;5776.39,2368.94;5620.27,2286.78;6022.89,2418.24;6014.67,2599.01;6014.67,2516.84;5883.20,2492.19;6137.92,2590.79;6162.57,2746.91;6343.34,2656.53;6359.77,2796.21;6343.34,2927.68;6236.52,2738.69;6959.59,2812.64;6811.69,2787.99;6729.52,3157.74;6918.50,3165.96;7263.60,2689.39;7288.25,2615.44;7411.50,2697.61;7584.05,2656.53;7641.57,2738.69;7370.42,2820.86;7345.77,2976.98;7173.22,2944.11;7592.27,2993.41;7616.92,2853.73;7436.15,2903.03;7764.82,2886.59;7822.33,2730.48;7986.67,2771.56;7978.45,2672.96;8118.13,2903.03;7904.50,2927.68"
Triple P Kabacan_800_3.png,8192,4283,non-green-800,"6893.85,1834.86;7058.19,1752.69"
Triple P Kabacan_800_3.png,8192,4283,non-green-800,"2560.35,80.72;2750.49,63.44;2750.49,253.58;2923.35,175.80;2931.99,383.22;2759.13,538.79;2620.85,365.94;2568.99,607.94;2906.06,754.86;2698.63,798.08;2966.56,556.08;2516.27,781.66;3026.19,81.59;4896.50,690.91;5046.02,731.53;4925.88,850.80;5196.40,891.42;5236.16,1071.19;5236.16,1241.45;5266.41,1371.10;4840.50,1166.70;4976.01,1261.33"
Triple P Kabacan_800_3.png,8192,4283,non-green-800,"5064.00,953.00;4884.00,1003.00;5234.00,753.00;6984.00,1903.00;6984.00,1783.00;6904.00,1873.00;7024.00,2003.00;7824.00,2703.00;7934.00,2743.00;4224.00,2723.00;4184.00,2913.00;4174.00,3103.00;4084.00,3203.00;4144.00,3373.00;4064.00,3483.00;6754.00,2773.00;6834.00,2833.00;6804.00,2983.00;6774.00,3133.00;6904.00,3183.00;6984.00,3023.00;6984.00,2853.00;6634.00,3013.00;6624.00,2873.00;6404.00,2843.00;6484.00,3013.00;6504.00,2783.00;6274.00,2723.00;6084.00,2673.00;6114.00,2553.00;5984.00,2443.00;6004.00,2573.00;5834.00,2393.00;5884.00,2463.00;5674.00,2323.00;5262.00,1780.00;4792.00,1440.00;4772.00,1540.00;5252.00,1490.00;5082.00,840.00;4082.00,230.00;4282.00,250.00;4492.00,240.00;4642.00,190.00;3922.00,140.00;7602.00,2860.00;7582.00,3000.00;7782.00,2860.00;7982.00,2990.00;7672.00,2660.00;7412.00,2840.00;7402.00,2950.00;7982.00,2880.00;7772.00,3040.00;7062.00,1860.00"
Triple P Kabacan_800_3.png,8192,4283,green-800,"1802.00,3470.00;1196.40,255.70"
Triple P Kabacan_800_3.png,8192,4283,green-800,"1822.00,3660.00;1912.00,3570.00;2012.00,3710.00;7582.00,3790.00;7782.00,3670.00;8102.00,3650.00;7832.00,3860.00;7842.00,4110.00;8072.00,3950.00;7962.00,3580.00;7992.00,3800.00;7682.00,4060.00;6732.00,130.00;6992.00,180.00;6812.00,430.00;7232.00,420.00;7282.00,170.00;7532.00,160.00;7502.00,480.00;7712.00,570.00;7732.00,210.00;8012.00,310.00;8062.00,710.00;7292.00,820.00;7432.00,1010.00;7652.00,830.00;7922.00,1040.00;7412.00,760.00;7442.00,1320.00;7452.00,1490.00;6782.00,810.00;6962.00,700.00;6302.00,110.00;5952.00,160.00;5922.00,450.00;5902.00,730.00;5852.00,960.00;5962.00,1110.00;5682.00,830.00;4982.00,460.00;5002.00,290.00;5312.00,280.00;5612.00,140.00;5192.00,110.00;5012.00,90.00;5212.00,380.00;5592.00,550.00;5682.00,370.00;5422.00,440.00;5542.00,1260.00;5672.00,1410.00;5912.00,1560.00;6312.00,460.00;6452.00,580.00;6292.00,710.00;6282.00,920.00;6462.00,860.00;6392.00,1130.00;6262.00,1240.00;6152.00,1560.00;6372.00,1510.00;6332.00,1860.00;6042.00,1740.00;5992.00,1940.00;5732.00,1580.00;5442.00,1030.00;5412.00,1350.00;5932.00,2100.00;6332.00,2040.00;6292.00,2220.00;7422.00,2010.00;7612.00,2010.00;7382.00,2220.00;7532.00,2230.00;7292.00,1880.00;7182.00,3170.00;7332.00,3170.00;7562.00,3220.00;7732.00,3240.00;7312.00,3430.00;7252.00,3740.00;7062.00,3690.00;7062.00,3910.00;7142.00,3440.00;7492.00,3450.00;7462.00,3590.00;7402.00,4060.00;7382.00,4210.00;6982.00,4160.00;6746.00,3377.00;6706.00,3627.00;6636.00,3927.00;6586.00,4117.00"
Triple P Kabacan_800_3.png,8192,4283,non-green-800,"6778.83,4222.65;6853.52,4088.20;6801.23,3991.09"
Triple P Kabacan_800_3.png,8192,4283,green-800,"3880.54,2340.26;4112.10,2392.55;4037.40,2302.91;4164.39,2183.39;3940.29,2168.45;3985.11,1966.77;4059.81,2056.41;4209.21,2004.12;4239.09,1907.01;4149.45,1802.43;4104.63,1914.48;4059.81,1817.37;4097.16,1653.04;4246.56,1705.33;4283.91,1809.90;4373.54,1593.28;4261.50,1518.58;4134.51,1540.99;4246.56,1593.28;4164.39,1406.53;5045.83,2131.10;5157.87,2362.67;5045.83,2504.60;4986.07,2803.39;5180.28,2863.15;4963.66,3199.29;5202.69,3288.93;5591.12,2982.66;5591.12,2788.45;5650.88,2586.76;5464.14,2594.23;5389.44,2340.26;5262.45,2527.01;5352.09,2945.31;5680.76,3565.31;5777.87,3744.59;5830.16,3602.66;5665.82,3684.83;6445.67,3237.38;6385.91,3437.58;6365.74,3587.72;6345.58,3737.86;6325.41,3888.01;6276.11,4027.69;6255.94,4177.83;6445.67,3867.84;6486.01,3737.86;6545.77,3877.55;6545.77,3687.81;6586.10,3557.84;6545.77,3477.91;6505.43,3578.01;6625.69,3427.87;6605.53,3317.31;4652.92,3348.69;4761.23,3287.43;4685.78,3182.86;4775.42,3031.22;4696.24,2880.33;4363.83,3457.00;4443.76,3186.59;4433.30,2906.47;4503.52,2686.86;4333.95,2436.62;4393.71,2236.43;4403.42,2076.58;4493.81,2006.36;4523.69,1756.87;4483.35,1906.26;4303.33,2316.36;4683.54,3026.74;1373.67,4096.41;1583.57,3736.37;2183.39,3356.90;1502.89,3633.29;1620.92,3569.04;1509.62,3239.63;1889.83,3191.82;1859.95,3781.93;339.84,182.23;590.08,321.91;970.30,412.30;790.27,201.65;1627.80,273.60;1478.00,561.30;1414.80,159.60;1234.10,466.80;280.08,2092.26;259.92,2172.19;1410.27,1771.81;4419.86,991.96;4270.46,821.65;4490.07,561.70;4310.05,431.72;4560.29,921.74;4419.86,741.72;3710.22,271.87;3359.89,392.13;3240.37,422.01;3359.89,262.16;4779.90,3852.15;4829.95,3672.13;5169.83,3702.01;5190.00,3542.15;5219.87,3891.74;4610.34,3982.13;4900.17,4021.72;4770.19,4021.72;4790.36,4212.20;5000.26,4221.91;4690.26,3651.96;5030.14,3722.18;5089.90,3531.70;1939.88,4192.03;1720.26,4071.76;1750.14,3841.69;2000.38,3432.35;1529.78,3462.23;1659.76,3362.13;680.47,4101.64;690.18,3922.37;920.25,4021.72;1510.36,3961.96;1839.78,4162.15;2110.19,3661.67;2140.07,3791.65;1590.29,3191.82"
Triple P Kabacan_800_3.png,8192,4283,green-800,"974.39,2060.79;991.68,2328.72;687.45,1375.42;679.67,1296.77;1573.40,4041.70"
Triple P Kabacan_800_3.png,8192,4283,green-800,"959.90,1236.60;1805.50,3299.50;707.36,1614.19;72.42,1255.64;154.59,1285.52;3635.53,3892.49;3598.18,3660.92;3232.16,3974.66;3023.00,4243.57;2821.32,4176.34;871.69,1845.76;1028.56,1763.59;2162.30,3509.90"
Triple P Kabacan_800_3.png,8192,4283,Coconut-800,"444.15,811.94;365.39,858.01;668.67,795.18;380.56,600.90;239.22,579.62;161.89,542.59;93.45,486.45;82.22,582.97;68.82,650.24;297.62,711.90;223.56,756.81;293.09,803.89;365.98,769.12;377.21,678.31;453.45,551.55;598.13,645.72"
Triple P Kabacan_800_3.png,8192,4283,Coconut-800,"3050.85,2238.71;2971.27,2283.75;2902.20,2237.21;2755.06,2229.70;2828.63,2196.67;2896.20,2157.63;2966.77,2127.60;3118.41,2294.26;3103.40,2468.43;3346.64,2262.73;3346.64,2171.14;3408.20,2400.86;3481.77,2357.32;3553.84,2499.96;3265.56,2301.77;3199.49,2261.23;3201.00,2180.15;3271.56,2216.18;3121.42,2217.69;3052.35,2171.14;3130.43,2126.10;3201.00,2090.06;3062.86,2078.05;3128.93,2042.02;3274.57,2048.02;3418.71,2133.60;3496.78,2174.14;3501.29,2094.57;3582.37,2141.11;3586.87,2057.03;3349.64,2014.99;3432.22,1959.43;3513.30,2011.99;3592.88,1963.94;3657.44,2016.49;3729.51,2057.03;3725.01,2160.63;2672.78,2352.52;2605.51,2312.13;2679.54,2273.99;2597.71,2382.85;2742.30,2406.42;2893.80,2501.76;2970.07,2461.37;2891.54,2326.69;2823.08,2368.28;2822.03,2283.00;2743.50,2309.88;2816.32,2456.87;2737.79,2495.01;2671.73,2536.45;2511.22,2517.38;2585.39,2472.48;2587.50,2560.02;2664.97,2613.92;2734.49,2567.83;2806.26,2628.49;2885.84,2569.03;2962.11,2534.20;3030.58,2506.27;3032.83,2589.15;3110.16,2556.72;3183.13,2520.83;3255.95,2471.43;3180.88,2436.60;3121.42,2386.15;3186.43,2335.70;2829.83,2112.58;2752.51,2148.47;2684.04,2189.91;2615.57,2147.27;2621.28,2223.54;2538.25,2251.62;2450.71,2301.02;2384.50,2252.67;2381.20,2343.51;2446.21,2387.35;2374.44,2418.73;2443.96,2478.19;2365.43,2516.33;2367.68,2597.11;2445.16,2549.96;2519.18,2599.36;2435.10,2635.24;2661.52,2437.80;2975.63,2214.53;2964.36,2366.03;2897.10,2416.48;3259.40,2554.46;3173.07,2598.16;3334.48,2605.97;3281.77,2133.90"
Triple P Kabacan_800_3.png,8192,4283,Coconut-800,"3045.40,2342.16;3028.64,2411.70;3262.39,2377.35;3337.79,2454.42;3414.03,2484.58;3329.41,2518.93;3578.40,2233.41;3419.22,2226.71;3414.19,2316.35;3488.76,2254.36;3647.94,2286.19;3565.83,2409.35;3557.46,2317.95;3631.60,2372.57;3711.69,2321.30;3478.54,2528.06;3409.00,2570.79;3349.35,2357.16;2951.06,2814.76;2720.00,2828.16;2651.64,2864.10;2580.93,2816.93;2592.16,2737.34;2807.47,2801.27;2890.49,2654.32;2870.30,2846.09;2723.35,2915.71;2650.47,2953.83;3021.69,2858.49;3086.79,2901.05;2946.79,2898.62;2864.94,2938.50;2787.53,2980.47;2856.31,3021.02;2783.17,3052.86;2931.54,2990.61;3009.79,3041.29;3074.22,2996.39;2995.30,2948.63;3152.39,3040.54;3171.24,2874.74;3094.49,2811.74;3025.71,2766.16;3175.59,2783.51;2651.39,2797.25;2574.65,2914.62;2579.67,3002.92;2632.54,3054.36;2424.60,2824.81;2515.33,2849.86;2432.14,2902.39;2356.99,2852.96;2415.88,2973.10;2341.99,2931.21;2281.34,2826.65;2502.18,2947.46;2514.07,2764.74;2351.37,2774.12;2216.24,2846.68;2205.60,2935.57;2274.38,2902.39;2275.64,2974.35;2210.63,3012.56;2226.04,2591.40;2300.60,2555.54;2306.47,2463.47;2228.89,2501.26;2148.80,2553.95;2230.06,2403.32;2525.97,2426.69;2219.76,2333.19;2307.98,2300.77;2166.47,2291.72;2021.20,2382.54;2009.47,2455.18;2070.21,2670.40;2287.12,2727.63;2293.65,2641.58;2367.21,2692.44;2424.51,2729.22;2504.52,2700.31;2772.87,1981.41;2850.78,1940.35;2782.08,1894.28;2789.04,1810.83;2840.81,1856.49;2918.73,1908.18;2711.54,1768.02;2849.44,1773.38;2479.81,1974.12;2402.98,1916.23;2327.92,1955.69;2854.22,2032.34;2915.63,2002.10;2986.67,1952.00;2990.52,2041.39;3069.36,2001.76;2737.01,2741.03;2742.62,2660.69;2659.93,2685.40;2590.73,2644.27;2812.33,2543.73;2804.87,2715.06;2632.20,3224.52;2702.41,3183.30;2687.75,3276.88;2562.75,3181.54;2487.01,3217.48;2542.14,3259.04;2623.74,3301.60;2770.69,3148.62;2843.41,3199.89;2709.61,3096.84;2921.66,3241.44;2774.96,3414.03;2852.54,3394.00;2863.35,3110.08;2994.88,3105.89;2939.59,3078.24;3085.36,3085.78;3144.01,3129.35;3146.52,3204.75;3066.93,3169.56;3064.42,3324.55;2998.23,3280.15;2844.08,3275.96;2778.73,3235.75;2475.45,3296.90;2404.24,3334.60;2400.89,3250.83;2473.78,3126.83;2641.33,3133.54;2568.45,3090.81;2485.50,3039.70;2419.32,3084.11;2415.38,3166.63;2338.89,3203.16;2269.77,3148.03;2335.12,3282.24;2265.25,3246.13;2187.00,3234.91;2118.30,3158.25;2193.28,3099.94;2608.91,3547.91;2549.51,3436.90;2697.55,3439.16;2629.10,3403.30;2617.88,3479.54;2488.94,3554.69;2538.29,3537.85;2438.92,3517.91;2375.84,3837.95;2510.47,3850.01;2591.99,3739.59;2527.14,3681.20;2671.16,3687.65;2617.96,3609.82;2690.60,3603.37;2809.98,3691.59;2798.34,3782.40;2663.37,3856.38;2799.68,3945.94;2586.79,3910.92;2581.60,3830.41;2723.10,3922.57;2804.79,3871.96"
Triple P Kabacan_800_3.png,8192,4283,green-800,"855.19,3071.33;492.15,3226.79"
Triple P Kabacan_800_3.png,8192,4283,green-800,"868.50,2405.10"
Triple P Kabacan_800_3.png,8192,4283,Coconut-800,"2953.28,2720.99;3035.03,2667.79;3109.00,2722.29;3180.37,2687.25;3101.21,2635.34;3317.93,2700.23;3253.04,2750.84;3389.30,2842.97;3471.05,2885.80;3304.95,2890.99;3246.55,2849.46;3232.28,2922.13;3469.76,2813.13;3389.30,2740.46;3407.47,2667.79;3548.92,2579.54;3464.57,2627.56;3542.43,2684.66;3618.99,2650.92;3542.43,2854.65;3229.68,3008.95;3320.52,2975.21;3305.86,3047.10;3383.33,3013.36;3374.38,3099.79;3293.53,3135.60;3217.36,3090.83;3225.14,3167.01;2469.37,2137.55;2394.36,2097.58;2554.50,2090.70;2616.53,2063.71;2692.18,2105.11;2757.98,2067.48;2702.17,2023.10;2548.27,2009.99;2623.41,1970.54;2695.30,1947.31;2390.60,2175.83;2251.62,2082.14;2326.88,2040.61;2176.35,2025.04;2104.98,1992.60;2025.82,2022.45;2102.38,2065.27;2103.68,2152.22;2165.97,2119.77;2027.12,2126.26;2014.14,2191.15;2082.92,2243.05;2268.49,1827.79;2332.07,1795.35;2403.45,1834.28;2474.82,1797.95;2492.99,1711.00;2260.70,1748.63;2335.97,1701.92;2111.47,1808.33;2038.80,1856.34;2108.87,1897.87;2027.12,1941.99;2059.56,1771.99;2193.22,1781.08;2111.47,1730.47;2182.84,1691.54;2403.45,2004.28;2463.14,2047.10;2624.05,1886.19;2552.68,1851.15;2634.44,1797.95;2324.16,2126.26;2158.18,2217.10;2314.30,2203.86;2455.48,2214.50;2132.10,2797.43;2212.56,2776.14;2135.99,2714.11;2069.03,2759.66;2058.39,2840.12;2209.57,2683.10;2141.70,2641.44;2067.09,2590.96;2122.24,2966.64;2113.41,3053.85;2060.21,2932.77;1992.34,2885.28;2128.99,2901.63"
Triple P Kabacan_800_3.png,8192,4283,Coconut-800,"2081.07,2328.80;2155.77,2372.23;2086.28,2412.18;2081.59,2506.52;2154.38,2469.69;1991.08,2544.21;2936.83,1643.28;2866.12,1604.02;2799.94,1555.72;2943.43,1559.20;3023.17,1524.28;2799.94,1467.12;2722.63,1500.83;2649.66,1548.95;2574.44,1505.34;2640.63,1630.95;2565.58,1581.61;2568.88,1667.95;2631.77,1712.77;2498.18,1619.65;2417.40,1665.69;2508.25,1453.75;2576.70,1427.86;2666.52,1370.71;2734.96,1340.48;2721.41,1409.97;2798.89,1392.08;2872.90,1429.08;2497.13,1540.09;2420.87,1573.62;2353.47,1620.87;2356.94,1530.01;2434.25,1489.54;2350.16,1451.49;2431.99,1402.15;2584.52,1323.63;2881.76,1344.82;3020.91,1344.82;2949.16,1389.82;3082.59,1477.20;1951.40,527.00;3007.36,1604.02;3075.81,1644.32;3152.07,1697.14;3077.03,1741.96;3004.06,1777.74;2999.54,1699.39;2935.61,1739.70;2927.80,1815.96;2989.47,1863.04;2857.09,1695.92;2780.83,1730.66;2877.24,1510.90;3165.63,1617.40;3227.30,1662.22;3155.55,1785.73;3067.99,1820.48;3210.45,1821.52;3304.60,1697.14;3309.12,1622.96;3235.11,1745.26;3295.74,1776.70;3171.18,1537.83;3237.37,1490.75;3314.68,1531.06;3320.41,1443.67;3247.45,1409.97;3327.01,1366.19;3098.22,1397.64;3179.00,1351.60;3018.65,1443.67;2956.98,1485.02;3092.66,1317.90;2651.40,1466.43;2786.73,1640.33;3459.22,1787.82;3383.82,1738.66;3387.82,1667.25;3394.25,1580.22;3400.67,1501.17;3403.28,1407.71;3464.26,1453.05;3531.84,1501.17;3542.26,1581.61;3531.84,1668.47;3517.59,1750.30;3601.85,1728.23;3591.42,1794.42;3512.38,1842.37;3435.77,1882.67;3666.82,1848.80;3675.85,1761.93;3690.10,1682.72;3610.88,1639.98;3617.48,1550.34;3683.67,1595.85;3747.25,1637.37;3757.68,1736.05;3821.26,1699.57;3901.69,1659.44;3825.08,1602.28;3686.28,1511.42;3605.84,1459.48;3540.87,1411.53;3403.28,1331.10;3479.89,1290.79;3542.26,1327.28;3618.70,1294.79;3695.31,1336.31;3699.13,1424.56;3766.71,1462.09;3830.29,1529.67;3835.51,1444.02;3841.93,1355.77;3764.10,1314.25;3773.14,1394.68;3910.73,1572.40;3915.94,1481.54;3915.94,1394.68;3923.76,1316.85;3847.14,1262.30;3708.34,1267.52;3465.82,1621.04;3454.88,1708.60;3466.52,1544.26;3373.40,1837.85;3296.79,1880.76;3151.38,1872.94;3229.56,1917.07;3217.92,1998.89;3149.12,1959.98;3591.60,1878.16;3504.73,1915.85;3428.12,2045.63;3652.75,2102.78;3740.13,1972.49;3748.64,1899.70;3756.11,1813.36;1190.03,923.89;1121.24,891.58;1286.10,905.82;1289.93,813.57;1494.92,798.46;1433.60,822.26;1360.98,854.75;1367.23,775.36;1421.61,906.69;1350.90,937.96;1499.96,953.08;1578.13,921.80;1581.26,834.77;1658.92,880.98;1645.71,804.71;1716.42,827.82;1657.01,973.05;1324.84,1100.91;1433.07,1048.97;1421.09,989.90;1345.87,1009.36;1199.94,1031.08;1261.09,978.09;1267.52,1064.61;1125.76,1061.31;1116.03,982.43;1210.71,859.61;1183.61,1110.64;1566.67,1068.25;1568.58,990.60;1494.75,1031.42;1485.89,1105.78;1567.88,1149.04;1641.72,1120.20;1651.10,1045.67;1721.28,1086.50;1705.65,1163.63;1545.13,1255.53;1471.64,1198.03;1411.36,1147.47;1392.25,1216.79;1318.76,1196.12;1774.10,1304.69;1713.99,1250.32;1784.69,1216.44;1792.51,1154.42;1859.39,1108.91;1928.19,1161.20;1803.11,1066.17;1790.60,966.28;1874.86,1012.84;1943.65,979.83;2086.28,993.55;2018.35,1027.43;2076.55,1075.90;2007.75,1111.69;2155.94,1043.93;2161.85,967.32;2155.07,1129.23;2071.68,1166.06;1993.16,1196.98;1936.01,1235.72;1838.03,1329.88;1927.15,1378.35;1922.46,1317.20;1993.16,1365.67;1995.07,1299.83;2079.50,1245.45;2137.53,1293.92;2134.75,1386.00;2066.82,1331.79;2152.12,1214.53;1952.51,1067.21;1631.64,1216.44;823.80,779.30;904.40,748.40;2202.15,1517.16;2124.15,1556.77;2078.29,1495.96;2204.06,1435.68;2282.06,1474.94"
Triple P Kabacan_800_3.png,8192,4283,Coconut-800,"893.45,914.23;967.18,884.91;1036.71,851.40;1035.04,944.39;962.99,980.42;823.08,868.99;898.48,837.15;979.75,710.65;975.56,788.56;1040.90,755.89;1048.44,685.51;1278.00,732.43;1365.13,710.65;1428.80,739.97;979.75,629.38;839.83,622.68;826.43,702.27;907.70,661.22;756.89,745.83;755.22,897.47;530.44,859.27;588.33,896.89;754.13,819.39;603.58,741.90;530.44,691.96;535.47,606.51;665.83,704.28;139.78,708.97;68.06,733.18;247.43,501.53;317.22,457.89;302.64,564.54;455.46,649.24;445.32,723.80;687.19,596.37;744.33,662.98;661.30,863.96;650.41,944.39;715.76,970.36"
Triple P Kabacan_800_3.png,8192,4283,Coconut-800,"2876.45,1239.81;2821.95,1211.26;2745.39,1245.00;2655.85,1204.77;2658.44,1274.85;2596.15,1238.51;2520.89,1194.39;2446.92,1229.43;2367.76,1264.47;2375.55,1168.44;2444.32,1145.08;2601.34,1063.33;2514.40,1108.74;2456.00,1056.84;2527.38,1021.80;2677.91,1111.34;2733.71,1159.35;2964.70,1132.10;2890.73,1171.03;3043.86,1102.26;3036.07,1164.55;3033.47,1251.49;3261.22,1235.01;3273.81,1147.93;3117.05,1060.73;2979.62,1049.05;3118.73,1145.47;2897.61,1095.12;2895.01,1011.42;3039.96,1016.35;2679.72,1033.09;2211.00,1341.42;2289.25,1318.32;2211.00,1264.73;2301.58,1219.05;2226.96,1169.87;2300.02,1128.60;2232.80,1082.92;2376.07,1109.00;1950.29,803.79;1807.81,807.16;1884.50,693.23;1954.71,646.12;2040.87,670.78;2192.96,605.63;2174.92,762.00;2241.50,809.76;2326.23,780.82;2236.43,743.84;2091.61,712.04;2033.74,776.54;1955.49,729.43;1901.89,598.36;1814.95,628.73;1830.91,545.55;2208.80,244.90;2103.94,542.56;2036.59,586.04;2264.72,571.50;2343.62,620.81;2326.23,688.16;2251.62,641.84;2182.84,692.45;2110.43,648.33;2095.90,813.39;2020.63,863.35;1876.59,774.98;1867.89,845.31;1934.98,911.50;2097.97,887.62;2161.69,865.17;2315.85,882.95;2230.47,909.03;2242.92,1000.78;2297.43,1055.28;2383.72,1009.21;2389.82,917.98;2388.91,840.90"
Triple P Kabacan_800_3.png,8192,4283,Coconut-800,"2119.19,469.38;2048.62,424.34;1970.55,466.38;1896.97,427.34;1981.06,388.30;1908.99,344.76;1978.05,205.12;2057.63,85.01"
Triple P Kabacan_800_3.png,8192,4283,Coconut-800,"2129.36,378.74;2058.13,340.52;2195.38,344.00;2271.81,387.43;2271.81,314.47;2336.09,344.00;2280.50,224.13;2358.68,264.09;2216.22,173.75;2136.31,123.37;2065.08,170.27;1927.84,83.41;1917.24,163.33;1842.02,113.81;2223.35,85.84;2364.76,89.15;2288.49,136.40;2126.93,293.27;1988.99,291.19;2341.13,442.50;2264.87,464.91;2198.68,515.46;2052.05,501.74;1912.38,253.14;2342.35,526.41"
Triple P Kabacan_800_3.png,8192,4283,Coconut-800,"2059.43,247.86;2130.80,224.50;2595.51,1148.06;2458.73,974.17"
Amrita_800_2.png,8192,4283,coconut-800,"5377.78,2682.39;5351.96,2611.37;5952.37,3399.01;6004.01,3031.02;5920.09,2901.90;5481.08,2301.49;5009.79,2501.62;3286.03,4096.26;5707.04,4005.88;6158.96,3754.09;5235.75,2282.12;5293.85,2243.38;5326.13,2159.45;5545.64,2127.17;5435.88,2178.82;5874.89,2069.07;5829.70,2140.09;5707.00,2082.00"
Amrita_800_2.png,8192,4283,coconut-800,"5190.55,2372.50;5132.45,2417.69;5242.20,2333.77;5080.80,2449.97;4893.58,2579.09;4938.77,2527.45;4919.40,2469.34;4854.84,2508.08;4609.51,2663.02;4803.19,2701.76;4706.35,2695.30;6152.50,3018.10;6113.77,2960.00;6417.20,3450.66;6262.26,3612.06;6223.52,3553.95;5836.16,4206.01;5739.32,4180.19;6591.51,4193.10;6539.86,3967.14;6481.76,3411.92;6443.02,3353.82;6075.03,2546.81;5939.45,2462.89;5900.72,2398.33;6087.94,3192.42;5823.25,4018.79;6417.20,4051.07;5190.56,3050.38;5945.91,3960.68;5913.63,3902.58;6055.66,3411.92;5849.07,2921.26;6326.82,2566.18;6268.71,2604.92;6494.67,3147.22;6526.95,3211.78"
Amrita_800_2.png,8192,4283,coconut-800,"5907.17,3308.62;5861.98,3353.82;6204.15,3231.15;6023.38,3502.31;6055.66,3560.41;6191.24,3347.36;6152.50,3269.89;6236.43,3308.63;6229.98,3114.94;6126.68,3089.12;6068.57,2992.28;5790.97,3127.86;6307.45,3838.02;6449.48,3928.40;6300.99,3095.58;6365.55,3063.30;6378.46,2779.23;6514.04,2727.58;6546.32,2617.83;6610.88,2740.50;6656.07,2817.97;6630.25,3082.66;6597.97,3011.65;6643.16,3244.06;6565.69,3282.80;6404.29,3289.26;6501.13,3315.08;5816.79,3450.66;6313.90,4018.79;6565.69,3876.76;6591.51,3773.46;6649.62,4018.79;6494.67,2404.78;5054.98,3295.71;5442.34,3663.71;5306.76,3579.78;5371.32,3541.04;5861.98,4096.26;6481.76,4180.19;6417.20,4218.92;6514.04,4083.35;6559.23,3553.95;6514.04,3470.03;6578.60,3437.75;6597.97,3340.91;6559.23,3114.94;6675.44,2708.22;6662.53,2553.27;3118.17,1578.41;3098.80,1513.85;2943.86,1475.11;2950.32,3405.47;5126.00,3256.98;5971.73,3857.39;5965.28,3721.81;6372.01,3973.60;6275.17,3353.82;6307.45,3405.47;6242.89,2850.25;6520.50,2882.53;6572.14,2792.14;6488.22,2817.97;6468.85,2656.57;6585.06,2417.69"
Amrita_800_2.png,8192,4283,non-green-800,"309.80,3449.37;51.56,3572.03;1355.70,3391.30;3305.40,925.06;4105.94,1648.14;4557.50,1666.40;4107.10,1393.90;6507.58,285.92;6300.99,621.63;2989.05,828.22;1904.44,3462.28;2020.65,3494.56;1923.81,3778.62;180.68,4043.32;1258.84,1021.90;6205.44,342.73;7281.02,835.32"
Amrita_800_2.png,8192,4283,non-green-800,"4345.01,3778.80;4374.89,3943.14;4427.18,4100.00;1551.30,4226.99;1357.09,4241.93;7452.46,3308.20;7056.56,3360.49;7198.48,3375.43;7078.97,3562.18;7205.95,3554.71;7527.15,3240.97;5876.33,880.51"
Amrita_800_2.png,8192,4283,non-green-800,"4150.80,1939.73;4210.56,1992.02"
Amrita_800_2.png,8192,4283,non-green-800,"1493.19,3237.61;1167.20,3396.70;1777.26,3198.87;1157.48,3586.23;1254.32,3573.32;1486.74,3560.41;1602.94,3560.41;1854.73,2276.31;1636.52,2301.49;1832.78,2061.32;1621.02,2083.27;1626.83,2546.81;1885.07,2525.51;1301.45,2355.07;1184.59,2358.94;1284.66,2233.70;4043.97,853.40;4630.17,868.25"
Amrita_800_2.png,8192,4283,non-green-800,"1557.34,2830.43;96.70,652.40;1696.80,3369.60"
Amrita_800_2.png,8192,4283,non-green-800,"4651.47,566.01;6846.74,911.72;7218.38,1827.86;7469.03,1810.58;7106.03,2182.22;7641.88,2164.93;7114.67,2545.22;7607.31,2493.36;7278.88,2986.00;7564.10,2972.00"
Amrita_800_2.png,8192,4283,non-green-800,"7124.08,3216.56;7349.80,3433.30"
Amrita_800_2.png,8192,4283,non-green-800,"876.29,3147.62;1529.70,3366.80;4437.13,4236.61;3918.56,960.99;3918.56,822.70;6295.33,226.35;7427.54,88.06;7678.18,1064.70;141.65,3242.69;314.51,1928.98"
Amrita_800_2.png,8192,4283,non-green-800,"271.29,615.28;176.22,433.78;7721.40,3752.62;7367.04,4150.19;4091.41,3467.40;4869.27,269.56;4203.77,727.63;7738.68,3138.98;7505.33,1436.34;7609.04,1401.77;7462.11,1254.84;4566.77,3700.76"
Amrita_800_2.png,8192,4283,green-800,"1354.10,2939.19;3019.87,4074.60;3483.00,3686.17;4790.21,2939.19;3221.55,705.72;2213.13,750.54;2250.48,899.93;2773.36,1124.03;2900.35,205.24;2885.41,481.62;2078.67,1280.89;1959.15,1669.32;2437.22,2901.84;1862.04,2886.90;487.60,3775.81;368.08,4149.30;465.19,3462.08;1122.53,3200.64;778.92,2842.09;1167.35,1998.00;1331.69,2005.47;1473.61,2020.41;256.03,1138.97;4536.24,167.89;4349.49,175.36;5044.19,4209.06;7068.51,2939.19;5798.64,362.11;5223.46,2005.47;5484.91,1781.37;5021.78,1445.23;5156.23,3491.96;6844.41,3790.75;6859.35,1818.72;7240.31,2319.20;8039.58,2005.47;7912.60,1669.32;7912.60,1041.86;7920.07,2774.86;5298.16,4029.79;4065.64,3723.52;3094.56,3947.62;2011.44,3088.59;368.08,2319.20;427.84,2453.65;226.15,3051.24;218.69,2117.51;383.02,3648.83;390.49,3805.69;241.09,3581.60;614.59,3282.80;741.57,3656.30;778.92,3992.44;928.32,2177.27;1055.30,2505.94;1204.70,2685.22;861.09,2438.71;614.59,1430.29;3199.14,1116.56;3811.67,4014.85;3677.21,3618.95;5664.18,2281.85;5492.38,2408.84;5776.23,2251.97;6373.81,1758.96;4312.15,3626.42;4603.47,3865.45;457.72,1684.26;211.22,2386.43;719.16,3215.58;1167.35,3962.56;2459.63,3887.86;2564.21,3678.70;2384.93,1915.83;2325.17,1699.20;2033.85,2042.81;1862.04,1930.77;2071.20,884.99;1645.42,750.54;6022.73,2154.86;4827.56,3215.58;6904.17,3984.97;8017.17,3013.89;8024.64,601.14;7942.48,1915.83;5223.46,1527.40;4827.56,653.43"
Amrita_800_2.png,8192,4283,green-800,"2765.89,2154.86;2482.04,1773.90;741.57,1198.73;114.11,1385.47;2810.71,698.25;4947.08,2296.79;5537.20,1975.59;6263.60,1844.90;4244.92,2304.26;4353.20,2302.50;6963.93,765.48;7627.00,297.50;7800.55,78.25"
Amrita_800_2.png,8192,4283,green-800,"2434.00,71.00;2294.00,131.00;2314.00,1161.00"
Amrita_800_2.png,8192,4283,coconut-800,"2868.98,3725.02;2845.07,3586.08;2970.57,3483.00"
Amrita_800_2.png,8192,4283,coconut-800,"3023.92,2313.75;3030.37,2397.68;3049.74,1990.95;3088.47,1842.46;2998.10,1765.00"
Amrita_800_2.png,8192,4283,coconut-800,"2739.85,3527.48;3101.39,3734.08;3288.61,3611.41;3404.82,3430.64;3353.17,3314.44;3230.51,3101.39;3353.17,2991.63;3243.42,2339.58;3236.96,2268.56;3320.89,2229.82;3275.70,2475.15;3295.07,2694.66;3275.70,2623.64;3301.52,2765.67;3230.51,2720.48;3236.96,2791.50;3127.21,2513.89;2791.50,2442.87;2785.04,2365.40;2778.59,2300.84;2804.41,3217.60;2817.32,3282.16;2868.97,3417.73;2843.15,3353.17;2881.88,3482.29;2817.32,3514.57;2804.41,3443.56;2785.04,3372.54;2759.22,3295.07;3107.84,3443.56;3088.47,3372.54;3107.84,3211.14;3056.19,3017.46;3172.40,2817.32;3159.49,2752.76;2939.99,2339.58;2959.35,2410.59;2791.50,1900.57;2810.87,1965.13;2726.94,1926.39;2649.47,1939.30;2623.64,1784.36;2739.85,1590.68;2572.00,1558.40"
Amrita_800_2.png,8192,4283,coconut-800,"2655.92,2946.44;3062.65,2701.11;3172.40,3353.17;3740.53,3275.70;3579.13,2397.68;3462.92,3107.84;3695.34,3359.63;3643.69,3398.36;3514.57,3249.88;3585.59,3230.51;3611.41,2475.15;3404.82,2378.31;3398.36,2294.38;3353.17,2442.87;3340.26,2391.22;3320.89,2320.21;3256.33,2410.59;3191.77,2423.50;3204.68,2494.52;3127.21,2591.36;2978.72,2643.01;3056.19,2623.64;2914.16,2720.48;2920.62,2785.04;3398.36,2597.82;3181.70,1500.30"
Amrita_800_2.png,8192,4283,coconut-800,"2627.51,2397.04;2633.97,2474.51;2640.43,2539.07;3144.00,1744.98;3156.91,1880.55;3144.00,1822.45;3415.15,2132.34;2853.48,2351.84;3583.01,3003.90;3673.39,3042.64;3499.08,2952.25;3447.43,3029.73;3369.96,3049.09;3389.33,3275.05;3189.19,3255.69;3060.07,3597.85;3215.01,3630.14;2930.95,3714.06;2918.04,3636.59;2853.48,3662.42"
Amrita_800_2.png,8192,4283,coconut-800,"3549.06,2553.62;3214.27,1727.81;3231.01,1800.35;3286.81,1711.07;3359.35,1699.91;2712.09,1459.98;2427.52,1588.31;2349.40,1588.31;3007.82,2252.31;3498.84,2112.82;3454.20,2207.67;3359.35,2676.38;3560.22,2620.58;3632.76,2910.73;3593.70,2760.07;3621.60,2849.35;3883.85,2921.89;3800.15,2938.63;3811.31,3011.17;3755.51,3027.91;3844.79,2782.39;3956.39,2955.37;3632.76,3133.92;3565.80,3161.82;3537.90,3089.28;3074.78,3658.42;2996.66,3686.32;2940.86,3781.18;2712.09,3758.86;2862.74,2821.45;3437.46,1672.01;3437.46,1733.39;3214.27,2190.93;3069.20,2235.57;2740.00,1984.50;2594.91,2079.34"
Amrita_800_2.png,8192,4283,green-800,"4291.20,2375.10"
Amrita_800_2.png,8192,4283,coconut-800,"2979.92,2073.76;2968.76,2012.38;2885.06,1956.58;2734.41,2051.44;3275.65,4026.69;3035.72,3451.97;2985.50,3318.06;3041.30,3234.36;3030.14,3172.98;3242.17,3401.75;3236.59,3334.80;3258.91,3167.40;3275.65,3239.94;3342.61,3223.20"
Amrita_800_2.png,8192,4283,coconut-800,"3426.30,3206.46;3392.80,3122.80"
Amrita_800_2.png,8192,4283,coconut-800,"3476.52,3429.65;3532.32,3318.06;3454.20,3357.11;2952.00,1944.50"
Amrita_800_2.png,8192,4283,coconut-800,"3553.52,2256.22;3620.48,2239.48;3626.06,2535.21;2772.35,1770.77;3302.43,1781.93;3241.05,1865.63;3587.00,2111.14;3570.26,2033.02;3609.32,1860.05;3536.78,2484.99;3330.33,1915.85;3068.08,1380.19;3162.94,1424.82;4463.03,2825.36;4479.77,2897.90;4418.40,2769.56;4730.87,2574.27;4825.72,2607.75;4792.24,2546.37;4524.41,2786.30;4580.21,2747.24;6003.06,3338.70;5997.48,3444.72;5857.99,3779.51;5891.47,3835.31;5857.99,3930.16;5813.40,3857.60"
Amrita_800_2.png,8192,4283,coconut-800,"5629.22,3550.73;5791.03,3388.92;6209.52,2803.04;6343.43,2925.79;6321.11,2992.75;5205.15,2775.14;5506.46,3472.62;6131.40,3533.99;6282.06,3528.42;6293.21,3277.32;6449.45,2925.79;6243.00,2691.44;6298.80,2663.50"
Amrita_800_2.png,8192,4283,coconut-800,"5355.80,3204.79;5233.05,3115.51;5221.89,3294.06;5506.46,3612.11;5551.10,4019.44;5891.47,3427.98;6120.24,3846.46;5679.43,3946.90;5545.52,3098.77;5601.32,2903.48;5567.84,2842.10;5640.38,2964.85;5662.70,2870.00;5629.22,2808.62;5696.40,2931.20;5729.65,2981.59"
Amrita_800_2.png,8192,4283,coconut-800,"5765.14,4083.35;6559.23,2940.63;6591.51,2843.79;6449.48,2495.17;6430.11,2592.01;5874.89,3250.52;6217.06,4160.82;6068.57,3728.27;5513.36,4109.17;5545.64,3276.35;5648.93,3140.77;5739.32,3179.50"
Amrita_800_2.png,8192,4283,non-green-800,"1302.10,3807.00;1507.18,3782.42;1449.74,4209.08;7267.07,4102.41;7283.48,4209.08;7086.56,3298.32;7185.02,3306.53;7562.40,3126.00;7447.58,3052.17;7578.86,3043.97;1359.50,3766.00"
Triple P Kabacan_800_4.png,8192,4283,non-green-800,"2007.26,881.68;2104.79,906.06;2112.91,735.39;2056.03,743.52;2104.79,580.98;2259.20,654.12;2039.77,629.74;2226.69,515.96;2104.79,394.06;2007.26,475.33;2007.26,329.04;2226.69,345.30;2381.10,377.80;2372.98,532.22;2389.23,719.14;2364.85,889.80;2218.57,784.15;2210.44,914.18;2031.64,987.33;2186.06,637.87;2145.42,459.07"
Triple P Kabacan_800_4.png,8192,4283,non-green-800,"918.30,338.50;2779.33,3238.50"
Triple P Kabacan_800_4.png,8192,4283,non-green-800,"6774.40,1444.00"
Triple P Kabacan_800_4.png,8192,4283,non-green-800,"6705.00,140.00;6675.00,300.00;6645.00,450.00;6615.00,640.00;6575.00,840.00;6545.00,990.00;6525.00,1140.00;6485.00,1240.00;6455.00,1350.00;7255.00,1010.00;7175.00,1000.00;8105.00,370.00;8020.30,84.70;7865.00,1590.00"
Triple P Kabacan_800_4.png,8192,4283,Coconut-800,"231.07,2274.87;312.89,2216.22;239.75,2172.05;313.61,2123.54;389.64,2170.60;468.57,2137.29;451.19,2212.60;399.05,2258.94;551.11,2093.12;548.22,2180.74;401.95,2081.54;313.61,2045.34;244.82,2093.85;160.11,2127.16;168.79,2040.27;244.82,2007.68;395.43,2011.30;474.36,2032.30;554.01,2002.61;628.59,2128.61;632.21,2218.39;706.07,2092.40;633.66,2043.89;720.55,1993.20;102.30,1642.60;696.00,2171.98;85.02,2258.29;307.17,2313.68;95.40,2084.40"
Triple P Kabacan_800_4.png,8192,4283,Coconut-800,"90.00,1997.56;170.76,1956.07;88.88,1904.47;173.00,1865.22;243.66,1911.20;324.41,1868.58;317.68,1952.70;404.04,1919.05;396.19,1834.94;469.09,1884.29;247.02,1818.11;179.73,1786.71;103.46,1725.02;105.71,1816.99;560.10,1740.10;473.50,1782.70"
Triple P Kabacan_800_4.png,8192,4283,Coconut-800,"560.70,1644.90;247.90,1742.80;283.30,1201.00;184.14,1597.45;178.95,1686.99;252.92,1650.66;330.78,1696.08;324.29,1602.64;416.43,1657.15;476.12,1696.08;398.26,1737.60;267.19,1559.82;190.63,1506.62;108.60,1371.90"
Triple P Kabacan_800_4.png,8192,4283,Coconut-800,"272.84,1359.90;338.90,1400.44;274.34,1459.00;194.76,1412.45;349.41,1508.54;421.48,1457.49;421.48,1550.59;499.56,1508.54;499.56,1418.46;431.99,1371.91;356.92,1322.36;507.07,1328.37;576.14,1377.92;574.63,1465.00;652.71,1431.97;648.21,1600.13;652.71,1505.54;356.92,1239.78;263.83,1280.32;203.77,1323.86;426.00,1295.30;208.28,1157.20"
Triple P Kabacan_800_4.png,8192,4283,Coconut-800,"555.77,1915.48;633.32,1867.01;556.74,1833.08;628.47,1960.07"
Triple P Kabacan_800_4.png,8192,4283,Coconut-800,"114.51,1463.30;111.03,1548.43;119.72,1289.58;124.93,1197.51;53.88,1064.95;124.24,1109.95;56.31,1145.04;53.18,1233.64;45.71,1409.27;42.59,1320.15"
Triple P Kabacan_800_4.png,8192,4283,Coconut-800,"488.38,1598.96;625.33,1687.68;323.18,1779.08;563.98,1547.14"
Triple P Kabacan_800_4.png,8192,4283,Coconut-800,"206.13,1062.94;276.50,1105.66;129.05,1021.89;355.26,1160.96"
Triple P Kabacan_800_4.png,8192,4283,Coconut-800,"192.51,1248.36"
Triple P Kabacan_800_4.png,8192,4283,Coconut-800,"90.39,2167.51"
Triple P Kabacan_800_4.png,8192,4283,green-800,"6110.00,505.00;6350.00,235.00;7290.00,4105.00;7260.00,3955.00;7230.00,3805.00;7190.00,3675.00;7130.00,3555.00;7010.00,3435.00"
Triple P Kabacan_800_4.png,8192,4283,green-800,"7110.00,1395.00;7310.00,2155.00;7530.00,1865.00;7460.00,1495.00;7110.00,1675.00;7030.00,2865.00;7410.00,2975.00;7290.00,2705.00;7110.00,3135.00;7380.00,3295.00;7880.00,2575.00;8110.00,2505.00;8000.00,2235.00;8100.00,1775.00;8110.00,1555.00;7610.00,4125.00;7740.00,4185.00;6020.00,3475.00;6180.00,3555.00;5990.00,3695.00;6390.00,3725.00;6380.00,3505.00;5620.00,3655.00;5600.00,3475.00;3040.00,1355.00;4026.10,816.50;5940.00,2805.00;5940.00,2105.00;5630.00,1775.00;5510.00,2025.00;5390.00,2185.00;6680.00,2455.00;6880.00,1605.00;6290.00,4085.00;6250.00,3375.00;2633.10,388.80;4980.00,305.00"
Triple P Kabacan_800_4.png,8192,4283,green-800,"6171.00,106.00;6001.00,806.00"
Triple P Kabacan_800_4.png,8192,4283,green-800,"1417.00,2063.00;1167.00,1923.00;2287.00,1643.00;1867.00,2443.00;1487.00,2753.00;1747.00,2913.00;1217.00,3053.00;2067.00,3983.00;2590.00,1726.00;3920.00,1897.00;4300.00,3127.00;4030.00,3297.00"
Triple P Kabacan_800_4.png,8192,4283,green-800,"4190.00,3517.00;5030.00,3317.00"
Triple P Kabacan_800_4.png,8192,4283,green-800,"1287.00,3659.00;1377.00,4019.00;1027.00,2199.00;3745.00,3873.00;3501.00,4064.00;3781.00,3504.00;3871.00,1234.00;4811.00,1904.00;4651.00,1894.00;3481.00,2324.00;3041.00,2954.00;3241.00,2384.00"
Triple P Kabacan_800_4.png,8192,4283,green-800,"7291.00,404.00;7451.00,114.00;4971.00,624.00;1101.40,654.30"
Triple P Kabacan_800_4.png,8192,4283,green-800,"1777.00,1399.00;1207.00,1319.00;2327.00,1119.00;2257.00,1509.00;1337.00,3389.00"
Triple P Kabacan_800_4.png,8192,4283,green-800,"3522.00,1163.00;4652.00,1103.00"
Triple P Kabacan_800_4.png,8192,4283,green-800,"2922.00,4013.00;3012.00,4173.00;2982.00,3503.00;3752.00,1573.00"
Triple P Kabacan_800_4.png,8192,4283,green-800,"322.00,3424.00;442.00,644.00;772.00,844.00;712.00,524.00"
Triple P Kabacan_800_4.png,8192,4283,green-800,"1263.28,2378.20;3196.41,626.89;4356.48,2316.87"
Triple P Kabacan_800_4.png,8192,4283,Coconut-800,"4396.57,2940.95;4479.62,2861.79;4549.69,2860.49;4683.35,2921.48;4750.83,2939.65;4682.06,3001.94;4606.79,3008.43;4603.90,2928.70;4547.10,2930.57;4463.79,2950.81;4539.83,3008.04;4610.03,2874.12;4681.02,2870.48;4755.64,2999.35;4820.78,2950.81;4487.79,2800.02;4414.50,2808.50;721.00,1651.50;4629.80,2792.90"
Triple P Kabacan_800_4.png,8192,4283,Coconut-800,"4663.97,3085.67;4737.64,3083.73;4805.49,3078.89;4661.06,3152.56;4601.93,3125.42;4531.17,3074.04;4763.71,2865.24;4604.50,3070.40;4829.82,2874.26;4955.93,2884.82;4886.82,2952.39;4897.10,2887.00;4736.40,3147.30;4953.00,2937.80"
Triple P Kabacan_800_4.png,8192,4283,green-800,"6449.00,3300.00;6879.00,2640.00;4629.00,2070.00;3872.50,1025.20"
Triple P Kabacan_800_4.png,8192,4283,green-800,"1929.00,3371.00;1939.00,3641.00"
Triple P Kabacan_800_4.png,8192,4283,green-800,"271.13,3928.05"
Triple P Kabacan_800_4.png,8192,4283,green-800,"267.86,2586.33;1607.93,840.99;1868.02,74.41;3329.10,320.40;3729.50,3009.20"
Triple P Kabacan_800_4.png,8192,4283,green-800,"4194.00,205.00"
Triple P Kabacan_800_4.png,8192,4283,green-800,"3724.00,105.00"
Wat Phleng_800_1.png,8192,4283,non-green-800,"5183.30,1997.25;5157.30,2049.70;5216.10,2036.20;6663.36,150.45;4954.09,274.88;3709.79,39.12;3054.90,3569.00;3100.70,3542.80;3172.80,3588.60;3166.20,3647.60;3323.40,3339.78;3983.20,3173.30;4443.30,3791.70;5058.90,3968.50;5052.30,3876.80;5058.87,3830.95;3880.06,3149.86;3911.20,3154.80;3618.10,3219.70;3794.93,3280.84;3713.60,3247.00;1836.80,2639.00;1915.38,2665.24;1915.38,2717.63;1109.87,2606.30;1162.26,2567.00;1122.96,2508.06;1319.40,2501.60;4502.21,3778.56;6643.71,209.39;6709.20,268.33;6755.04,124.25;4888.60,268.33;5877.49,648.17;5923.33,654.72;5104.70,3680.30"
Wat Phleng_800_1.png,8192,4283,non-green-800,"5026.10,4001.20"
Wat Phleng_800_1.png,8192,4283,non-green-800,"4482.60,3831.00"
Wat Phleng_800_1.png,8192,4283,non-green-800,"5202.95,2092.21"
Wat Phleng_800_1.png,8192,4283,non-green-800,"1817.15,2701.26;1856.50,2773.40;1889.19,2786.39;1856.44,2858.43;1273.59,2688.16;4351.59,3762.18;4338.49,3827.67;4390.88,3690.14;6816.60,56.80"
Wat Phleng_800_1.png,8192,4283,non-green-800,"98.69,2522.28;331.11,2580.39;653.91,2644.95;1176.85,2754.70;2087.10,3038.80;2358.30,3129.15;2648.82,3213.08;4411.31,3548.79;4049.78,3484.23;6051.14,3884.50;6954.99,4097.55;5631.50,3800.57"
Wat Phleng_800_1.png,8192,4283,non-green-800,"5405.54,1676.54;5631.50,817.89;4901.97,385.34;5037.55,508.00;5507.70,1322.40"
Wat Phleng_800_1.png,8192,4283,green-800,"1416.37,2535.84;1403.45,2652.05"
Wat Phleng_800_1.png,8192,4283,non-green-800,"7958.90,4193.40"
Wat Phleng_800_1.png,8192,4283,coconut-800,"3304.11,2755.34;3336.39,2626.22;3329.93,2535.84;3523.61,2522.93;3304.11,1993.53;3381.58,2090.37;3071.69,2355.07;3820.59,2561.66;3994.90,2329.25;3744.00,2385.50;3200.81,2658.50;1483.51,3252.46;1812.76,3258.91;1780.48,3181.44;2032.27,3304.11;2339.40,3281.00;2187.21,3252.46;2400.26,3362.21;2516.47,3400.95;2645.59,3446.14;973.48,2961.94;721.70,3284.74;535.40,2952.70;207.20,2781.50;205.22,2910.29;101.92,2916.74;2265.00,3824.20;1619.10,3097.50"
Wat Phleng_800_1.png,8192,4283,coconut-800,"1907.60,2026.00;1837.64,1980.25;1686.95,2007.16;1833.30,1318.60;1727.90,1543.90;1966.70,1346.50;1996.40,1982.95;1797.27,2235.89;1600.84,2531.89;1654.66,2620.68;1579.31,2669.12;1673.49,2523.81;2844.03,2537.27;2642.21,2303.16;3812.75,1931.82;1855.60,2292.20"
Wat Phleng_800_1.png,8192,4283,coconut-800,"4661.12,3088.17;4476.98,3138.39;4398.87,3216.50;4309.59,3160.71;4449.09,3021.21;4382.13,3322.52;4287.27,3261.14;4940.11,2708.74;5051.71,2686.42;4521.62,2641.78;4493.72,2474.39;5096.34,2429.75;4577.50,2741.00"
Wat Phleng_800_1.png,8192,4283,coconut-800,"4426.77,2937.51;4382.13,2876.13;4320.75,2758.96;4292.85,2881.71;4147.77,3188.60;4203.57,3049.11;3896.68,2820.34;3824.15,2770.12;3680.90,2581.70;3723.71,2251.19;5366.00,2468.80;5419.97,2318.15"
Wat Phleng_800_1.png,8192,4283,coconut-800,"4825.32,3162.54;5415.44,3371.70;4750.62,4103.74;4773.03,3976.75;4646.05,4163.50;1456.43,3080.37;4870.14,3864.70;5699.29,3618.20;4892.55,2841.34;4967.25,2609.77;5639.90,2624.70;6834.70,3670.49;6461.21,3745.19;5430.38,3550.97;5304.30,3999.80;5295.92,4141.09;2689.40,884.20;1135.23,2908.57;575.00,2878.69;448.01,2818.93;4593.76,1698.46;1735.20,2431.50"
Wat Phleng_800_1.png,8192,4283,coconut-800,"3697.30,945.43;6959.10,205.61;7736.95,292.04;7538.17,205.61;7356.67,119.18;4392.18,1692.17;2516.69,508.11;2905.62,1156.32;3173.55,2288.52;3389.62,1000.75;3493.33,793.32;3078.48,611.82;1853.70,773.70;7010.09,1830.46;7300.49,2160.61;7400.40,1730.60"
Wat Phleng_800_1.png,8192,4283,coconut-800,"271.00,4150.00;2201.20,1035.90"
Wat Phleng_800_1.png,8192,4283,coconut-800,"5577.20,4047.89;2986.52,1014.36;3672.90,1619.60"
Wat Phleng_800_1.png,8192,4283,coconut-800,"1628.45,3243.38;5990.52,2933.38;5732.20,3140.00;6145.52,615.80;7717.64,859.37;7223.12,940.56;6315.28,911.03;7503.60,313.20"
Wat Phleng_800_1.png,8192,4283,coconut-800,"3517.94,2807.91;2993.90,3974.08;6256.23,3206.47;7215.70,379.60;7571.50,494.80"
Wat Phleng_800_1.png,8192,4283,coconut-800,"2747.38,1546.52;6423.04,579.63;7847.60,498.40"
Wat Phleng_800_2.png,8192,4283,non-green-800,"1181.91,2599.75"
Wat Phleng_800_2.png,8192,4283,non-green-800,"1633.78,2337.79;1699.27,2652.14;2124.95,2665.24;2183.89,3031.98;1941.58,2154.42;2242.83,589.23;7462.33,3307.03;7671.89,3326.68;1188.45,3261.19;2321.40,346.90"
Wat Phleng_800_2.png,8192,4283,non-green-800,"946.14,1899.01;4646.30,2470.40"
Wat Phleng_800_2.png,8192,4283,non-green-800,"125.60,734.60"
Wat Phleng_800_2.png,8192,4283,non-green-800,"335.13,734.61;125.56,996.57;236.89,1022.77;177.95,865.59;341.68,885.24;380.97,1003.12;1592.50,1595.40"
Wat Phleng_800_2.png,8192,4283,non-green-800,"4706.50,1968.90;4734.20,1919.20"
Wat Phleng_800_2.png,8192,4283,non-green-800,"842.30,1330.20"
Wat Phleng_800_2.png,8192,4283,non-green-800,"4441.48,693.74"
Wat Phleng_800_2.png,8192,4283,non-green-800,"696.20,432.80"
Wat Phleng_800_2.png,8192,4283,non-green-800,"5602.33,3601.16"
Wat Phleng_800_2.png,8192,4283,non-green-800,"4450.57,592.96"
Wat Phleng_800_2.png,8192,4283,non-green-800,"6860.16,70.13;8163.46,100.44;6875.30,3881.50"
Wat Phleng_800_2.png,8192,4283,green-800,"7132.90,3889.10"
Wat Phleng_800_2.png,8192,4283,green-800,"2701.00,4059.04;1292.40,3284.90"
Wat Phleng_800_2.png,8192,4283,coconut-800,"4428.74,3889.67;3860.62,3541.04;3518.45,3347.36;3408.69,3340.91;3331.22,3237.61;2685.60,3676.70"
Wat Phleng_800_2.png,8192,4283,coconut-800,"445.40,2927.70"
Wat Phleng_800_2.png,8192,4283,coconut-800,"292.70,2520.90;264.70,2338.10;585.30,2686.70;292.50,2701.80"
Wat Phleng_800_2.png,8192,4283,coconut-800,"2123.95,1242.70;3583.01,2224.01;3647.57,1036.11;3725.04,1036.11;5135.70,1640.40"
Wat Phleng_800_2.png,8192,4283,coconut-800,"6125.39,1938.01;6144.76,1802.44;6435.28,1899.28;6906.57,2002.57;7042.14,2144.60;6971.10,2028.40;7261.65,2028.40;7306.84,1899.28;7997.60,2286.60"
Wat Phleng_800_2.png,8192,4283,coconut-800,"5144.07,3777.98;6299.70,4003.94;6164.12,4062.04;5854.23,4016.85;5725.11,1944.47;5854.23,1925.10;6551.49,1983.20;6370.72,2112.32;5873.60,1511.90;5731.57,1460.27"
Wat Phleng_800_2.png,8192,4283,coconut-800,"3839.96,2125.24;3510.70,2073.59;7610.27,2151.06;7939.53,2138.15;7314.90,1761.30;5615.36,821.12;5583.08,530.60;6054.37,498.32;4937.48,414.39;3859.32,627.44;2522.93,1014.80;2471.28,1208.48;1670.73,1466.72;5621.82,291.73;5647.64,169.06;6080.20,395.02;6312.61,433.76;6654.78,388.57;6758.08,466.04;6913.02,530.60;6635.41,181.97;6474.01,414.39;5144.07,401.48;4950.39,2260.81;2890.92,3687.59;2710.15,3364.79;2555.21,2499.69;4369.35,2551.33;4136.90,2138.10"
Wat Phleng_800_2.png,8192,4283,coconut-800,"4388.72,4016.85;4421.00,3694.05;4537.21,3597.21;4575.94,3519.74;6325.52,3836.08;6151.21,3790.89"
Wat Phleng_800_2.png,8192,4283,green-800,"4730.89,3390.62"
Wat Phleng_800_2.png,8192,4283,coconut-800,"2710.15,252.99;2897.38,369.20;2684.30,498.30;2600.40,304.64"
Wat Phleng_800_2.png,8192,4283,coconut-800,"3452.59,3248.58;6648.33,1795.98;7758.76,582.25;7636.10,1273.04;7765.22,1208.48;7758.76,1079.36;4711.52,3874.82;4711.52,4023.31;5079.51,3648.86;2542.30,3545.56;2439.00,3784.43;988.98,3189.83;1103.89,2974.20;858.40,3196.90"
Wat Phleng_800_2.png,8192,4283,coconut-800,"975.60,3425.70"
Wat Phleng_800_2.png,8192,4283,coconut-800,"607.38,1829.92;182.20,1504.20;652.02,1679.26;395.35,1986.15;462.31,1556.51;562.74,2047.53;71.72,1835.50;116.36,1606.73;294.91,1595.57;367.45,1785.28"
Wat Phleng_800_2.png,8192,4283,coconut-800,"1885.16,1550.93;1617.33,1299.84;2158.57,1589.99;1968.86,1299.84;953.33,3029.58;1025.87,2393.48"
Wat Phleng_800_2.png,8192,4283,coconut-800,"5468.47,1637.95;6320.03,1772.41;6618.80,1645.40;6357.38,1652.89"
Wat Phleng_800_2.png,8192,4283,coconut-800,"6850.39,1750.00;7888.69,1996.50;7627.25,1839.64"
Wat Phleng_800_3.png,8192,4283,non-green-800,"2799.49,1486.43;2812.59,1545.37;2851.88,1466.78;2937.02,1551.92;2982.86,1578.12;3493.68,346.92;3565.72,366.56;3513.32,255.23;3585.36,261.78;3716.34,248.68;3382.35,209.39;3251.37,405.86;3238.27,484.44;3225.17,543.38;3284.11,687.46;3336.50,707.11;3277.56,759.50;3238.27,824.99;3284.11,851.18;3107.29,360.01;3081.09,124.25;3009.06,281.43;2923.92,680.91;3041.80,726.75;3094.19,798.79;2452.40,1781.13;2589.92,1407.84;2681.61,1388.20;2694.71,1872.82;2753.65,1768.03;2635.77,1754.94;2583.38,1840.07;2616.12,2029.99;2439.30,2377.08;2288.67,2206.81;2210.09,2842.06;2059.46,3123.66;2164.24,3097.47;2131.50,3195.70;2026.72,3346.33;1980.87,3405.27;2105.30,3804.75;1915.38,2455.67;1862.99,2560.45;1823.70,2665.24;1817.15,2750.37;1849.90,2842.06;1862.99,3385.62;1666.53,3902.98;1587.94,4151.84;6748.49,1604.31;6787.79,1735.29;6532.38,1571.57;6519.28,1669.80;6663.36,1434.04;6709.20,1427.49;6807.43,1414.39;6833.63,1309.61;6211.48,1060.75;6316.27,1080.40;6218.03,995.26;6990.81,2815.86;6872.92,2959.94;7167.63,2986.13;2177.34,3686.87;1745.11,3686.87;2059.46,2835.51;1432.07,3715.69;4901.70,303.04;2567.00,638.10;2612.70,741.60"
Wat Phleng_800_3.png,8192,4283,non-green-800,"4084.64,2167.85"
Wat Phleng_800_3.png,8192,4283,green-800,"2418.99,2581.03;2141.38,2258.23;2451.27,1483.51;3187.25,1341.48;3258.27,1225.27;3180.80,1167.16;3245.36,1063.87;3355.11,954.11;6602.49,1076.78;7325.56,308.51;4407.44,896.01;1521.60,95.46;2199.48,3536.52;6895.10,2658.60"
Wat Phleng_800_3.png,8192,4283,green-800,"3707.00,455.65;3605.73,1048.82"
Wat Phleng_800_3.png,8192,4283,coconut-800,"3360.49,3098.30;3943.14,3307.45;3808.68,3270.11;4749.88,3397.09;5160.72,3591.31;5295.17,3591.31;126.06,2052.53;2508.93,110.37;7222.39,1230.85;7170.10,939.52;3965.55,1888.19;3427.72,2112.28;3547.24,2291.56;3196.15,3158.06;3069.17,3090.83;2882.42,3098.30;2456.64,2933.96;4361.45,3329.86;4428.67,3382.15;4891.80,3404.56;6303.60,3143.12;6348.42,2642.64;6579.98,2313.97;6303.60,2493.24;7498.77,3890.10;7102.90,3120.70"
Wat Phleng_800_3.png,8192,4283,green-800,"1800.50,4142.74;2078.11,3903.87"
Wat Phleng_800_3.png,8192,4283,non-green-800,"1845.69,3768.29;1794.04,3852.22;1903.79,4239.58"
Wat Phleng_800_3.png,8192,4283,green-800,"1931.51,4093.28"
Wat Phleng_800_3.png,8192,4283,coconut-800,"3554.71,3232.76;1059.79,3748.17;1152.50,3944.70;1328.70,2426.02;663.89,2276.62;312.80,2216.86;372.56,297.12;380.03,214.95;589.19,297.12;1343.64,356.88;2068.20,252.30"
Wat Phleng_800_3.png,8192,4283,coconut-800,"1007.50,2306.50;2867.48,2500.71;7237.33,3464.32;7850.90,793.40;7893.92,525.69;6459.50,810.80;5655.22,836.44;5871.50,845.20"
Wat Phleng_800_3.png,8192,4283,coconut-800,"6580.54,603.18;7099.11,205.61;7220.11,101.89;8067.11,171.04;1939.35,1579.81;3719.77,1873.67;6122.48,3852.87;6260.76,4025.73;5915.05,3576.30;5871.83,3922.02;5975.55,3749.16;634.29,3878.80;1362.00,1837.40;2266.05,1663.65;2235.80,1760.45;1406.96,1737.98;1414.74,1454.49;1981.70,565.15;2669.67,527.98;1833.05,1932.44;1646.36,2402.61;1315.30,2573.70;682.69,3650.63;331.40,3747.60;473.53,3590.13"
Wat Phleng_800_3.png,8192,4283,coconut-800,"4148.56,1207.69;4223.25,1379.49;4290.48,1491.54;4103.74,1424.31;3872.17,1536.36;2632.18,3725.02;3902.05,4053.69;3312.70,3676.40;3072.90,3725.02;3984.22,3934.17;2609.77,3575.62;4619.15,3456.10;6001.07,3956.58;6240.11,2768.88;4843.25,2343.10;3207.36,2753.94;3461.33,2514.91;4088.80,3000.45;3984.22,3007.92;5283.97,3456.10;6195.29,3680.20;6255.04,3015.38;6695.76,3254.42;6688.29,2597.08;846.90,3777.31;6464.20,684.80;5440.83,3612.97"
Wat Phleng_800_4.png,8192,4283,non-green-800,"4240.25,3058.17;4502.21,1964.50;4954.09,1715.64;5942.98,1643.60;5975.72,1067.30;1777.86,464.80;1319.43,1879.37;1325.98,1964.50;1162.26,1866.27;605.60,1728.74;553.21,1800.78;710.38,1696.00;402.58,2436.02;356.74,2586.65;350.19,2743.82;625.25,4027.41;697.28,4040.51;769.32,4060.16;703.83,4158.39;585.95,4138.75;546.66,4073.26;566.31,4001.22;291.25,4014.32;369.84,4060.16;441.88,4073.26;258.51,4145.30;356.74,4164.94;435.33,4191.14;2557.20,753.00;1758.21,242.13"
Wat Phleng_800_4.png,8192,4283,non-green-800,"1208.10,45.67;1100.04,49.59;1172.08,115.08;7236.39,3238.92;7485.25,3206.18;7367.37,3409.20;7432.86,3409.20;7170.90,3474.68;5926.60,1293.89;4728.10,1713.00;5049.05,1739.22;4885.32,1935.69"
Wat Phleng_800_4.png,8192,4283,non-green-800,"1931.76,324.65;766.05,2610.23;694.01,2721.56;608.87,2636.42;464.80,3049.00;366.60,3350.30;320.70,3500.90;209.40,3815.20"
Wat Phleng_800_4.png,8192,4283,non-green-800,"1001.81,1739.22;916.67,1686.83;1041.10,1346.28;1185.18,920.60;1316.16,580.06;851.18,1883.30"
Wat Phleng_800_4.png,8192,4283,green-800,"392.76,2931.12;870.83,2793.60;1630.51,2819.79;8009.16,422.88;8041.91,494.92;7498.35,2983.52;7360.82,3134.14;1060.75,828.92;1781.10,141.70;5913.51,1771.96"
Wat Phleng_800_4.png,8192,4283,non-green-800,"1649.70,153.73"
Wat Phleng_800_4.png,8192,4283,green-800,"855.61,1571.01;7027.71,2982.53;763.90,1820.50"
Wat Phleng_800_4.png,8192,4283,coconut-800,"2246.30,1290.10"
Wat Phleng_800_4.png,8192,4283,coconut-800,"56.49,3404.15;1791.70,2396.37;3648.14,1812.91;4883.20,918.80;7156.43,820.28;7012.46,827.86;7383.75,365.64;6891.23,251.99;5239.37,835.44"
Wat Phleng_800_4.png,8192,4283,coconut-800,"397.47,699.05;746.03,873.32;389.89,1123.38;6141.07,2290.28"
Wat Phleng_800_4.png,8192,4283,coconut-800,"2466.08,3654.20;3345.04,2070.54;4633.19,2487.29;4731.69,2449.41;4595.30,2388.79;3913.34,1918.99;3943.65,1729.56;3670.87,2123.58;223.19,2994.97;109.53,2449.41;139.84,2070.54;230.77,1706.83;3345.04,2563.07;5701.59,3737.55;5299.99,3729.97;4898.39,3729.97;5360.61,3926.98;5489.42,3889.10;4981.74,3964.87;5997.10,4131.57;6239.60,4002.80;6595.70,3995.20;7164.00,3919.40;7171.59,4002.76;7156.43,3828.48;7861.12,3722.40;7861.12,3631.47;6178.96,2199.35;4458.91,2252.40;4996.90,2267.55;3405.66,1994.77;3511.75,1631.06;3663.29,1403.74;2079.63,1252.19;1965.97,2456.98;2034.17,2146.31;2087.21,2032.65;2685.82,2176.62;2928.29,3593.58;3178.34,3593.58;3436.00,3699.70"
Wat Phleng_800_4.png,8192,4283,coconut-800,"2837.37,1744.72;3739.07,1502.24;2003.86,1623.48;1541.64,986.98;874.84,547.50;768.76,342.91;692.98,145.90;943.04,365.64;639.94,365.64;427.78,145.90;382.32,312.60;147.42,70.13;1822.00,4177.03;1511.33,4199.77;2193.29,3669.35;2716.13,3707.24;3087.42,2707.03;5868.30,2982.30;6421.40,2919.20;6072.88,2070.54;6216.85,1517.40;7110.97,949.10;7194.32,327.76;4959.01,646.01;2094.79,1365.85;3140.46,1274.92;1458.29,3654.20;6845.76,3889.10;5603.08,3510.23;4974.17,3017.70;5027.21,2904.05;5042.36,3146.52;5678.86,1290.08;5678.86,1434.05;6466.90,1653.79;6921.54,2009.92;7141.28,608.12;6716.95,729.36;3837.57,986.98;4633.19,638.43;882.42,653.58;738.40,77.70"
Amrita_800_3.png,8192,4283,coconut-800,"122.41,3585.25;129.99,3653.44;334.58,3744.37;281.54,3804.99;205.76,3812.57;205.76,3865.61;114.84,3858.03;122.41,4002.00;190.61,3926.22;183.03,3994.42;183.03,4062.62;129.99,4062.62;54.22,4085.35;46.64,3948.96;61.79,3789.83;455.81,4130.81;493.70,4229.32;531.59,4130.81;524.01,4062.62;448.24,4047.46;524.01,3994.42;478.55,3918.65;751.33,3661.02;614.94,3668.60;546.74,3744.37;524.01,3812.57;721.02,3918.65;713.44,3994.42;599.78,3979.27;584.63,4039.88;599.78,3827.72;622.52,3736.79;546.74,3661.02;470.97,3744.37;410.35,3812.57;463.39,3865.61;425.51,3676.17;334.58,3676.17;327.00,3600.40;690.71,3736.79;698.29,3661.02;811.95,3668.60;213.34,3736.79;129.99,3721.64;395.20,3926.22;774.06,4176.28;902.88,4183.85;902.88,4115.66;940.76,4055.04;728.60,4055.04;592.21,4115.66;584.63,4183.85;410.35,3600.40;357.31,3547.36;205.76,3539.78;660.40,4130.80;122.41,4191.43"
Amrita_800_3.png,8192,4283,coconut-800,"584.63,3873.18;736.20,3827.70;986.23,4161.12"
Amrita_800_3.png,8192,4283,coconut-800,"395.20,3865.61;198.19,3661.02;554.32,3607.98;614.94,3592.82;683.13,3615.55;690.71,3539.78;758.91,3539.78;827.10,3562.51;751.33,3744.37;864.99,3827.72;796.79,3994.42;758.91,3873.18"
Amrita_800_3.png,8192,4283,coconut-800,"289.11,819.53;1880.35,630.09;1804.58,539.17;1334.78,690.71;1251.43,645.25;1039.27,584.63;1880.40,546.70;1448.40,508.90;2122.82,516.43;486.10,614.90;2183.44,493.70;1312.10,577.10;554.30,690.70;2388.00,614.90;2024.30,683.10;1948.55,675.56;2509.30,493.70;2175.87,546.74;1743.90,630.10;1380.25,508.86"
Amrita_800_3.png,8192,4283,coconut-800,"690.71,524.01;834.68,592.21;1395.40,645.25;1334.78,645.25;1599.99,501.28;2380.45,417.93;905.00,457.80"
Amrita_800_3.png,8192,4283,non-green-800,"251.96,1145.89;585.95,1158.98;821.71,1191.73;631.79,1460.23;978.89,1506.08;343.64,1872.82;867.56,1892.46;2707.81,2272.30;3061.45,2501.51;1974.33,3523.15;2229.73,3601.73;2059.46,3745.81;2111.85,4020.87;1980.87,4086.35;1771.31,4040.51;1181.90,3745.81;1358.73,3221.90;815.16,2914.10;703.83,2946.84;782.42,2730.73;1659.98,1794.23;1908.84,1794.23;1653.43,1322.71;1823.70,1558.47;2026.72,1309.61;2098.75,1499.53;1876.09,1368.55;1790.96,1054.20;1699.27,929.77;1915.38,877.38;2321.42,824.99;2360.71,1008.36;2570.28,805.34;2851.88,2436.02;2864.98,2291.95;4534.96,3451.11;4587.35,3189.15;4456.37,3071.27;4777.27,929.77;4390.88,229.04;4069.98,294.52;1666.53,150.45;1849.90,157.00;821.71,209.39;998.53,176.64;1201.55,189.74;1404.57,163.55;1136.06,45.67;1293.24,39.12;815.16,78.41;55.49,130.80;245.41,1532.27;68.59,2697.98;120.98,2855.16;5078.52,3431.46;4600.45,445.15;4515.31,65.31;4476.02,635.07;4168.22,556.48;4410.53,490.99;4711.78,674.36;4816.56,556.48;4652.84,327.27;3945.55,536.84;3068.00,2075.83;4089.63,1768.03;4089.63,1853.17;4331.94,2436.02;2845.33,3470.76;114.43,798.79;186.47,713.66;271.60,621.97;369.84,556.48;2688.16,955.97;173.37,2396.73;1872.16,3727.47;7681.06,1769.34;7753.10,1736.60;7831.69,1697.31;1557.81,2214.67;1767.38,3066.03;1695.34,3216.66;1177.98,3661.98;1623.30,4140.06;411.75,2175.38;110.50,1874.13;1014.25,1062.06"
Amrita_800_3.png,8192,4283,green-800,"830.88,950.73;1191.07,1107.90;1433.38,1631.82;1105.94,2090.24;1007.70,3910.84;1564.36,3897.75;2055.53,3249.40;2206.16,2974.35;2697.33,1874.13;2664.58,1513.94;2507.41,1422.25;2900.30,1088.30"
Amrita_800_3.png,8192,4283,green-800,"398.65,2823.72;287.32,2830.27;492.30,2663.93;322.03,2657.38;433.36,2978.28;1101.35,2768.71;1160.29,2984.83;1513.94,2775.26;1428.80,2709.77;1232.33,2382.32;1160.29,2238.25;396.03,3246.13;532.25,3246.13;479.20,3374.49"
Amrita_800_3.png,8192,4283,green-800,"4715.02,2488.05;5874.35,2677.48;3699.66,1093.82;570.23,108.77;392.17,254.26;2395.61,1838.67;2657.78,1707.59;6662.39,470.97;7192.80,152.72;6086.52,1046.85;5510.64,1690.92;7048.84,652.83;7639.87,395.20;7465.59,357.31;7973.27,258.80;6920.02,319.42;6700.28,1190.81;7124.61,2175.87;6685.12,2213.75;7063.99,2388.03;7109.45,2433.49;7912.65,2774.47;6973.06,3123.03;6957.91,2683.55;6624.51,2547.15;6707.86,2653.24;7503.47,1895.50;7063.99,2100.09;6813.94,2077.36;6783.63,2297.10;6707.86,2471.38;6556.31,630.09;8071.77,751.33;4283.12,1774.27;2957.09,1281.74;2426.67,2062.21;2403.94,2380.45;1282.50,2577.46;1691.67,2395.61;1865.95,2395.61;1479.51,1319.63;782.40,1675.76;570.23,1690.92;1418.89,3994.42;2350.90,2569.89;5124.20,167.88;5669.76,2865.40;5487.91,2956.33;5343.94,2683.55;5215.13,2630.50;5313.63,2191.02;5306.05,2054.63;5177.24,2213.75;5048.43,2031.90;7564.09,2948.75;7018.53,3517.05;7844.45,3539.78;7314.04,2016.74"
Amrita_800_3.png,8192,4283,non-green-800,"3184.00,2342.00;3294.00,2532.00;3864.00,3723.00;3938.00,3905.00;4166.00,3958.00;3703.00,3940.00;4247.00,4081.00;4211.00,3823.00;4342.00,3934.00;4281.00,4163.00;3906.00,3628.00;3688.00,3652.00"
Amrita_800_3.png,8192,4283,green-800,"3450.76,3494.84;3199.70,3673.40;3495.40,3433.46"
Amrita_800_4.png,8192,4283,green-800,"3002.51,1866.27;808.62,2691.43;540.11,2187.17;48.94,2534.26;474.62,3778.56;468.07,3844.04;396.03,3699.97;788.97,2927.19;657.99,2311.60;638.34,2154.42;959.24,1198.28;978.89,1106.59;1109.87,471.35;2046.36,1479.88;2124.95,1296.51;2190.44,1316.16;2386.91,864.28;3041.80,91.51;3434.74,1309.61;3749.09,1276.86;7246.21,3883.34;7390.29,3889.89;7639.15,4007.77;7233.12,4125.65;7396.84,4145.30;7049.75,4178.04;7056.29,4007.77;7056.29,3935.73;7586.76,3837.50;7914.20,4099.45;7698.09,2750.37;7292.06,490.99;7423.03,294.52;7318.25,314.17;7763.58,379.66;7815.97,543.38;7645.70,811.89;7318.25,766.05;7416.49,798.79;7914.20,1656.70;7927.30,1538.82;8018.99,1794.23;8071.38,1440.59;7043.20,1492.98;5379.77,1617.41;5104.71,687.46;5058.87,792.24;4011.04,1224.47;4508.76,1414.39;4652.84,3320.13;6421.05,3045.08;6768.14,3339.78;7102.14,3025.43;7337.90,2468.77;7252.76,2095.48;7239.66,1623.96;7783.23,202.84;7724.29,111.15;7671.89,222.49;8032.08,150.45;7796.32,883.93;7514.72,831.54;4796.91,1440.59;3860.42,1244.12;3519.87,1191.73;2341.07,3189.15;5340.47,3470.76;5288.08,3248.09;6512.73,4060.16;2170.79,1702.54;2216.64,752.95;1240.85,667.81;1149.16,746.40;1620.68,1296.51;1168.81,2043.09;749.68,2049.64;808.62,1918.66;507.37,3176.05;422.23,2894.45;513.91,2678.34;206.11,2521.16;55.49,3699.97;193.02,4001.22"
Amrita_800_4.png,8192,4283,green-800,"2400.01,1637.06;1856.44,1794.23;1935.03,1885.91;3428.19,1957.95;4757.62,818.44;4855.85,785.69;6434.15,2318.14;6093.60,3359.42;6368.66,3320.13;6709.20,3627.93;7154.53,2344.34;7082.49,1781.13;6886.02,163.55;8163.06,340.37;8058.28,4099.45;8084.48,3830.95"
Amrita_800_4.png,8192,4283,green-800,"2701.26,936.32"
Amrita_800_4.png,8192,4283,coconut-800,"572.85,157.00;507.37,104.61;566.31,91.51;572.85,32.57;507.37,32.57;441.88,52.21;310.90,163.55;310.90,209.39;245.41,163.55;179.92,229.04;107.88,189.74;179.92,104.61;107.88,117.70;101.33,45.67;42.40,124.30;48.94,52.21;179.90,176.60;35.84,261.78;29.29,333.82;94.78,314.17;94.78,255.23"
Amrita_800_4.png,8192,4283,coconut-800,"631.79,163.55;631.79,91.51;703.83,71.86;710.38,137.35;762.77,130.80;644.89,235.58;559.76,248.68;422.23,196.29;435.33,117.70;376.39,143.90;376.39,65.31;304.35,287.98;238.86,301.07;245.41,235.58;310.90,78.41;238.86,91.51;703.83,215.94;775.90,209.40;834.81,176.64;900.30,111.15;906.85,176.64;900.30,32.60"
Amrita_800_4.png,8192,4283,coconut-800,"900.30,248.68;703.83,294.52;644.89,307.62;435.33,261.78;376.39,209.39;369.84,274.88;291.25,360.01"
Amrita_800_4.png,8192,4283,coconut-800,"500.82,327.27;441.88,340.37;767.40,259.80;828.26,261.78"
Karavatti_800_1.png,8192,4283,green-800,"2633.01,365.81;2388.45,250.54;2253.70,425.78"
Karavatti_800_1.png,8192,4283,non-green-800,"7031.20,4252.90;6755.16,3830.72;6958.13,3587.15;4944.63,1273.25"
Karavatti_800_1.png,8192,4283,non-green-800,"3778.00,569.00;5028.00,1479.00;7888.00,2609.00;2108.00,1619.00;2298.00,1649.00;2358.00,3549.00;2508.00,3499.00;1078.00,1749.00;1778.00,1809.00;1918.00,879.00;2078.00,899.00;2168.00,959.00;3438.00,829.00;3758.00,3909.00;3758.00,3899.00;2998.00,3219.00;3318.00,2869.00;8038.00,1309.00;3798.00,449.00"
Karavatti_800_1.png,8192,4283,non-green-800,"1938.00,2649.00;2528.00,2269.00;7678.00,519.00;2278.00,2889.00"
Karavatti_800_1.png,8192,4283,non-green-800,"3938.00,3959.00"
Karavatti_800_1.png,8192,4283,green-800,"8108.00,3999.00"
Karavatti_800_1.png,8192,4283,non-green-800,"6128.00,2179.00;4388.00,1529.00"
Karavatti_800_1.png,8192,4283,non-green-800,"6977.00,1298.00;7107.00,1348.00"
Karavatti_800_1.png,8192,4283,non-green-800,"7797.00,2978.00;8027.00,1898.00"
Karavatti_800_1.png,8192,4283,green-800,"1796.64,184.29"
Karavatti_800_1.png,8192,4283,green-800,"6564.13,1576.08"
Karavatti_800_1.png,8192,4283,green-800,"3060.67,1785.48;2990.29,1735.62;1470.23,1554.69"
Karavatti_800_1.png,8192,4283,non-green-800,"1394.21,1202.92;1825.48,888.07;2127.10,758.43"
Karavatti_800_1.png,8192,4283,non-green-800,"2648.22,1308.81;2784.97,1290.46;2511.20,1285.80;2852.19,1353.02"
Karavatti_800_1.png,8192,4283,green-800,"2933.43,318.10"
Karavatti_800_1.png,8192,4283,green-800,"8123.76,3012.43"
Karavatti_800_1.png,8192,4283,green-800,"1325.55,2677.83"
Karavatti_800_1.png,8192,4283,green-800,"722.41,3176.85"
Karavatti_800_1.png,8192,4283,green-800,"7653.57,846.39;7462.18,891.58"
Karavatti_800_1.png,8192,4283,green-800,"3851.92,1656.14"
Karavatti_800_1.png,8192,4283,green-800,"938.96,1018.96"
Karavatti_800_1.png,8192,4283,green-800,"2810.47,2467.50"
Karavatti_800_1.png,8192,4283,green-800,"3674.79,2523.81;3470.02,2547.49"
Karavatti_800_1.png,8192,4283,green-800,"3128.83,2277.35"
Karavatti_800_1.png,8192,4283,non-green-800,"3192.78,2224.85"
Karavatti_800_1.png,8192,4283,green-800,"3810.51,1059.30"
Karavatti_800_1.png,8192,4283,green-800,"2648.09,1017.85"
Karavatti_800_1.png,8192,4283,green-800,"2498.61,980.40"
Karavatti_800_1.png,8192,4283,green-800,"541.58,349.68"
Karavatti_800_1.png,8192,4283,green-800,"169.75,822.08"
Karavatti_800_1.png,8192,4283,green-800,"787.51,1269.39;573.56,1559.05;243.42,2215.71;623.59,1603.49;120.80,1494.20"
Karavatti_800_1.png,8192,4283,green-800,"2128.71,333.41"
Karavatti_800_1.png,8192,4283,green-800,"3553.00,114.00"
Karavatti_800_1.png,8192,4283,Coconut-800,"4396.85,3027.06;6466.17,1293.17"
Karavatti_800_1.png,8192,4283,Coconut-800,"5410.86,261.30"
Karavatti_800_1.png,8192,4283,Coconut-800,"593.22,3964.23"
Karavatti_800_1.png,8192,4283,Coconut-800,"6369.86,3314.47"
Karavatti_800_1.png,8192,4283,Coconut-800,"5969.42,1540.86;5673.97,1036.70;6125.10,1032.34;4652.27,1365.89"
Karavatti_800_1.png,8192,4283,Coconut-800,"4704.35,2124.23"
Karavatti_800_1.png,8192,4283,Coconut-800,"4498.22,2754.69"
Karavatti_800_1.png,8192,4283,Coconut-800,"6182.21,3736.50"
Karavatti_800_1.png,8192,4283,Coconut-800,"5057.65,3691.47"
Karavatti_800_1.png,8192,4283,Coconut-800,"3874.81,2691.52"
Karavatti_800_1.png,8192,4283,Coconut-800,"5293.10,304.34;6973.99,498.78"
Karavatti_800_1.png,8192,4283,Coconut-800,"3578.97,3238.14"
Karavatti_800_1.png,8192,4283,Coconut-800,"5387.06,856.63"
Karavatti_800_1.png,8192,4283,Coconut-800,"7615.67,3439.23"
Karavatti_800_1.png,8192,4283,Coconut-800,"5214.92,2919.96;4353.67,3419.28"
Karavatti_800_1.png,8192,4283,Coconut-800,"6008.94,606.73;6352.45,704.67"
Karavatti_800_1.png,8192,4283,Coconut-800,"5199.42,3327.12;6010.06,2434.71;7150.38,2045.64"
Karavatti_800_1.png,8192,4283,Coconut-800,"4161.27,3555.72"
Karavatti_800_1.png,8192,4283,Coconut-800,"3378.80,1330.50;1915.02,495.69"
Karavatti_800_1.png,8192,4283,Coconut-800,"6300.68,2820.48;5624.38,3816.56;6907.37,658.77"
Karavatti_800_1.png,8192,4283,Coconut-800,"1172.46,2850.64"
Karavatti_800_1.png,8192,4283,Coconut-800,"6253.05,1536.95;6609.20,99.75"
Karavatti_800_1.png,8192,4283,Coconut-800,"5614.88,584.31"
Karavatti_800_1.png,8192,4283,Coconut-800,"3289.42,1797.13;6748.72,597.30"
Karavatti_800_1.png,8192,4283,Coconut-800,"5248.48,2202.75"
Karavatti_800_1.png,8192,4283,Coconut-800,"5580.40,2536.86"
Karavatti_800_1.png,8192,4283,Coconut-800,"7421.09,2772.35"
Karavatti_800_1.png,8192,4283,Coconut-800,"2814.47,591.83"
Karavatti_800_1.png,8192,4283,Coconut-800,"4122.20,3758.29"
Karavatti_800_1.png,8192,4283,Coconut-800,"5825.18,721.50"
Karavatti_800_3.png,8192,4283,non-green-800,"68.55,4026.03"
Karavatti_800_3.png,8192,4283,non-green-800,"103.39,4151.17"
Karavatti_800_2.png,8192,4283,green-800,"4833.79,2566.30"
Karavatti_800_2.png,8192,4283,non-green-800,"2733.00,2311.14;4485.08,661.12;6279.68,1596.70;2103.61,2872.48;1031.95,2243.10;2639.44,261.38;3294.34,2370.68;5854.42,439.99;6543.34,763.19"
Karavatti_800_2.png,8192,4283,non-green-800,"3175.27,405.97;2010.05,1128.91;4680.70,2489.75;7606.49,3723.01;7172.73,2651.35;4859.31,3518.88;3626.05,4037.70;2894.60,1350.05"
Karavatti_800_2.png,8192,4283,non-green-800,"698.72,3569.04;37.77,3031.46;2390.77,3075.52;4170.95,132.06;2522.96,2590.82;2152.83,2123.75;1165.80,440.51"
Karavatti_800_2.png,8192,4283,non-green-800,"56.49,327.14;797.15,1967.65;5344.89,2763.68;3425.42,2057.64"
Karavatti_800_2.png,8192,4283,non-green-800,"7255.64,3119.82;5274.16,2270.62;5545.18,3836.53"
Karavatti_800_2.png,8192,4283,non-green-800,"316.00,3502.00;146.00,3702.00;1996.00,3432.00"
Karavatti_800_2.png,8192,4283,green-800,"7513.95,2349.73;7529.45,2398.47"
Karavatti_800_2.png,8192,4283,non-green-800,"7793.64,3796.07;7906.20,3022.21"
Karavatti_800_2.png,8192,4283,green-800,"377.72,3404.94"
Karavatti_800_2.png,8192,4283,green-800,"2949.59,474.51;3002.30,337.68"
Karavatti_800_2.png,8192,4283,green-800,"7370.88,2524.93"
Karavatti_800_2.png,8192,4283,non-green-800,"1800.96,2375.34"
Karavatti_800_2.png,8192,4283,non-green-800,"4031.39,2483.90"
Karavatti_800_2.png,8192,4283,non-green-800,"5982.00,68.00"
Karavatti_800_2.png,8192,4283,Coconut-800,"3943.54,3186.38"
Karavatti_800_2.png,8192,4283,green-800,"2864.92,289.59;3795.27,413.09"
Karavatti_800_2.png,8192,4283,green-800,"1786.50,2995.90;5381.29,790.92"
Karavatti_800_2.png,8192,4283,green-800,"4766.29,3513.76"
Karavatti_800_2.png,8192,4283,green-800,"3400.83,3180.30"
Karavatti_800_2.png,8192,4283,non-green-800,"4239.00,544.00"
Karavatti_800_2.png,8192,4283,green-800,"147.35,2004.21"
Karavatti_800_2.png,8192,4283,green-800,"1451.58,3776.95"
Karavatti_800_2.png,8192,4283,green-800,"6832.57,1295.59"
Karavatti_800_2.png,8192,4283,green-800,"3877.13,140.74"
Karavatti_800_2.png,8192,4283,green-800,"3787.80,2675.81"
Karavatti_800_2.png,8192,4283,green-800,"6761.91,832.18"
Karavatti_800_2.png,8192,4283,Coconut-800,"2948.88,3012.16;4103.12,1594.52;4960.95,1815.20;3848.90,1694.58"
Karavatti_800_2.png,8192,4283,Coconut-800,"1086.79,1737.08;6290.22,2279.80;5931.65,2515.81"
Karavatti_800_2.png,8192,4283,Coconut-800,"6219.07,3630.07;6898.80,3592.17;6447.67,2851.34;3724.81,1557.37;5894.76,2939.99;2716.44,3901.85;1785.28,3670.75"
Karavatti_800_2.png,8192,4283,Coconut-800,"2450.31,1429.86;5972.14,2043.09"
Karavatti_800_2.png,8192,4283,Coconut-800,"3042.78,814.25;5015.74,1041.69;1475.20,1491.00"
Karavatti_800_2.png,8192,4283,Coconut-800,"3054.99,3458.50"
Karavatti_800_2.png,8192,4283,non-green-800,"6918.25,922.62;6798.20,672.28;6868.18,812.24;6578.58,322.37"
Karavatti_800_2.png,8192,4283,non-green-800,"6668.00,452.00"
Karavatti_800_2.png,8192,4283,Coconut-800,"1797.27,3342.76"
Karavatti_800_2.png,8192,4283,Coconut-800,"4371.34,1149.55;6804.19,2126.02"
Karavatti_800_2.png,8192,4283,Coconut-800,"4642.51,3169.15"
Karavatti_800_2.png,8192,4283,Coconut-800,"5640.63,1761.07"
Karavatti_800_2.png,8192,4283,Coconut-800,"6615.14,4090.69;6226.84,4057.12;2900.32,3244.67"
Karavatti_800_2.png,8192,4283,Coconut-800,"736.33,1633.91"
Karavatti_800_4.png,8192,4283,non-green-800,"284.32,2909.36;304.75,1445.33"
Karavatti_800_4.png,8192,4283,Coconut-800,"79.15,1034.34"
Karavatti_800_4.png,8192,4283,Coconut-800,"106.28,781.45"
Karavatti_800_4.png,8192,4283,green-800,"282.71,1231.26;136.22,3034.96"
Karavatti_800_4.png,8192,4283,green-800,"201.73,1752.60"
Karavatti_800_4.png,8192,4283,sea-800,"5590.10,1573.14;5647.73,1861.30;6438.12,922.72"
Karavatti_800_4.png,8192,4283,sea-800,"3481.00,2239.00;4091.00,1699.00;4601.00,2049.00;4561.00,2569.00;3701.00,1859.00;3511.00,2679.00;3501.00,3249.00;3661.00,3639.00;2821.00,3249.00;2781.00,2499.00;5121.00,479.00"
Karavatti_800_4.png,8192,4283,sea-800,"5231.00,2939.00;5851.00,2609.00;6271.00,2849.00;5881.00,3269.00;6391.00,2369.00;5641.00,2849.00;5211.00,2479.00;6021.00,2129.00;6511.00,1579.00;7071.00,1229.00;7411.00,1819.00;7121.00,2569.00;6551.00,1979.00;7281.00,1549.00;6951.00,2069.00;7601.00,2639.00;7151.00,3249.00;6691.00,3549.00;6661.00,2909.00;6231.00,3479.00;6181.00,3779.00;5461.00,3549.00;5121.00,3469.00;7661.00,3399.00;7491.00,3669.00;7951.00,3679.00;7841.00,2879.00;7401.00,3049.00;7821.00,2079.00;7381.00,2159.00;7831.00,1729.00;7831.00,1029.00;7481.00,1049.00;7631.00,1399.00;8031.00,1139.00;7911.00,439.00;7441.00,399.00;7111.00,879.00;7681.00,629.00;7081.00,579.00;6841.00,239.00;6731.00,739.00;6521.00,1179.00;6031.00,1339.00;5781.00,779.00;6381.00,509.00;6171.00,829.00;5431.00,1249.00;5851.00,319.00;5371.00,939.00;4881.00,979.00;4981.00,1499.00;4881.00,2079.00;5371.00,2009.00;5561.00,2359.00;4871.00,2609.00;4571.00,3099.00;4151.00,3449.00;3861.00,2779.00;4191.00,2379.00;3851.00,2059.00;3771.00,2399.00;4581.00,1369.00;4501.00,1729.00;4351.00,1399.00;4181.00,1949.00;4551.00,749.00;4871.00,359.00;4311.00,889.00;3961.00,429.00;3751.00,929.00;3331.00,1529.00;4071.00,649.00;3871.00,1219.00;3391.00,1259.00;3201.00,499.00;2731.00,919.00;2891.00,1619.00;3001.00,2229.00;3161.00,2849.00;3061.00,3419.00;3061.00,3789.00;2281.00,3759.00;2161.00,2949.00;2371.00,2259.00;2421.00,1689.00;2271.00,879.00;2161.00,399.00;2491.00,209.00;2531.00,1339.00;2131.00,1419.00;2071.00,2059.00;1991.00,2649.00;2381.00,2899.00;2031.00,3609.00;2541.00,3369.00;2561.00,3809.00"
Karavatti_800_4.png,8192,4283,sea-800,"5191.00,1689.00;4821.00,1779.00;5061.00,1219.00;5511.00,219.00;4341.00,399.00;3821.00,89.00;3551.00,599.00;3191.00,879.00;3071.00,1329.00;2791.00,1169.00;2951.00,289.00;2491.00,549.00;4861.00,3049.00;4161.00,2819.00;4591.00,3429.00;4111.00,3859.00;1991.00,2299.00;2311.00,2539.00;1831.00,3019.00;1821.00,3349.00;1691.00,3749.00;1351.00,3749.00;1481.00,3279.00;1271.00,3179.00;1181.00,1519.00;1211.00,959.00;891.00,89.00;1291.00,299.00;1361.00,699.00;1551.00,2429.00;1581.00,1949.00;1791.00,1189.00;1921.00,609.00;1541.00,1229.00;1841.00,1599.00;1661.00,299.00;2181.00,189.00;2671.00,1949.00;3231.00,1879.00;2581.00,2579.00;2891.00,2919.00;3261.00,3339.00;3321.00,3719.00;2721.00,3609.00;4061.00,3049.00;4711.00,2799.00;4741.00,2339.00;5811.00,1109.00;5901.00,1619.00;6151.00,1879.00;6131.00,2459.00;5761.00,2259.00;5171.00,2239.00;5361.00,2749.00;5501.00,3199.00;5191.00,3779.00;5861.00,3769.00;5761.00,3489.00;6381.00,3179.00;6481.00,3759.00;7061.00,2879.00;6671.00,2519.00;6741.00,3219.00;6731.00,2159.00;6251.00,2029.00;6811.00,1789.00;6231.00,1299.00;6711.00,1119.00;7011.00,1579.00;6721.00,1409.00;7151.00,1869.00;7091.00,2329.00;7381.00,2709.00;7331.00,3349.00;7691.00,3089.00;7161.00,3809.00;7941.00,3319.00;7991.00,2489.00;7801.00,2359.00;8041.00,1879.00;7881.00,1429.00;7331.00,1229.00;7361.00,729.00;7981.00,769.00;7691.00,249.00;7171.00,249.00;6731.00,449.00;6411.00,709.00;6041.00,449.00;6361.00,149.00;5491.00,509.00;5121.00,169.00;5031.00,729.00;4521.00,249.00;3681.00,1549.00;4161.00,1129.00;3801.00,599.00;3511.00,269.00;2861.00,679.00;2931.00,1929.00;3461.00,2899.00;3811.00,3349.00"
Karavatti_800_4.png,8192,4283,sea-800,"2111.00,1749.00;3201.00,2449.00;2631.00,2949.00;2171.00,3289.00;4001.00,2549.00;6191.00,1549.00;7461.00,189.00;7961.00,229.00;7611.00,2099.00;7181.00,2929.00;7711.00,3819.00;6981.00,3489.00;6731.00,3759.00;5941.00,2869.00;5531.00,3829.00;5991.00,3509.00;5221.00,3179.00;4311.00,3589.00;4811.00,3669.00;4321.00,3089.00;3881.00,1879.00;4011.00,839.00;3411.00,929.00;3111.00,1169.00;3211.00,189.00;2881.00,99.00;4181.00,179.00;4651.00,469.00;5811.00,99.00;5731.00,549.00;5551.00,969.00;6111.00,1049.00;7551.00,819.00;7561.00,1609.00;7861.00,2679.00;8011.00,3049.00;7761.00,3519.00;5771.00,3049.00;5881.00,1899.00;5721.00,1299.00;4711.00,1579.00;4251.00,2599.00;3151.00,3049.00;3591.00,3819.00;1671.00,2749.00;1871.00,1909.00;1581.00,879.00;2161.00,1089.00;1891.00,949.00;2201.00,649.00;1881.00,149.00;1711.00,489.00;2711.00,369.00;2311.00,379.00"
Karavatti_800_4.png,8192,4283,non-green-800,"342.00,2674.00;262.00,3154.00;252.00,3344.00;212.00,3524.00;382.00,2344.00;325.00,1614.00;225.00,595.00"
Karavatti_800_4.png,8192,4283,non-green-800,"282.00,3023.00;362.00,2523.00;312.00,1073.00"
Karavatti_800_4.png,8192,4283,green-800,"258.77,976.61"
Karavatti_800_4.png,8192,4283,green-800,"154.77,681.15"
Karavatti_800_4.png,8192,4283,Coconut-800,"53.34,976.56;53.34,976.56"
Karavatti_800_4.png,8192,4283,Coconut-800,"206.82,1968.73;92.29,2602.78"
Karavatti_800_4.png,8192,4283,Coconut-800,"86.58,561.70"
Karavatti_800_4.png,8192,4283,green-800,"34.00,4130.00;87.03,1329.79"
Karavatti_800_4.png,8192,4283,sea-800,"7550.92,3982.94;7291.37,4112.71;7871.30,4062.43"
Karavatti_800_4.png,8192,4283,sea-800,"6641.00,4083.00"
Karavatti_800_4.png,8192,4283,sea-800,"952.78,3770.31;1001.64,3045.57;773.63,3021.14;922.70,2623.50;1237.79,2166.11;936.50,2060.25;952.78,1563.52;741.06,1433.23;1026.07,944.64;1009.79,1245.94;830.64,716.63;656.20,561.20;903.92,431.62;6034.10,4063.46;5480.37,4144.89;4641.63,4104.18;4609.05,3786.60"
Karavatti_800_4.png,8192,4283,sea-800,"706.38,3785.86;655.10,4103.00;779.80,1744.60;2495.70,1093.00"
Karavatti_800_4.png,8192,4283,Coconut-800,"49.38,3706.22;45.40,3821.80;96.40,743.20;40.76,3889.98;105.70,853.10;254.40,2168.20"
Kradangnga_800_1.png,8192,4283,coconut-800,"3020.20,688.40;756.10,1538.50;1608.10,1953.20;7217.40,4063.60;3230.80,773.90;5307.10,2500.40;1793.10,2061.80;3018.70,557.20"
Kradangnga_800_1.png,8192,4283,coconut-800,"554.70,1992.80;1982.70,3323.20;1725.70,2349.90;857.00,2117.30;6187.40,772.00;2159.20,2972.90;2017.90,2902.40;1848.20,2859.20"
Kradangnga_800_1.png,8192,4283,coconut-800,"805.40,1630.40;7208.80,1597.20;6414.60,3487.00;728.50,996.30;6707.85,3443.12;6641.62,3885.74;6434.30,3663.90;7021.60,1262.00"
Kradangnga_800_1.png,8192,4283,coconut-800,"5179.80,376.40;4606.30,1918.90"
Kradangnga_800_1.png,8192,4283,coconut-800,"6038.90,1569.50"
Kradangnga_800_1.png,8192,4283,coconut-800,"5347.10,1931.70;5714.50,1831.20"
Kradangnga_800_1.png,8192,4283,coconut-800,"3602.30,1979.30"
Kradangnga_800_1.png,8192,4283,coconut-800,"6062.40,2639.00"
Kradangnga_800_1.png,8192,4283,coconut-800,"3133.20,3045.70"
Kradangnga_800_1.png,8192,4283,coconut-800,"4075.04,3177.40;4156.49,3113.41"
Kradangnga_800_1.png,8192,4283,coconut-800,"4152.40,3372.40"
Kradangnga_800_1.png,8192,4283,coconut-800,"1690.90,3863.90;2004.00,3949.50"
Kradangnga_800_1.png,8192,4283,coconut-800,"4079.70,3955.50"
Kradangnga_800_1.png,8192,4283,coconut-800,"423.40,2815.30;2873.00,1899.00"
Kradangnga_800_1.png,8192,4283,coconut-800,"5231.00,2309.00;2781.00,1719.00"
Kradangnga_800_1.png,8192,4283,coconut-800,"4122.50,2266.00;5463.70,3316.90;7367.00,3249.50;7712.00,3971.80;7945.60,2107.10"
Kradangnga_800_1.png,8192,4283,non-green-800,"1954.40,227.60"
Kradangnga_800_1.png,8192,4283,non-green-800,"6910.16,1841.67;7680.70,154.60;7384.40,244.50;6893.94,503.37;6366.73,4128.94;6350.51,4031.61;1719.19,908.91;1913.85,908.91;1143.32,762.92;1232.54,519.59;1273.09,722.36;1284.40,659.90"
Kradangnga_800_1.png,8192,4283,non-green-800,"585.25,3933.66;2959.50,3868.00;3203.54,3755.35"
Kradangnga_800_1.png,8192,4283,non-green-800,"2993.18,3792.90;3084.75,3715.01;3314.10,2945.39;3192.63,2856.35;4274.75,2969.39;252.57,2171.46;169.53,2181.46;1560.56,1079.03;1601.00,959.80;1506.30,915.90"
Kradangnga_800_1.png,8192,4283,non-green-800,"5665.19,1380.07;1401.50,941.60;1477.25,811.88;1677.06,1081.73"
Kradangnga_800_1.png,8192,4283,non-green-800,"1343.41,3324.14;518.50,3838.80"
Kradangnga_800_1.png,8192,4283,non-green-800,"7769.36,3641.00;1842.95,1375.01;1625.80,1211.13;2455.30,533.50"
Kradangnga_800_1.png,8192,4283,non-green-800,"5354.70,1541.40;3957.91,740.27;3782.00,823.60;4281.03,897.33;4163.16,1092.97"
Kradangnga_800_1.png,8192,4283,non-green-800,"311.00,3993.80"
Kradangnga_800_1.png,8192,4283,non-green-800,"4073.40,991.60;1984.18,4202.82;1360.30,3610.80;893.00,3401.80"
Kradangnga_800_1.png,8192,4283,non-green-800,"4646.00,3121.00;4492.80,1488.90;3813.80,1212.30"
Kradangnga_800_1.png,8192,4283,green-800,"3759.60,303.10"
Kradangnga_800_1.png,8192,4283,green-800,"1441.30,1635.90"
Kradangnga_800_1.png,8192,4283,green-800,"758.90,2870.60"
Kradangnga_800_1.png,8192,4283,green-800,"512.63,4055.39;382.34,4196.10;469.72,3700.12;106.20,3999.10"
Kradangnga_800_1.png,8192,4283,green-800,"6190.80,1695.50"
Kradangnga_800_1.png,8192,4283,coconut-800,"4954.15,3658.99;4485.40,3692.70;4800.96,3475.81;4786.47,3781.49;4488.60,3948.00;4322.42,3804.15;4587.85,3648.13;5006.49,3392.80;5115.65,3590.87;4896.78,3554.62"
Kradangnga_800_1.png,8192,4283,coconut-800,"6553.90,3989.70;6762.30,2859.90"
Kradangnga_800_1.png,8192,4283,coconut-800,"280.20,2625.60;6996.40,1012.60;93.60,2561.60;204.90,2785.90"
Kradangnga_800_1.png,8192,4283,coconut-800,"1282.18,2136.07;1799.96,1874.89"
