filename,width,height,label,points
Amrita_800_1.png,512,267,non-green-800,"77.3125,256.6875;466.0625,243.5625;483.5625,74.1875"
Amrita_800_1.png,512,267,green-800,"57.25,69.9375;182.875,54.3125"
Amrita_800_1.png,512,267,green-800,"13.9375,197.125;15.8125,235.25"
Amrita_800_1.png,512,267,green-800,"16.4375,212.75;331.8125,130.8125;330.5625,109.5625"
Amrita_800_1.png,512,267,green-800,"188.0625,197.0625;194.3125,250.8125;39.9375,204.5625;117.85625,33.975"
Amrita_800_1.png,512,267,green-800,"250.375,115.625;252.25,125.625"
Amrita_800_1.png,512,267,non-green-800,"276.8125,120.625"
Amrita_800_1.png,512,267,green-800,"257.875,87.75"
Amrita_800_1.png,512,267,non-green-800,"168.9375,255.75;417.6875,219.5;425.1875,258.875;399.5625,108.25;430.8125,45.75;10.8125,78.875;422.0625,237.0;187.6875,135.75;264.5625,67.625;503.3125,111.375;343.3125,66.375;283.9375,3.875;33.9375,50.75;6.4375,56.375;104.5625,133.25;313.9375,102.0;315.8125,116.375;317.0625,127.625;318.3125,140.125;450.8125,83.25;450.8125,108.25;344.5625,207.0;400.8125,141.375;339.5625,252.625;385.8125,241.375;443.9375,138.25;448.3125,159.5;98.9375,225.75"
Amrita_800_1.png,512,267,non-green-800,"273.3125,59.5;493.3125,222.0;492.6875,208.25;482.0625,187.0;497.6875,177.0;237.6875,228.25;187.0625,122.0;433.3125,94.5;40.8125,92.625;24.5625,21.375;432.6875,5.125;164.6375,37.85"
Amrita_800_1.png,512,267,non-green-800,"281.85625,32.71875;41.38125,88.2;40.86875,97.43125"
Amrita_800_1.png,512,267,non-green-800,"114.625,109.375;92.125,138.75;85.25,26.875"
Amrita_800_1.png,512,267,non-green-800,"100.875,26.25"
Amrita_800_1.png,512,267,non-green-800,"262.75,53.75;277.3625,59.1375"
Amrita_800_1.png,512,267,non-green-800,"459.3125,201.0;316.1875,167.875"
Amrita_800_1.png,512,267,non-green-800,"240.953125,177.865625;181.351875,254.8975;333.334375,49.8925;452.98125,166.1;461.1375,164.8625"
Amrita_800_1.png,512,267,non-green-800,"494.25,239.875;426.75,79.25;181.125,150.5"
Amrita_800_1.png,512,267,coconut-800,"367.1375,22.8875;397.2875,16.68125;387.129375,16.74125;401.81875,22.05625;372.58125,30.675;398.3125,10.825"
Amrita_800_1.png,512,267,green-800,"112.25,76.5;141.0,49.0;59.125,19.625;73.5,37.125;114.125,10.875;167.25,157.125;307.59375,179.09375;77.25,49.0;32.875,67.75;85.2,130.73125;109.75,257.125;287.25,78.375;375.59375,55.8;392.875,186.5;396.0,215.875;448.5,60.25;474.125,165.25;262.875,235.875;233.5,24.625;261.625,34.0"
Amrita_800_1.png,512,267,green-800,"391.625,58.5"
Amrita_800_1.png,512,267,coconut-800,"209.3125,53.0;198.5625,72.875;213.6875,43.875;199.8125,51.0;173.53125,34.88125;206.03125,58.0125;191.71875,64.875;186.58125,64.63125;206.625,16.625;190.9375,27.5;183.45625,38.03125;176.75,29.3125;168.0625,57.3125;154.1875,64.25;215.9375,71.1875;219.80625,58.70625;175.4125,90.09375;183.7375,69.54375;180.125,75.4375;187.75,74.8125;175.7875,81.4875;195.5625,55.0;218.4375,11.56875;185.6875,28.56875;195.93125,11.03125;222.9375,47.4375;221.375,35.25;212.25,40.4375;193.30625,32.53125;210.125,64.125;197.6125,17.99375;173.60625,25.25;217.19375,87.7875;226.05,82.275;218.0625,48.25;222.29375,43.70625;214.8125,58.375;201.525,59.63125;209.3125,49.625;208.9375,44.5625;203.8125,45.875;199.375,45.75;198.125,41.25;208.3875,26.925;175.875,47.75;179.5625,43.0625;178.28125,37.45625;363.3625,24.225;193.1875,36.08125;192.60625,18.95;203.9125,12.9625;192.125,80.0;197.9375,36.3125"
Amrita_800_1.png,512,267,coconut-800,"206.6,79.7;194.833125,28.07;184.03375,24.566875;174.14375,43.31875;174.23125,38.56875;228.83125,13.9125;215.46875,17.5125;229.89375,77.96875;191.89375,15.2625;173.44375,19.94375;171.5,31.175;193.74375,85.629375;183.54375,74.86875;184.2,80.98125;176.01625,85.785;172.0875,86.1375;160.896875,87.380625;179.95625,85.85625;172.8375,57.63125;172.455625,52.88"
Amrita_800_1.png,512,267,non-green-800,"482.25,142.9375;417.0,195.8125;428.875,169.5625;413.25,78.9375"
Amrita_800_1.png,512,267,non-green-800,"96.0625,118.625;164.8125,134.875;322.9375,225.5;335.4375,216.125;326.0625,258.0;364.1875,192.375;273.5625,4.25;269.1875,59.875;90.48125,27.30625"
Amrita_800_1.png,512,267,non-green-800,"95.74375,27.01875"
Amrita_800_1.png,512,267,coconut-800,"193.35625,42.18125"
Kradangnga_800_2.png,512,267,non-green-800,"197.875625,137.295;205.88125,136.26875;200.84375,129.925;212.2625,135.5125"
Kradangnga_800_2.png,512,267,non-green-800,"209.465625,141.796875;223.94125,138.55625;166.189375,94.524375;161.846875,92.104375;157.94375,90.70625"
Kradangnga_800_2.png,512,267,non-green-800,"98.1125,154.525"
Kradangnga_800_2.png,512,267,non-green-800,"277.621875,212.826875;377.761875,19.06375;394.935,21.71875;391.0725,37.06375;362.21,46.891875;379.95,89.04375;379.96875,14.16875"
Kradangnga_800_2.png,512,267,non-green-800,"486.75,24.375;458.625,224.375;328.625,256.625;385.8875,49.55;481.125,36.0"
Kradangnga_800_2.png,512,267,non-green-800,"160.875,178.25;426.5,193.25;160.175,21.45;114.9,102.975"
Kradangnga_800_2.png,512,267,non-green-800,"176.7975,104.341875"
Kradangnga_800_2.png,512,267,non-green-800,"296.3125,136.51875;347.5875,120.19375"
Kradangnga_800_2.png,512,267,non-green-800,"287.425,135.7875;320.175,249.18125"
Kradangnga_800_2.png,512,267,non-green-800,"453.975,175.61875;258.6875,78.125;279.75625,84.29375;499.53125,55.0;507.4375,56.25;491.8125,59.375;383.70625,144.33125;24.85,262.325"
Kradangnga_800_2.png,512,267,green-800,"105.91125,38.315625;201.29375,118.29375"
Kradangnga_800_2.png,512,267,green-800,"367.93125,18.3125"
Kradangnga_800_2.png,512,267,green-800,"349.048125,135.97875;251.57,147.159375"
Kradangnga_800_2.png,512,267,green-800,"379.546875,3.910625"
Kradangnga_800_2.png,512,267,green-800,"65.3375,85.40625"
Kradangnga_800_2.png,512,267,green-800,"495.79375,89.6625"
Kradangnga_800_2.png,512,267,non-green-800,"22.5375,37.55;31.55,34.19375"
Kradangnga_800_2.png,512,267,coconut-800,"317.71875,175.81875;165.75,163.25;183.4375,128.35;35.2625,82.4875;6.8625,183.25;500.58125,20.51875;51.83125,134.4375"
Kradangnga_800_2.png,512,267,green-800,"475.09375,43.26875"
Kradangnga_800_2.png,512,267,coconut-800,"67.83125,33.68125;211.06875,76.45625;397.28125,59.99375;437.04375,155.61875;477.8125,239.9875;432.35,89.89375;225.9375,105.5625;358.85625,180.66875;433.55,212.4625;425.1375,161.675;161.6875,219.725;421.2,152.075;69.68125,117.2375;444.6125,58.81875;267.19375,253.25625;282.31875,234.03125;226.64375,254.08125;114.6875,179.9375;25.3875,185.35;317.48125,115.99375;119.225,219.7875;87.40625,217.51875;34.0625,177.49375;305.75,165.35625;297.3875,200.4125;309.0875,222.65625;425.225,72.19375;396.8125,77.3125;461.55,93.525;99.71875,243.2125;69.425,132.875;133.3875,141.6;145.9375,156.8125;154.0625,160.5625;172.9,142.74375;39.0625,91.8125;68.90625,40.81875;12.84375,18.375;22.40625,25.66875"
Kradangnga_800_2.png,512,267,coconut-800,"135.60625,128.24375;16.16875,172.40625;41.625,124.9;12.5,130.625;324.74375,206.675;440.0375,205.25625;444.21875,103.525;344.375,239.375;229.375,231.25;305.625,127.5;308.5125,101.4875;248.95625,67.03125;174.04375,72.53125;210.95625,107.825;438.44375,221.6125;300.48125,213.625;341.48125,207.93125"
Kradangnga_800_2.png,512,267,coconut-800,"225.73125,96.20625;287.01875,255.79375;128.13125,51.11875;72.5625,71.375;326.5875,218.46875;327.5625,134.5;302.14375,113.7375;394.4375,95.75;459.55625,38.4;116.33125,211.46875;17.4375,160.2375;8.8125,160.75;88.1875,127.0;123.58125,70.1125;33.1875,68.875;51.9375,65.125;43.0625,32.65625;42.5625,80.125;408.1875,177.625;393.8125,166.375;467.25625,164.56875;469.35625,151.725;368.1875,87.0;485.375,86.38125;195.0625,247.0;51.9375,115.75;142.68125,53.03125;215.61875,74.7375;369.6875,155.6875;384.7625,196.11875;404.5,106.0;130.06875,226.99375;129.5,196.0;75.5625,253.71875;112.68125,233.4;255.4,98.34375;139.01875,40.40625;143.8,17.98125;120.625,18.1875;88.50625,54.625;75.75,30.15"
Kradangnga_800_2.png,512,267,coconut-800,"183.23125,51.15;467.8625,202.05;455.175,196.8875;454.5375,137.0375;452.48125,125.825;461.75,130.80625;478.80625,125.80625;482.325,130.70625;488.5125,118.675;433.4375,32.65625;173.875,198.9375;158.69375,250.8125;195.75,169.71875;69.54375,179.99375;12.73125,117.475"
Kradangnga_800_3.png,512,267,non-green-800,"494.040625,127.118125;491.025,122.89375"
Kradangnga_800_3.png,512,267,non-green-800,"68.548125,232.885;70.594375,239.434375;129.944375,169.851875;159.414375,220.60625;160.6425,223.880625;266.24375,171.898125;371.43625,218.15;366.115,215.285;386.580625,23.319375;354.654375,50.33375;346.8775,61.385;330.505,55.245625;333.370625,81.850625;353.42625,39.691875;376.756875,33.5525;82.055,30.686875;88.195,23.319375;14.11,10.221875;12.06375,2.854375;4.69625,24.138125;19.840625,45.013125;113.98125,158.800625;132.4,147.34;310.449375,256.625;441.018125,115.004375;455.344375,101.088125;224.085,131.78625;79.599375,221.424375;88.195,217.33125;81.645625,257.853125;277.704375,254.988125;269.518125,258.2625;296.5325,252.531875;218.764375,137.925625;94.74375,50.74375"
Kradangnga_800_3.png,512,267,non-green-800,"448.4875,145.96875;445.99375,118.59375"
Kradangnga_800_3.png,512,267,non-green-800,"37.2575,184.3475;372.78625,41.78;159.150625,202.86875;145.3675,202.86875;184.563125,262.3075;258.215625,258.861875;111.88125,87.875;107.55625,79.775"
Kradangnga_800_3.png,512,267,non-green-800,"6.725625,63.2425;24.790625,56.360625;29.95,46.9"
Kradangnga_800_3.png,512,267,non-green-800,"10.64375,49.275;505.8375,136.3125"
Kradangnga_800_3.png,512,267,non-green-800,"446.96,70.786875;412.735625,47.31875;472.675,129.9375;401.490625,28.25125;482.8125,50.0875;473.850625,38.518125;455.925,17.86875"
Kradangnga_800_3.png,512,267,non-green-800,"444.15625,152.01875"
Kradangnga_800_3.png,512,267,green-800,"201.9375,46.5;189.4375,12.125;228.1875,117.75;283.1875,243.375;258.1875,181.5"
Kradangnga_800_3.png,512,267,green-800,"108.55625,55.26875;123.90625,34.70625"
Kradangnga_800_3.png,512,267,non-green-800,"74.35,71.4125"
Kradangnga_800_3.png,512,267,green-800,"104.640625,217.9225;108.9175,226.931875"
Kradangnga_800_3.png,512,267,green-800,"245.334375,164.783125"
Kradangnga_800_3.png,512,267,green-800,"265.225,3.89375"
Kradangnga_800_3.png,512,267,green-800,"254.44125,11.975625"
Kradangnga_800_3.png,512,267,green-800,"96.88125,240.1125"
Kradangnga_800_3.png,512,267,green-800,"385.719375,124.47;397.8,37.63125"
Kradangnga_800_3.png,512,267,green-800,"314.175,12.045625"
Kradangnga_800_3.png,512,267,green-800,"207.26875,81.04375"
Kradangnga_800_3.png,512,267,green-800,"198.15625,86.65625"
Kradangnga_800_3.png,512,267,coconut-800,"42.156875,149.731875;46.53,89.73125;164.325,156.125;288.40625,228.481875;390.905,76.606875;360.90625,77.231875;326.624375,127.05875;334.33875,128.8375;412.07,176.308125;301.2625,197.04375;299.33125,169.78125"
Kradangnga_800_3.png,512,267,coconut-800,"119.66875,245.8125;164.0,114.3125;201.2625,123.9875"
Kradangnga_800_3.png,512,267,coconut-800,"347.125,124.3125;297.75,98.0625;287.85,196.40625"
Kradangnga_800_3.png,512,267,coconut-800,"170.58125,148.7375"
Kradangnga_800_3.png,512,267,coconut-800,"247.29375,180.60625;169.26375,126.946875;395.175625,64.238125;383.81875,136.25;467.8875,55.46875"
Kradangnga_800_3.png,512,267,coconut-800,"180.8125,59.25"
Kradangnga_800_3.png,512,267,coconut-800,"137.275,71.81875;168.9375,53.0;174.9875,40.625;176.4375,68.625;378.90625,151.40625;93.3125,179.25;155.55,174.4125;215.8125,171.75;398.125,185.025;382.0625,63.625;370.1875,71.75"
Kradangnga_800_3.png,512,267,coconut-800,"298.89,112.918125;126.64625,256.369375;389.3825,204.953125;486.13125,83.76875;318.75625,182.69375;258.065625,224.748125;421.94375,175.2375"
Kradangnga_800_3.png,512,267,green-800,"330.16875,101.8875"
Kradangnga_800_3.png,512,267,coconut-800,"43.9375,112.375;463.64375,182.875"
Kradangnga_800_3.png,512,267,coconut-800,"180.01875,119.6875;163.26875,256.59375;247.4875,189.94375"
Kradangnga_800_3.png,512,267,coconut-800,"250.94375,184.70625;384.8125,89.8125;239.8125,48.625;318.125,131.875;247.3125,224.4375;390.7875,256.6625;112.4375,136.25;185.75,153.0;190.20625,189.7375"
Kradangnga_800_3.png,512,267,coconut-800,"349.5625,140.625"
Kradangnga_800_3.png,512,267,coconut-800,"119.50625,258.4875;233.9375,171.875;332.0625,233.125;352.45,257.96875;295.1875,217.5;288.3125,103.125"
Kradangnga_800_3.png,512,267,coconut-800,"280.6375,57.575;286.25,67.25"
Kradangnga_800_3.png,512,267,coconut-800,"464.72875,202.714375;330.56,119.4375;445.70875,41.815;71.04375,18.33125;328.6375,245.46875"
Kradangnga_800_3.png,512,267,green-800,"180.4125,255.69375;185.580625,251.4675;193.85625,254.275"
Kradangnga_800_3.png,512,267,coconut-800,"108.375,11.1875;119.81875,10.15625;137.925,8.63125;159.81875,65.6375;171.5,170.5625;447.425,238.13125;296.04375,187.28125"
Kradangnga_800_3.png,512,267,coconut-800,"319.25625,156.60625;196.0,215.875;227.875,201.5;154.85,49.15"
Kradangnga_800_3.png,512,267,coconut-800,"280.5,137.875;59.875,134.75;78.625,50.375;64.2875,26.15625;44.0,8.4375;355.5,238.5375;302.25,160.3125;76.75,186.8125;253.0625,126.375;151.1875,112.625;191.3125,156.475"
Kradangnga_800_3.png,512,267,coconut-800,"41.7,235.05625;153.936875,261.754375;158.4875,122.31875;304.061875,52.29125;309.4025,38.05;461.7625,248.15;426.47625,142.425625;435.851875,148.65625;16.65625,243.64375"
Kradangnga_800_4.png,512,267,non-green-800,"226.99,80.939375;229.044375,85.56125;205.93125,89.66875;208.5,96.34375"
Kradangnga_800_4.png,512,267,non-green-800,"223.90875,107.13;236.7475,99.94;357.943125,62.965;278.344375,53.72125;285.02,50.64;292.21,48.58625;272.695,24.963125;148.931875,18.800625;140.715,21.36875;137.63375,12.125;104.7675,32.153125;412.891875,207.27;317.886875,101.994375;345.104375,239.623125;338.42875,234.488125;326.616875,217.0275;219.286875,126.644375;238.288125,115.34625;269.61375,87.101875;266.019375,63.47875;168.96,53.72125;104.25625,18.8"
Kradangnga_800_4.png,512,267,non-green-800,"376.94375,137.9425;381.0525,135.374375;381.0525,126.130625;438.56875,240.65;358.45625,243.218125;348.699375,245.785625;168.44625,212.919375;167.419375,47.045625;184.88,23.4225;298.3725,33.69375;274.749375,35.7475;289.12875,32.66625;237.2625,46.53125;239.315,85.0475"
Kradangnga_800_4.png,512,267,non-green-800,"145.0625,7.01875"
Kradangnga_800_4.png,512,267,non-green-800,"350.5,106.875;336.6875,81.625;415.625,256.53125;199.275,94.525"
Kradangnga_800_4.png,512,267,non-green-800,"320.2875,90.95"
Kradangnga_800_4.png,512,267,non-green-800,"202.6875,143.0625;222.8875,143.775"
Kradangnga_800_4.png,512,267,non-green-800,"7.125,191.9375;341.69375,28.25"
Kradangnga_800_4.png,512,267,non-green-800,"201.125,251.81875"
Kradangnga_800_4.png,512,267,green-800,"309.6875,41.5;317.1875,61.5;328.4375,90.25;339.0625,110.875;357.8125,137.75;377.8125,167.125;393.4375,188.375;422.8125,232.125;436.5625,256.5"
Kradangnga_800_4.png,512,267,green-800,"395.3125,244.0;302.6625,10.6"
Kradangnga_800_4.png,512,267,green-800,"334.05625,33.15;290.1625,6.21875"
Kradangnga_800_4.png,512,267,green-800,"395.61875,24.8"
Kradangnga_800_4.png,512,267,green-800,"112.24,16.885625"
Kradangnga_800_4.png,512,267,green-800,"304.83875,63.379375;310.8375,56.26875"
Kradangnga_800_4.png,512,267,green-800,"384.18125,160.68125"
Kradangnga_800_4.png,512,267,coconut-800,"55.4375,100.0;76.6875,162.5;61.0625,108.125;64.1875,81.25;154.1875,221.875;54.8125,243.125;42.9375,221.25;76.0625,131.25;127.3125,205.625;236.6875,177.5;261.0625,174.375;294.1875,83.125;322.9375,129.375;256.0625,237.5;246.6875,102.5;412.98125,140.76875"
Kradangnga_800_4.png,512,267,coconut-800,"66.125,108.6875"
Kradangnga_800_4.png,512,267,coconut-800,"315.3125,198.125;442.1875,161.25;437.1875,158.75;412.375,175.0"
Sambava_800_1.png,512,267,non-green-800,"263.45125,89.104375"
Sambava_800_1.png,512,267,green-800,"367.625,259.875;387.0,251.125;328.875,205.5;244.5,248.625;268.25,258.0;302.625,233.625;362.0,261.125;388.875,184.25;382.625,156.75;382.0,173.0;380.125,140.5;383.875,134.875;380.75,107.375;374.5,91.75;373.25,83.0;374.5,64.25;372.0,13.0"
Sambava_800_1.png,512,267,Coconut-800,"102.613125,16.306875;103.74375,25.72875"
Sambava_800_1.png,512,267,sea-800,"449.09125,11.075;457.21,26.298125;440.465,48.1175;467.35875,55.221875;467.35875,84.145;444.016875,76.02625;487.14875,122.71;460.255,141.485;448.58375,122.71;488.16375,100.890625;489.685625,60.803125;468.88125,112.56125;491.715625,79.578125;494.2525,36.95375;475.4775,38.47625;478.5225,13.611875;495.2675,14.626875;496.79,27.3125;484.10375,27.3125;467.86625,8.03;460.255,43.043125;453.658125,61.818125;464.314375,74.50375;457.21,97.33875;438.9425,102.92;429.30125,125.755;443.509375,136.918125;460.761875,154.67875;447.06125,179.5425;428.28625,183.095;425.749375,202.884375;425.749375,212.525625;443.509375,222.674375;443.001875,238.9125;422.1975,250.583125;417.63,235.360625;415.600625,257.18;429.250625,153.66375;425.03875,148.944375;422.80625,156.606875;420.42125,144.326875;423.66875,92.720625;412.505,44.0075;419.609375,21.173125;419.609375,5.95;469.845,26.754375;453.1,84.094375;437.876875,90.69125;431.28,70.39375;444.47375,31.82875;476.949375,68.364375;475.934375,51.61875;502.828125,49.081875;503.335625,24.725;503.843125,8.486875;488.62,8.486875;475.934375,206.385625;451.5775,202.32625;465.785625,236.324375;490.65,239.87625;466.800625,220.086875;483.545625,218.056875;488.1125,183.55125;474.411875,181.014375;467.815625,197.251875;467.308125,166.80625;441.93625,165.79125;426.205625,170.865625;417.579375,192.1775;415.0425,210.445625;418.594375,221.60875;435.34,225.668125;440.41375,196.744375;454.621875,224.65375;447.518125,250.5325;470.86,261.18875;474.411875,242.92125;457.159375,257.129375;439.906875,260.17375;487.605625,258.65125;501.30625,257.129375;501.30625,229.220625;476.949375,227.190625;500.29125,208.415625;488.62,200.296875;459.69625,187.10375;457.666875,211.46;442.44375,210.445625;482.02375,155.135;476.441875,131.285625;501.30625,136.36;502.828125,162.746875;485.068125,169.850625;503.843125,184.56625;500.29125,110.98875;503.843125,88.15375;474.919375,94.243125;450.5625,111.495625;420.116875,59.23;436.861875,58.723125;425.69875,41.47;425.69875,110.98875;422.65375,127.73375;418.086875,181.014375;501.81375,66.334375;488.62,140.926875"
Sambava_800_1.png,512,267,sea-800,"459.69625,124.181875;496.231875,154.12;498.76875,245.965625;479.99375,252.055;489.635,229.220625;471.3675,148.03125;442.95125,154.6275;435.846875,117.0775;433.8175,191.163125;435.846875,175.4325;447.518125,192.685;453.6075,173.4025;454.115,161.224375;450.5625,147.01625;431.7875,138.8975;452.5925,134.838125;438.384375,126.21125;448.025625,42.485;460.20375,19.650625;482.53125,111.495625;501.81375,125.196875"
Sambava_800_1.png,512,267,non-green-800,"398.804375,4.4275;396.2675,11.024375;395.2525,21.68;395.76,31.32125;395.76,37.918125;400.326875,45.021875;399.311875,50.09625;397.789375,59.23;400.834375,75.468125;403.87875,67.349375;396.2675,67.856875;394.745,76.483125;394.2375,86.631875;403.87875,84.094375;397.2825,82.065;406.92375,77.498125;405.90875,94.243125;399.819375,91.19875;401.341875,103.884375;396.2675,97.2875;394.2375,104.391875;399.666875,109.618125;399.210625,117.0775;405.24875,115.403125"
Sambava_800_1.png,512,267,non-green-800,"399.0,130.5;399.625,143.625;399.625,156.125;400.25,171.125;402.125,180.5;407.125,151.75;407.125,139.875;399.625,193.625;397.125,226.125;398.375,209.875;398.375,243.625;400.25,236.75;398.375,255.5"
Sambava_800_1.png,512,267,non-green-800,"407.75,163.625;407.125,127.375;169.0,133.0;169.625,137.375;153.375,160.5;153.375,168.0;153.375,174.25;113.375,255.5;110.875,259.875;107.75,263.625"
Sambava_800_1.png,512,267,non-green-800,"256.18125,48.06875;138.375,224.25;134.625,231.125;133.8125,226.0;148.4375,226.0;142.5625,225.8125;136.375,218.875;173.875,133.25"
Sambava_800_1.png,512,267,non-green-800,"115.75,138.875;120.125,142.625;115.25,145.0625;122.0,163.875;123.625,160.625;130.4375,153.125;117.875,153.75;122.25,153.125;119.125,148.75;119.75,134.375;159.125,21.875;157.5875,15.625;156.625,9.375"
Sambava_800_1.png,512,267,non-green-800,"257.75,33.9375;256.5,39.5625;262.125,37.6875"
Sambava_800_1.png,512,267,non-green-800,"258.375,43.375"
Sambava_800_1.png,512,267,non-green-800,"160.5625,31.4375;161.1875,42.6875"
Sambava_800_1.png,512,267,non-green-800,"136.1875,256.4375;133.0625,261.4375;128.0625,263.3125"
Sambava_800_1.png,512,267,green-800,"173.6875,231.4375;183.0625,203.3125;174.3125,200.80625;167.4375,208.3125;168.6875,217.6875;186.1875,237.6875;182.625,246.5;168.5625,249.875;177.8125,245.8125;175.875,258.625;190.625,260.9375;204.4375,256.875;218.5,257.0625;208.5625,254.375;224.375,254.0625;223.125,245.9375;255.0,262.8125;255.0,257.8125"
Sambava_800_1.png,512,267,green-800,"169.5,263.625;285.125,212.375;375.75,219.25;355.75,213.625;346.375,225.5;373.25,237.375;382.625,193.0;319.5,196.75;315.125,219.25"
Sambava_800_1.png,512,267,green-800,"381.375,163.625;352.625,198.0;307.625,243.625;327.625,224.875;327.0,239.25;265.125,228.0;333.875,251.75;283.875,231.125;305.5,263.8125;272.5,235.6875;264.9375,236.75;363.9375,238.6875;336.9375,235.4375;308.3125,210.625;303.25,212.375;368.5625,254.125;377.3125,246.625;378.5625,204.75;376.6875,110.375;377.9375,104.125;372.5625,54.9375;264.4375,18.6875;267.5625,14.3125;258.1875,104.9375;264.4375,78.0625;263.8125,69.9375;255.90625,63.86875;250.6875,69.9375;249.4375,82.4375;265.6875,31.1875;270.6875,63.6875;200.0625,26.1875;254.4375,98.0625;110.0625,41.1875;136.3125,109.3125;93.8125,199.3125;120.0625,218.0625;156.9375,248.6875;154.4375,213.6875;150.0625,209.9375;176.3125,184.3125;129.4375,196.1875;110.6875,169.3125;48.1875,129.3125;76.9375,192.4375;96.3125,214.3125;111.3125,183.0625;160.0625,142.4375;146.9375,139.9375;147.5625,149.3125;161.9375,184.3125;156.9375,232.4375;45.0625,42.4375;69.4375,16.8125;6.9375,13.6875;47.5625,27.4375;42.5625,19.3125;19.4375,41.8125;24.4375,32.4375;17.5625,29.3125;13.1875,36.8125;31.3125,21.1875;30.0625,113.6875;48.1875,171.1875;141.3125,121.1875;112.5625,35.5625"
Sambava_800_1.png,512,267,green-800,"69.25,40.5625;46.125,14.9375;63.0,14.9375;60.5,26.1875;13.0,58.0625;58.0,34.3125;56.125,18.0625;248.0,34.3125;256.125,21.1875;255.5,9.9375;335.5,199.3125;331.375,216.4375;354.5,242.0625;339.5,250.8125;389.5,262.0625;291.375,230.8125;297.6875,251.8125;312.6875,254.9375;293.3125,208.6875;330.8125,260.5625;278.25,248.6875;245.75,258.5;244.5,239.125"
Sambava_800_1.png,512,267,green-800,"73.875,30.375;12.625,14.75;37.0,15.375;18.875,5.375;4.5,5.375;6.375,52.25;18.875,61.625;26.375,40.375"
Sambava_800_1.png,512,267,Coconut-800,"197.44375,133.9125;198.961875,142.838125;186.29375,142.33125"
Sambava_800_1.png,512,267,Coconut-800,"210.4875,221.7"
Sambava_800_1.png,512,267,Coconut-800,"210.915625,170.1825;243.710625,139.405;224.37,148.99125;191.575,148.31875;191.9125,153.86875;191.07,143.94625"
Sambava_800_1.png,512,267,Coconut-800,"192.92,157.905;194.0975,167.659375;197.293125,165.136875;195.275,176.909375;231.24875,221.023125;244.938125,199.781875;242.4325,212.345"
Sambava_800_1.png,512,267,Coconut-800,"275.2275,103.766875"
Sambava_800_1.png,512,267,Coconut-800,"277.30625,174.293125;278.32375,178.944375;297.655625,142.89625;264.47125,195.39875;260.895625,198.98875;263.933125,191.386875"
Sambava_800_1.png,512,267,Coconut-800,"266.143125,183.46875"
Sambava_800_1.png,512,267,Coconut-800,"28.5575,95.896875;36.125625,99.596875;40.666875,101.615;311.21875,7.8875"
Sambava_800_1.png,512,267,non-green-800,"27.100625,231.730625;24.6,229.68125;24.35,226.8375;25.74375,223.38125;28.65625,243.66875;24.536875,239.771875;28.265625,247.579375;34.441875,255.386875;36.78125,252.75;40.1525,252.240625;111.6375,263.78125"
Sambava_800_1.png,512,267,Coconut-800,"212.294375,205.331875;202.371875,218.11375;202.708125,223.15875;205.399375,220.131875;244.080625,222.15;238.530625,184.81375;234.6625,188.1775;221.208125,182.29125;221.7125,187.336875;224.066875,201.1275;253.330625,182.459375;253.330625,177.750625;251.985,167.659375;252.6575,173.209375;243.408125,169.6775;243.24,164.800625;239.035,162.950625;241.72625,155.550625;233.316875,152.01875;228.944375,150.84125;225.580625,153.700625;219.52625,173.209375;285.789375,173.545625;286.63,177.245625;293.189375,193.559375;303.61625,184.81375;281.48125,171.10625;302.60625,175.225"
Sambava_800_1.png,512,267,Coconut-800,"207.31875,142.1375;348.5125,124.425;280.25,136.41875;72.873125,96.62;205.475,159.15;35.536875,126.724375;25.44375,108.73125"
Sambava_800_1.png,512,267,Coconut-800,"178.944375,116.9975;176.80875,102.424375;194.145,104.81125;195.27625,113.605625;191.255625,117.374375;207.713125,115.113125;212.86375,121.394375;220.6525,120.389375;221.6575,129.434375;217.38625,127.926875;215.125,141.369375;203.001875,113.643125;209.29625,102.78875;208.64375,98.0625;199.635,90.075625;200.501875,94.30875;194.86125,83.455;243.90625,112.375;183.4375,92.3;213.43125,11.4875;184.41875,96.95625;193.45,100.28125;178.466875,85.414375;174.660625,84.22125;206.15,137.5875;223.8375,112.73125;225.476875,95.515;238.1775,127.5375;235.35125,135.5775;238.944375,133.404375;239.484375,137.31125;246.544375,130.79125;252.298125,116.24375;228.40375,87.68875"
Sambava_800_1.png,512,267,Coconut-800,"281.186875,145.0475;298.775,151.879375;256.69375,148.51875;294.95,151.075;286.855625,156.675625;354.93125,61.88125;338.020625,137.78;342.526875,144.320625;346.741875,145.48375;357.353125,132.6925;353.864375,135.163125;350.37625,138.070625;330.14375,112.825;302.845,123.389375;294.26875,119.319375;292.960625,110.016875;281.041875,110.016875;213.4875,16.025;345.50625,48.19375;289.39375,82.075;282.93125,91.85;280.61875,77.69375;342.84375,91.7125;259.55625,168.59375;234.3625,104.1;316.944375,80.364375;321.305,82.254375;258.25,157.9125;327.41,93.155625;318.398125,89.6675;316.8,102.16875;315.63625,97.806875;286.70625,63.43125;304.589375,111.18"
Sambava_800_1.png,512,267,Coconut-800,"256.375,144.1;346.3,84.58125;323.98125,127.23125;296.594375,138.36125;296.30375,133.564375;291.6525,131.675;285.256875,116.121875;277.553125,121.790625;276.3375,165.19375"
Sambava_800_1.png,512,267,Coconut-800,"357.450625,48.588125;357.2825,43.87875;360.9825,46.40125;356.441875,39.50625;348.5375,39.8425;340.633125,41.02;328.019375,40.851875;326.3375,31.77;330.541875,28.7425;331.383125,33.451875;331.719375,37.9925;332.391875,42.70125;332.72875,47.746875;333.569375,52.288125;333.7375,57.8375;333.7375,62.37875;335.419375,66.919375;338.783125,63.555625;348.93125,44.69375;325.496875,53.12875;324.15125,43.87875;323.47875,39.338125;314.733125,35.974375;295.28125,181.56875;308.846875,24.538125;304.97875,27.565625;282.175,87.16875;285.08125,53.73125;339.2,32.025;330.205625,24.37;337.269375,18.315625;345.341875,21.174375;346.519375,26.388125;347.02375,30.760625;343.66,29.246875;350.3875,23.360625;315.69375,181.08125;349.88125,81.11875;359.6375,31.938125;356.27375,34.62875;360.141875,36.310625;357.7875,17.474375;294.383125,35.80625;253.375,151.48125;273.52875,89.455625;299.71875,157.6375;288.665,29.58375;293.038125,26.55625;291.860625,16.63375;335.6625,9.525;311.20125,12.765625;308.3425,15.288125;294.60625,40.725"
Sambava_800_1.png,512,267,Coconut-800,"345.65625,162.33125;227.65,141.64375;341.305625,161.181875;353.80625,161.181875;326.63125,172.375;340.564375,155.8475;334.285,166.53125;333.15125,161.879375;325.10625,163.08125;302.88875,154.46625"
Sambava_800_2.png,512,267,sea-800,"304.98,38.98375;309.039375,48.625;329.336875,46.595;323.755,56.74375;318.173125,49.1325;276.05625,57.25125;260.83375,31.3725;286.205,35.431875;287.7275,60.803125;256.77375,59.78875;238.50625,40.50625;226.328125,25.283125;244.595625,13.104375;206.030625,16.656875;192.33,13.104375;177.614375,7.523125;219.22375,8.5375;239.52125,28.3275;228.3575,44.058125;234.446875,59.78875;250.685,74.50375;260.18125,88.96875;279.60875,95.81625;328.829375,107.4875;304.4725,91.249375;304.4725,110.024375;356.230625,111.546875;363.8425,131.84375;338.978125,122.71;396.318125,128.799375;397.333125,155.693125;379.065625,145.544375;375.005625,126.2625;420.675,154.67875;400.885,144.53;401.9,173.960625;418.1375,177.005625;421.69,208.97375;443.001875,206.436875;434.375625,232.315625;433.3625,249.0625;422.2,224.19375"
Sambava_800_2.png,512,267,sea-800,"277.57875,79.070625;308.5325,67.9075;327.3075,84.6525;298.38375,82.115625;334.41125,71.966875;337.455625,55.72875;349.634375,81.100625;339.485625,94.80125;361.305,95.30875;364.8575,106.4725;383.6325,107.994375;383.6325,122.71;386.169375,137.933125;415.093125,144.53;407.989375,134.88875;412.04875,161.7825;435.898125,172.43875;434.883125,187.154375;424.734375,195.273125;465.83625,195.780625;449.09125,187.154375;452.643125,207.45125;446.04625,240.434375;438.435,259.21;445.05625,251.0375;455.6875,257.18;455.180625,237.39;458.7325,224.196875;443.509375,221.1525;273.011875,11.5825;254.236875,42.028125;273.519375,46.595;255.759375,18.68625;255.759375,7.523125"
Sambava_800_2.png,512,267,non-green-800,"306.20125,136.034375;241.11,102.478125;214.426875,61.240625;204.72375,52.345625"
Sambava_800_2.png,512,267,non-green-800,"217.0,72.6875"
Sambava_800_2.png,512,267,sea-800,"393.625,91.5;439.875,52.75;405.5,54.0;416.75,102.75;379.25,70.875;361.75,48.375;296.125,50.25;300.5,16.5;274.875,19.625;289.875,24.0;289.25,8.375;342.375,17.125;319.25,29.0;355.5,36.5;389.875,13.375;336.75,31.5;359.875,15.25;326.125,10.25;378.625,35.25;359.25,66.5;409.875,79.0;376.75,92.125;417.375,120.25;451.125,101.5;451.75,130.875;431.75,128.375;442.375,152.125;461.75,167.125;481.75,183.375;483.625,200.25;479.25,224.625;475.5,247.75;500.5,248.375;497.375,225.875;489.25,257.125;470.5,213.375;489.875,239.625;501.75,200.25;499.25,170.875;481.75,160.25;496.125,145.875;484.25,124.625;465.5,145.875;481.125,140.25;469.875,116.5;436.75,115.875;399.875,110.25;431.75,93.375;463.0,85.875;482.375,85.875;490.5,106.5;471.75,99.625;502.375,126.5;501.125,100.875;499.875,77.125;499.875,48.375;496.75,23.375;476.125,13.375;446.125,10.25;503.625,9.625;424.875,9.625;408.0,10.25;373.0,19.625;369.875,6.5;412.375,34.0;378.625,52.75;399.25,74.625;428.0,66.5;443.0,75.25;455.5,72.75;484.25,62.75;465.5,40.875;434.875,29.0;424.25,49.625;397.375,35.875;410.5,21.5;391.125,62.125;453.0,24.625;463.0,62.75;482.375,38.375;449.875,39.0;476.75,24.0;466.125,7.125"
Sambava_800_2.png,512,267,green-800,"108.980625,78.5875;82.369375,134.424375;70.744375,103.378125"
Sambava_800_2.png,512,267,green-800,"28.875,106.125;132.625,6.125;48.875,4.25;12.20625,163.0"
Sambava_800_2.png,512,267,Coconut-800,"169.918125,106.615625;173.97375,103.046875;166.025,109.859375;222.774375,160.03125;223.16375,164.50875"
Sambava_800_2.png,512,267,Coconut-800,"256.4475,199.991875;257.6125,204.93125;259.06375,209.149375"
Sambava_800_2.png,512,267,Coconut-800,"222.474375,183.455;223.285625,187.834375;259.134375,234.445625;263.254375,230.860625;266.62,228.468125;268.475,237.7"
Sambava_800_2.png,512,267,Coconut-800,"264.629375,240.56875;196.7875,153.75625"
Sambava_800_2.png,512,267,non-green-800,"189.9875,33.45625;166.9375,17.0625"
Sambava_800_2.png,512,267,Coconut-800,"279.268125,182.258125;300.780625,206.3875;310.519375,194.1775;313.426875,185.8925;240.080625,244.179375;235.690625,242.536875;238.96125,234.49875;231.4175,240.778125;239.135625,265.6925;226.79375,265.4;234.90625,264.064375;272.85625,264.78125;279.6175,259.529375"
Sambava_800_2.png,512,267,Coconut-800,"281.364375,242.805;289.246875,241.30375;279.675,234.640625;278.924375,230.0425;277.79875,224.69375;271.88625,238.86375;266.35,249.28;231.496875,193.219375;286.26875,249.6125;277.404375,220.283125;276.76625,215.731875;276.278125,210.40125;265.1125,197.975;253.4875,189.00625;312.84375,206.65625;245.18125,172.6375;205.5375,170.7125;292.625,229.275;242.68125,185.15625;245.5625,177.7625;178.05,105.4375"
Sambava_800_2.png,512,267,non-green-800,"199.5625,39.9375;175.8125,24.3125;160.1875,9.9375;212.6875,51.1875;225.8125,82.4375;231.4375,91.8125;250.1875,114.3125;258.3125,120.5625;265.8125,127.4375;275.8125,127.4375;285.8125,132.4375;294.5625,129.3125;317.6875,132.4375;326.4375,139.9375;339.5625,146.1875;343.3125,154.9375;355.1875,158.6875;367.0625,171.8125;360.1875,180.5625;373.9375,183.6875;362.6875,161.8125;375.8125,196.1875;384.5625,200.5625;387.0625,211.8125;388.9375,226.1875;395.8125,233.6875;391.4375,239.9375;398.9375,250.5625;396.4375,261.8125;368.9375,178.0625;350.1875,149.9375;316.4375,139.9375;381.4375,189.3125"
Sambava_800_2.png,512,267,non-green-800,"367.6875,187.4375;357.0625,166.1875;183.9375,28.0625;201.4375,46.1875;333.9375,138.6875;386.4375,219.3125"
Sambava_800_2.png,512,267,non-green-800,"80.505625,199.619375;153.13625,80.183125"
Sambava_800_2.png,512,267,non-green-800,"124.53125,72.9"
Sambava_800_2.png,512,267,green-800,"7.125,69.3125;116.78125,13.69375;89.8875,123.6875"
Sambava_800_2.png,512,267,green-800,"204.625,85.5625;209.625,105.5625;235.875,130.5625;240.25,127.4375;195.875,56.1875;114.23125,110.26875"
Sambava_800_2.png,512,267,green-800,"103.0,35.25;71.125,10.25;19.625,10.58125;112.83125,55.26875;94.25,44.625;297.375,218.375;291.9375,214.0;56.5625,135.1875"
Sambava_800_2.png,512,267,green-800,"12.75,23.0625;222.125,109.3125;331.5,161.8125;149.11875,34.2875;83.375,13.6875"
Sambava_800_2.png,512,267,green-800,"38.0,156.625;123.60625,5.725;203.625,69.75;301.125,149.75;273.625,149.75;56.125,32.25;86.75,52.25;147.125,14.75;83.375,27.25;165.2875,33.14375;167.64375,57.98125;45.875,251.625;27.125,192.875;96.825,186.95;344.0,172.25;162.58125,26.475;367.90625,196.625;19.0,144.125;27.75,254.75;55.25,17.25;24.7,10.4375;47.125,81.625;212.75,83.5;372.125,243.5;89.025,166.89375;198.34375,85.61875;45.25,169.125;287.75,144.125;110.875,101.0;102.75,84.75;267.75,219.125;111.33125,141.9125"
Sambava_800_2.png,512,267,green-800,"69.09375,33.53125;25.5,239.9375;131.75,126.1875;89.575,6.9125;112.5,123.325;47.63125,98.75625;170.525,53.3625;34.25,177.4375;128.59375,29.89375;62.66875,48.85625;62.375,24.3125;42.04375,25.34375;17.375,61.1875;324.25,157.4375;365.5,201.1875;117.375,138.0625;44.25,123.6875;116.875,150.8125;56.5,219.875;31.5,202.375;148.56875,57.0875;42.75,231.125;371.05625,236.125;373.375,231.125"
Sambava_800_3.png,512,267,sea-800,"7.125,138.9375;4.625,161.4375;5.25,181.4375;15.875,222.0625;30.875,234.5625;24.0,226.4375;38.375,197.0625;52.75,179.5625;44.625,181.4375;71.5,115.8125"
Sambava_800_3.png,512,267,sea-800,"194.636875,32.66625;209.53,35.7475;213.124375,25.476875;222.881875,23.4225;229.558125,35.7475;266.019375,109.6975;283.993125,92.236875;271.668125,76.3175;280.911875,72.20875;280.911875,62.451875;292.21,45.505;357.429375,116.886875;344.590625,100.45375;333.293125,93.7775;321.995,97.3725;333.806875,114.833125;334.32,130.239375;334.83375,169.268125;329.698125,180.0525;323.0225,189.81;340.99625,212.919375;345.104375,218.568125;350.753125,224.730625;365.64625,212.405625;371.295,204.7025;362.565,193.918125;392.35,196.485625;406.729375,222.163125;407.75625,236.02875;436.515,218.054375;442.676875,206.756875;428.298125,171.835625;404.161875,171.835625;412.891875,153.861875;413.405625,168.754375;402.62125,141.023125;388.241875,128.185;373.349375,132.293125;387.215,111.751875;385.674375,97.3725;384.646875,87.101875;383.62,75.80375;374.37625,60.3975;369.754375,52.180625;367.186875,38.315;363.078125,30.09875;350.753125,22.909375;402.62125,82.48;401.59375,94.805;403.648125,113.805625;400.566875,105.075625;397.999375,129.725625;436.515,125.10375;444.73125,133.320625;444.73125,118.94125;448.839375,108.156875;430.3525,104.561875;425.730625,92.236875;428.298125,76.830625;433.43375,76.830625;433.43375,76.830625;404.675,49.613125;396.45875,37.288125;385.160625,22.909375;381.0525,35.7475;386.70125,55.261875;397.485625,13.151875;426.24375,47.045625;419.568125,38.82875;411.865,30.09875;436.00125,33.69375;424.703125,17.26;440.109375,18.800625;435.4875,4.421875;449.866875,83.506875;453.975,79.39875;459.110625,72.7225;461.164375,59.370625;449.353125,58.856875;438.56875,59.88375;474.516875,51.15375;469.38125,52.694375;478.625,68.614375;474.516875,80.939375;491.46375,91.21;486.841875,83.506875;463.7325,112.77875;464.759375,134.86125;460.65125,120.481875;478.625,130.239375;482.22,150.266875;479.651875,146.15875;473.489375,153.861875;460.65125,160.538125;448.839375,147.185625;428.811875,138.455625;427.27125,150.266875;417.0,132.293125"
Sambava_800_3.png,512,267,sea-800,"501.0,251.5625;507.875,260.9375"
Sambava_800_3.png,512,267,sea-800,"5.375,256.75;9.125,240.5;14.125,251.125;22.875,259.875;59.0625,229.375;53.9375,207.3125;27.75,198.5625;30.8125,221.6875;29.8125,241.6875;47.25,173.375;71.375,199.5625;83.1875,218.5625;85.75,251.4375;107.3125,248.875;121.6875,237.0625;121.6875,207.8125;112.4375,194.9375;95.0,184.1875;75.0,163.625;63.6875,145.125;33.375,132.8125;15.9375,144.625;13.875,164.6875;10.25,188.8125;4.625,207.8125;5.625,220.625;42.125,241.1875;48.25,260.6875;62.625,264.3125;11.8125,231.9375;13.875,210.875;30.3125,164.125;48.25,152.875;22.625,185.1875;17.4375,136.9375;6.1875,115.375;13.375,81.5;26.6875,60.9375;58.0625,59.875;63.1875,68.125;65.25,87.125;72.4375,99.9375;82.6875,112.3125;94.5,116.875;109.375,114.875;115.0625,102.0;99.625,75.8125;85.75,75.3125;82.6875,45.5;79.0625,37.3125;65.25,26.5;48.8125,22.9375;32.875,23.4375;18.5,30.125;9.75,22.9375;10.8125,8.5625;25.1875,6.0;48.25,4.9375;65.25,10.0625;98.0625,17.25;105.25,22.9375;115.0625,38.3125;119.125,50.6875;120.1875,68.125;131.5,114.3125;135.5625,128.1875;141.75,137.4375;146.875,143.625;150.5,148.75;164.3125,152.875;174.625,146.6875;185.375,132.8125;178.6875,110.25;154.0625,113.3125;129.9375,93.8125;145.875,78.375;155.625,79.9375;157.125,98.9375;147.375,104.5625;167.4375,123.0625;155.0625,128.6875;161.25,188.8125;179.75,211.9375;174.0625,237.5625;159.1875,250.4375;129.4375,258.625;102.1875,260.1875;92.9375,232.9375;71.875,240.125;109.875,222.1875;95.0,201.625;75.5,189.8125;63.6875,181.125;47.25,194.9375;38.5,209.3125;44.6875,222.1875;70.375,215.5;31.8125,181.125;46.75,155.4375;30.3125,148.25;62.625,121.0;89.375,143.125;106.3125,155.4375;122.75,172.375;135.5625,189.8125;143.25,208.8125;143.8125,227.3125;134.5625,239.625;141.75,255.0625;167.9375,260.6875;183.3125,261.75;194.125,254.0;202.3125,230.375;204.375,217.0625;193.625,200.125;184.875,190.875;174.0625,182.625;157.6875,173.375;140.6875,164.125;129.4375,155.4375;117.0625,146.1875;104.75,138.5;96.0625,134.875;89.875,130.75;62.625,110.25;43.125,104.0625;26.6875,114.3125;37.0,84.5625;48.8125,85.0625;34.9375,58.875;21.5625,43.4375;8.75,52.1875;14.875,71.6875;28.75,77.875;14.875,102.5;7.1875,102.5;46.75,118.9375;48.25,136.4375;94.0,169.3125;107.3125,178.0;67.25,140.0;117.625,184.6875;166.375,215.5;151.5,183.125;179.25,204.1875;154.5625,240.125;183.3125,229.875;176.6875,249.375;219.3125,230.375;209.5,192.9375;191.5625,171.875;177.6875,165.6875;197.1875,147.6875;206.4375,135.375;206.4375,124.625;200.3125,105.0625;187.4375,83.5;175.625,68.125;159.6875,53.75;145.875,36.8125;133.5,17.8125;148.4375,14.1875;175.125,28.5625;184.875,38.3125;193.625,46.0625;198.25,53.25;204.375,60.4375;211.5625,71.1875;216.1875,79.4375;222.875,86.0625;229.0625,92.75;246.0,113.3125;256.25,119.5;270.625,124.0625;282.4375,117.9375;291.1875,108.1875;304.5625,85.5625;328.125,53.75;354.375,33.1875;373.375,20.875;393.375,27.0625;404.1875,39.375;409.8125,60.4375;412.375,72.25;409.3125,102.5;404.1875,126.125;398.5,155.4375;398.0,189.8125;425.75,214.5;450.875,177.5;470.9375,124.625;482.1875,75.8125;490.4375,35.25;502.75,27.0625;500.1875,65.5625;497.125,95.3125;500.1875,122.0625;495.0625,148.25;490.4375,174.9375;480.6875,207.3125;476.0625,228.3125;476.0625,257.625;487.375,239.125;492.5,201.625;481.1875,233.5;482.1875,257.625;505.8125,172.875;505.8125,151.8125;467.8125,164.125;465.25,191.375;448.8125,218.0625;440.125,245.8125;433.4375,263.25;414.4375,246.8125;387.1875,247.875;371.8125,260.1875;354.375,237.5625;350.25,212.9375;372.3125,178.5;380.5625,204.75;372.3125,225.25;361.5625,204.75;344.0625,179.0625;339.9375,155.4375;361.5625,129.25;354.875,104.0625;337.375,110.25;319.9375,129.75;299.9375,152.875;276.3125,151.3125;253.6875,140.0;231.625,124.625;214.125,105.0625;201.8125,86.0625;185.875,61.4375;219.3125,29.625;229.0625,58.375;248.5625,26.5;249.5625,62.4375;270.625,67.0625;288.625,36.8125;306.0625,18.8125;300.9375,49.625;290.6875,69.125;313.75,77.875;325.5625,83.5;320.4375,113.8125;293.75,124.625;296.3125,146.1875;305.0625,184.6875;279.875,207.8125;257.3125,179.5625;229.5625,156.4375;214.6875,171.875;228.0,185.6875;238.8125,205.25;240.3125,222.6875;237.25,247.875;239.8125,258.125;269.625,245.3125;256.75,212.9375;250.125,192.375;248.5625,231.4375;282.9375,219.625;288.625,246.3125;309.6875,260.6875;321.5,235.0;306.0625,215.0;269.125,181.625;293.75,168.25;291.1875,191.375;320.4375,201.625;327.625,222.1875;339.4375,246.3125;349.75,262.75;379.5,237.0625;361.0,245.3125;335.375,221.125;319.9375,169.3125;317.875,150.3125;346.125,140.0;309.125,136.9375;306.5625,109.1875;272.1875,93.8125;258.8125,105.0625;241.375,80.9375;288.625,84.0625;278.3125,105.0625;261.375,80.4375;244.9375,92.75;266.0,45.5;237.25,43.4375;212.125,46.0625;222.875,68.625;231.625,86.0625;211.5625,62.4375;202.3125,26.5;180.75,15.75;219.3125,11.125;249.0625,11.625;268.0625,18.3125;268.0625,34.25;287.0625,10.0625;299.375,28.5625;319.4375,38.3125;337.9375,34.25;347.6875,51.1875;353.8125,70.6875;373.875,71.1875;374.375,84.0625;375.9375,101.0;376.9375,119.5;371.3125,138.5;357.9375,155.4375;364.125,164.125;380.0,160.5625;387.1875,163.625;387.1875,172.875;382.0625,185.6875;374.375,193.9375;364.125,186.75;346.625,193.9375;339.4375,201.125;320.4375,180.5625;339.9375,164.125;360.0,169.3125;328.125,155.9375;341.0,126.6875;365.125,110.75;283.5,169.8125;266.0,161.0625;251.125,156.9375;235.1875,139.0;217.75,144.625;238.3125,173.9375;222.875,111.75;212.125,131.8125;187.9375,99.9375;170.5,90.1875;171.0,53.75;144.3125,58.875;130.4375,48.0625;125.8125,32.1875;119.125,14.1875;103.75,6.5;86.25,4.4375;80.125,16.75;86.25,37.8125;102.1875,52.1875;100.125,62.4375;85.75,63.5;71.375,53.25;60.0625,43.4375;46.75,41.9375;37.0,42.9375;91.9375,98.9375;115.0625,85.0625;100.6875,104.0625;90.875,84.0625;45.6875,67.625;73.9375,82.0;204.875,158.0;191.5625,116.375;225.4375,131.8125;235.6875,106.625;263.9375,91.75;243.9375,74.25;234.6875,65.5625;260.375,55.25;247.5,48.0625;256.25,34.75;233.125,27.0625;224.4375,42.9375;206.4375,13.6875;205.9375,41.9375;188.5,27.0625;193.125,10.0625;162.3125,20.375;158.6875,34.75;179.25,45.5;289.625,22.4375;279.375,46.5625;291.1875,59.875;273.1875,53.75;307.625,63.0;338.4375,75.3125;341.0,86.0625;331.25,102.5;313.75,100.5;293.25,97.875;275.75,82.0;360.0,144.625;374.375,153.875;399.0,149.25;415.4375,145.125;420.5625,158.0;420.0625,175.9375;417.0,188.8125;406.75,210.375;394.9375,228.875;394.375,253.0;400.0625,263.75;331.25,262.75;304.5625,244.75;287.5625,230.9375;279.375,260.1875;272.6875,228.3125;252.6875,247.875;221.3125,246.8125;206.9375,258.625;233.6875,234.5;222.875,207.8125;213.125,211.375;244.9375,179.5625;266.5,150.3125;278.3125,132.3125;288.625,153.875;309.125,166.6875;350.75,201.625;328.6875,205.75;416.0,233.5;398.0,242.1875;407.75,256.5625;426.25,242.1875;444.75,256.5625;459.625,260.1875;460.125,242.1875;470.9375,241.6875;460.625,250.4375;440.125,239.125;458.625,227.3125;435.0,227.8125;417.0,221.6875;396.4375,216.5;374.375,214.5;402.625,196.5;439.625,188.3125;419.0625,202.6875;438.0625,169.3125;405.1875,178.5;405.1875,160.0625;420.5625,118.4375;387.1875,137.4375;393.875,109.1875;393.875,82.0;454.0,64.5;461.1875,104.0625;447.3125,125.125;437.5625,146.6875;471.9375,141.0625;494.0,128.1875;479.125,153.875;479.125,177.0;478.625,194.9375;458.0625,186.25;448.8125,200.625;461.6875,212.4375;486.3125,224.25;495.0625,160.5625;505.3125,133.3125;505.3125,101.5;487.375,101.5;473.5,119.5;451.375,113.8125;436.0,93.8125;465.8125,78.375;431.875,67.625;464.25,41.4375;480.6875,56.8125;493.5,75.3125;467.8125,61.4375;498.625,44.0;502.25,11.625;477.0625,7.0;455.5,25.5;441.625,44.5;418.5625,28.0625;440.625,9.5625;428.8125,38.3125;448.3125,16.75;429.8125,25.0;418.0,10.0625;393.375,9.0625;372.8125,6.5;374.375,39.375;389.75,44.5;390.3125,66.5625;365.125,60.4375;378.0,52.6875;360.5,46.0625;351.25,16.75;330.1875,18.3125;312.75,7.0;357.4375,7.5;317.875,25.5;332.25,4.4375;261.375,4.4375;255.75,25.5;233.125,18.3125;229.5625,5.4375;172.0625,4.9375;168.9375,38.3125;153.0625,3.9375;134.0625,9.5625;115.0625,3.9375;147.375,27.0625;134.0625,33.1875;137.125,54.75;132.0,69.6875;124.8125,83.0;144.3125,90.1875;135.5625,106.625;119.125,109.6875;122.25,127.1875;140.1875,145.6875;154.0625,162.125;125.8125,137.4375;175.125,174.4375;191.0625,160.0625;198.25,185.1875;214.125,180.5625;201.3125,170.3125;216.6875,155.4375;229.5625,170.8125;238.8125,187.25;219.3125,194.4375;244.4375,202.125;248.5625,214.5;253.1875,231.4375;256.25,239.125;222.375,218.0625;202.875,239.125;215.6875,259.6875;201.8125,247.875;227.0,262.25;184.875,241.1875;157.6875,225.75;159.1875,240.6875;156.125,201.125;193.625,219.125;199.75,204.1875;184.875,215.0;167.9375,232.9375;133.0,223.75;122.75,219.625;125.8125,194.9375;135.5625,201.625;147.375,193.4375;138.6875,177.5;127.375,166.1875;117.625,162.125;108.375,169.3125;94.5,159.0;81.625,153.875;78.0625,140.5;76.5,125.125;58.5625,133.3125;58.5625,161.0625;63.6875,170.8125;86.8125,186.25;103.75,196.0;111.4375,204.1875;100.125,212.9375;90.875,216.0;81.625,205.25;98.625,230.375;109.875,241.1875;117.0625,250.4375;114.5,260.6875;95.0,251.9375;83.1875,237.5625;71.375,229.375;58.0625,247.875;78.0625,260.1875;36.4375,256.5625;34.9375,264.3125;15.9375,246.3125;40.5625,229.375;21.5625,236.0625;66.25,244.25;54.9375,222.1875;64.6875,199.5625;53.4375,187.75;26.1875,212.9375;37.0,187.25;18.5,200.625;2.0625,196.0;8.75,175.4375;22.0625,177.5;41.0625,170.8125;29.8125,154.375;16.4375,156.4375;6.1875,151.3125;11.3125,129.25;24.625,125.625;44.6875,127.1875;37.5,113.3125;31.8125,95.3125;17.4375,92.75;12.8125,61.4375;5.125,77.375;26.6875,87.625;40.5625,77.375;50.8125,95.3125;57.0,101.0;54.4375,79.4375;68.8125,71.6875;75.5,63.5;48.25,51.1875;28.25,51.6875;19.0,53.25;7.1875,40.875;30.8125,34.25;22.0625,17.8125;39.5625,17.25;44.6875,29.625;61.125,35.25;54.4375,16.75;84.25,27.0625;95.0,36.8125;68.8125,42.4375;85.75,54.25;113.5,28.0625;101.1875,44.5;105.8125,129.75;110.4375,136.9375;162.8125,143.625;174.625,133.3125;183.3125,118.9375;162.3125,109.6875;175.625,97.375;170.0,77.375;179.25,83.0;193.625,71.6875;238.8125,161.5625;242.375,149.25;247.5,129.75;268.0625,141.0625;260.375,195.5;262.9375,210.375;273.1875,212.9375;262.4375,228.3125;251.125,260.1875;287.5625,263.75;260.375,254.0;294.25,255.5625;298.875,230.375;293.75,210.375;311.1875,191.875;311.75,209.3125;306.5625,232.4375;320.4375,244.25;342.5625,228.3125;356.9375,219.125;332.75,189.8125;355.875,186.25;352.3125,164.6875;349.1875,147.6875;355.375,129.25;345.125,113.3125;350.25,92.25;361.5625,76.875;391.8125,123.5625;409.3125,114.3125;414.9375,91.25;392.875,96.875;416.5,82.5;424.6875,71.6875;416.5,51.1875;396.4375,59.875;412.375,41.9375;405.1875,20.375;402.625,4.9375;388.25,36.25;378.0,20.375;425.75,5.4375;441.125,26.5;450.875,41.9375;426.25,59.875;435.0,44.5;445.75,75.8125;431.375,86.0625;433.4375,112.8125;419.5625,102.5;440.125,103.0625;429.8125,131.3125;421.125,125.125;409.3125,138.5;393.875,147.6875;380.5625,149.75;393.875,170.8125;383.625,221.125;391.3125,206.75;389.25,186.75;363.0625,231.9375;376.4375,251.4375;383.625,261.75;367.1875,241.1875;349.1875,252.5;361.0,261.75;337.9375,258.125;328.6875,232.9375;320.4375,250.4375;338.4375,232.9375;347.6875,240.125;309.6875,227.8125;315.3125,211.9375;328.125,210.375;294.75,204.1875;304.0,200.625;269.625,198.5625;285.5625,179.5625;300.9375,174.4375;411.375,197.5;429.8125,198.0625;433.4375,211.375;442.1875,224.25;447.8125,232.9375;450.375,244.25;451.375,253.5;453.4375,263.25;418.0,263.25;424.6875,251.4375;433.4375,256.0625;415.4375,261.75;416.0,253.0;458.0625,204.1875;446.25,169.3125;456.5625,153.875;452.9375,140.0;454.5,127.1875;439.625,158.5;463.75,148.75;456.5625,131.8125;483.75,137.4375;490.4375,156.9375;469.375,174.4375;473.0,212.9375;468.375,226.8125;482.1875,247.875;490.9375,221.6875;490.9375,206.75;497.625,177.0;488.875,113.3125;495.5625,109.1875;466.3125,94.3125;474.5,108.1875;482.75,120.5;447.3125,93.25;478.625,89.6875;497.125,82.0;506.375,76.875;487.875,65.5625;470.9375,68.125;489.9375,59.375;480.1875,39.375;464.25,47.0625;447.8125,54.25;433.9375,54.75;440.125,67.625;454.0,52.6875;473.5,33.6875;465.8125,21.375;453.4375,8.0625;448.8125,3.4375;485.8125,2.375;483.75,20.375;484.25,28.5625;494.0,18.8125;469.875,15.25;492.0,16.75;501.75,3.9375;462.1875,7.5;490.4375,9.5625;506.875,40.375;507.875,57.3125;485.8125,48.0625;472.4375,46.0625;508.4375,112.8125;505.3125,117.4375;478.625,169.3125;486.8125,193.4375;468.875,204.75;448.8125,189.8125;437.5625,179.0625;427.25,183.6875;428.3125,156.4375;422.125,144.625;334.8125,142.5625;328.6875,121.5;323.5625,140.5;287.5625,142.0625;304.0,122.5625;327.125,70.6875;315.3125,55.8125;306.0625,44.5;305.0625,37.8125;336.375,64.0;354.875,57.3125;335.375,44.5;350.25,38.3125;330.1875,30.125;343.0625,21.875;342.5625,8.5625;346.625,0.8125;305.0625,12.125;300.9375,4.9375;273.1875,7.5;277.8125,20.375;274.25,34.75;257.3125,16.25;242.375,19.3125;244.9375,3.9375;207.5,4.9375;184.375,4.9375;196.1875,22.4375;165.875,67.625;153.5625,68.125;160.25,46.5625;146.875,44.5;117.0625,57.3125;107.3125,69.125;104.75,86.0625;82.1875,91.25;34.4375,105.0625;16.9375,114.3125;19.0,125.125;40.0625,143.625;42.125,165.6875;68.8125,153.875;164.3125,164.125;165.375,178.5;168.9375,196.5;179.75,218.0625;192.5625,229.375;192.0625,241.1875;154.0625,214.5;144.3125,218.0625;144.8125,239.625;148.4375,254.5625;149.9375,264.8125;180.75,154.375;193.125,135.875;233.125,148.75;259.3125,168.25;271.125,172.875;247.5,172.375;277.3125,192.375;284.0,201.125;278.3125,159.5;280.9375,143.125;299.9375,133.3125;307.625,153.875;316.875,160.5625;315.3125,124.0625;307.625,112.8125;320.4375,105.0625;320.4375,88.6875;306.5625,92.25;295.3125,73.25;317.875,62.4375;338.4375,50.6875;344.5625,30.125;361.0,19.3125;371.3125,31.625;369.25,14.1875;385.6875,13.6875;213.625,101.5;201.3125,76.3125;191.0625,61.4375;215.1875,93.25;189.0,92.25;200.8125,96.875;210.5625,86.625;141.75,65.5625;126.875,58.875;135.5625,78.375;138.6875,102.0;144.8125,116.875;149.4375,132.3125;154.0625,143.625;170.5,117.9375;188.5,127.6875;199.75,128.1875;187.4375,110.25;209.0,114.3125;217.75,120.5;237.25,119.5;252.125,126.6875;247.5,101.0;253.6875,85.0625;254.1875,72.25;345.125,65.5625;352.8125,80.9375;362.0625,92.75;364.125,101.5;368.75,90.1875;390.8125,74.25;401.5625,69.125;381.0625,61.4375;394.375,52.1875;403.625,30.125;416.0,22.4375;437.0,11.625;406.75,14.1875;416.0,1.375;382.5625,6.5;462.1875,35.25;445.25,35.75;471.9375,21.875;480.1875,9.0625;497.625,35.25;507.875,16.75;494.0,26.0;505.8125,88.6875;460.125,87.125;438.5625,85.0625;439.0625,143.625;448.8125,159.5;457.5625,171.875;462.1875,182.125;489.9375,234.5"
Sambava_800_3.png,512,267,sea-800,"494.625,258.3125;491.5,250.8125;497.125,242.6875;507.75,243.9375;504.625,238.9375;498.375,232.6875;467.125,250.8125;499.625,223.9375;505.875,230.1875;501.5,207.0625;489.0,213.9375;477.75,218.3125;499.625,216.4375;507.75,214.5625;474.0,187.6875;487.75,184.5625;500.875,187.6875;496.5,193.9375;502.75,197.0625;509.0,207.0625;506.5,187.0625;501.5,163.9375;481.5,161.4375;489.625,142.0625;498.375,137.6875;507.75,143.9375;316.5,14.5625"
Sambava_800_3.png,512,267,sea-800,"460.25,235.1875;468.375,262.0625;279.0,252.0625;267.125,258.3125;212.75,250.8125;211.5,240.8125;210.875,225.8125;229.625,224.5625;232.125,214.5625;224.0,238.9375;229.625,254.5625;296.5,263.9375;304.625,252.6875;297.125,240.1875;280.875,235.1875;277.75,243.9375;295.25,222.0625;314.0,243.9375;320.25,261.4375;329.625,252.0625"
Sambava_800_4.png,512,267,sea-800,"79.0,115.0;111.5,97.5;109.0,136.875;112.125,167.5;130.875,172.5;171.5,152.3125;175.625,137.4375;176.125,118.9375;183.875,87.125;211.0625,65.25;219.3125,75.0;220.3125,90.9375;217.75,108.375;214.125,125.3125;211.0625,151.5;225.9375,189.8125;230.5625,181.125;240.875,125.125;244.9375,108.1875;247.0,82.5;284.0,62.3125;294.75,54.625;313.25,54.625;324.5625,70.5625;319.4375,102.25;349.75,89.875;391.8125,87.3125;429.3125,57.0625;452.9375,57.0625"
Sambava_800_4.png,512,267,sea-800,"80.1175,194.79125;62.656875,179.89875;58.035,238.955625;114.525,234.33375;155.608125,230.225625;187.96125,230.73875;298.885625,215.84625;296.831875,179.89875;265.505625,177.330625;279.37125,137.274375;7.708125,254.875625;21.57375,261.038125;33.385625,260.010625;21.060625,242.550625;15.925,252.82125;26.709375,246.65875;31.33125,226.116875;12.33,222.00875;6.1675,243.5775;15.41125,234.33375;20.033125,210.710625;7.195,194.2775;21.060625,224.063125;34.4125,196.845;7.708125,210.710625;20.033125,184.006875;21.57375,202.494375;32.358125,210.710625;38.520625,223.549375;41.601875,237.415;40.575,250.25375;49.81875,261.038125;62.656875,258.47;48.79125,246.65875;68.30625,244.09125;69.333125,225.09;58.54875,248.199375;75.495625,252.82125;85.76625,261.038125;73.44125,262.065;90.901875,235.360625;97.064375,206.08875;109.903125,195.304375;107.335,213.27875;90.901875,225.09;77.03625,211.738125;86.79375,212.765;80.1175,231.2525;84.739375,247.685625;97.064375,255.9025;72.928125,236.90125;60.603125,233.82;52.38625,225.09;54.440625,210.1975;65.225,207.629375;61.11625,220.468125;67.27875,195.818125;52.38625,195.304375;47.764375,206.08875;45.196875,215.84625;38.520625,207.11625;44.683125,186.06125;41.088125,165.005625;31.33125,162.438125;20.033125,168.086875;30.8175,174.249375;36.98,185.03375;24.655,189.141875;16.43875,196.331875;12.33,206.08875;4.626875,223.035625;6.1675,233.306875;29.790625,234.33375;23.114375,233.82;49.305,142.92375;55.98125,165.519375;80.63125,156.789375;84.739375,177.330625;97.578125,186.574375;95.52375,132.139375;93.469375,151.65375;95.01,168.600625;111.44375,150.626875;122.74125,161.924375;120.6875,184.006875;125.309375,202.494375;128.90375,224.57625;129.4175,238.955625;127.363125,258.47;112.470625,263.605625;107.335,244.09125;100.145625,225.09;106.821875,227.6575;97.578125,242.550625;107.335,252.82125;100.659375,262.065;84.225625,206.08875;74.981875,199.92625;74.46875,178.87125;63.684375,186.574375;49.81875,180.925625;46.7375,173.73625;63.170625,154.22125;65.225,125.463125;4.626875,174.763125;12.33,186.06125;6.1675,184.006875;11.303125,172.70875;8.735625,150.626875;13.870625,120.3275;27.223125,140.355625;17.465625,131.625625;35.953125,113.138125;20.033125,153.194375;38.006875,153.194375;35.953125,130.085;55.4675,119.300625;46.7375,133.68;62.656875,141.383125;71.3875,148.05875;49.81875,156.275625;73.955,168.600625;11.816875,83.86625;21.57375,106.461875;25.16875,124.43625;34.4125,72.56875;14.384375,97.731875;30.304375,94.136875;45.196875,101.84;60.089375,68.97375;42.115625,89.515;58.54875,95.6775;17.979375,140.355625;12.33,158.843125;5.654375,164.4925;7.195,132.139375;10.789375,147.545625;4.11375,143.950625;7.195,115.705625;8.735625,126.49;34.4125,136.2475;40.575,146.005;26.709375,154.22125;55.98125,149.599375;57.521875,132.6525;71.3875,136.2475;83.19875,144.464375;84.739375,125.976875;97.064375,143.950625;103.226875,161.924375;103.226875,175.79;108.875625,187.601875;89.875,196.845;122.228125,211.224375;120.17375,224.57625;120.17375,242.550625;118.633125,255.38875;144.31,264.6325;146.364375,236.388125;147.39125,207.629375;150.98625,182.98;149.445625,135.73375;149.95875,136.2475;150.98625,110.570625;157.14875,74.6225;173.068125,33.539375;214.151875,18.133125;191.0425,14.538125;189.501875,28.40375;199.7725,51.513125;218.77375,37.134375;202.34,35.08;184.88,47.91875;173.068125,53.5675;185.906875,71.028125;198.745625,84.89375;195.664375,110.570625;186.93375,130.59875;179.744375,158.33;173.068125,187.601875;168.96,217.900625;188.474375,195.304375;198.745625,166.033125;184.36625,180.925625;201.313125,191.19625;169.986875,203.52125;184.88,209.17;158.175625,209.68375;145.336875,222.5225;136.09375,212.25125;136.606875,194.2775;149.95875,191.19625;157.661875,196.845;166.3925,170.655;147.39125,168.086875;143.283125,146.518125;135.06625,165.005625;124.795625,144.9775;126.85,125.976875;131.985,96.705;138.1475,55.621875;143.283125,26.35;157.661875,12.9975;157.661875,35.59375;158.175625,54.594375;169.986875,70.514375;165.365,91.055625;159.2025,104.408125;139.688125,87.974375;141.7425,74.6225;144.82375,64.351875;145.336875,62.2975;147.905,49.9725;136.09375,42.269375;125.309375,38.16125;102.2,51.513125;110.93,70.514375;116.065625,85.920625;91.415625,87.46125;81.658125,66.919375;73.955,91.569375;107.335,111.08375;65.225,109.543125;59.575625,84.89375;84.739375,103.894375;74.981875,79.244375;99.631875,90.5425;93.983125,119.300625;110.41625,128.544375;126.33625,78.2175;67.7925,33.539375;82.685,46.378125;92.95625,14.025;29.276875,24.809375;31.33125,42.783125;41.088125,56.64875;40.06125,38.675;61.11625,47.91875;57.008125,17.10625;54.440625,37.6475;48.79125,48.431875;19.00625,53.5675;19.00625,77.190625;25.16875,63.838125;11.303125,65.37875;11.816875,31.485;12.33,12.9975;20.546875,45.350625;7.195,47.405;36.46625,105.435;32.871875,82.325625;49.81875,63.838125;47.250625,79.244375;41.088125,71.54125;50.845625,95.6775;50.331875,112.624375;39.5475,118.27375;69.333125,117.24625;72.928125,125.463125;163.31125,262.065;172.555,237.92875;157.661875,249.22625;140.715,249.74;135.58,228.685;494.03125,6.321875;499.166875,21.214375;486.841875,43.296875;499.166875,51.513125;502.76125,36.106875;489.923125,29.944375;496.085625,39.188125;506.35625,23.26875;508.92375,9.403125;503.78875,4.2675;501.220625,12.484375;488.895625,17.619375;480.165625,5.294375;468.8675,15.565625;467.840625,33.539375;473.489375,55.108125;472.4625,71.54125;464.245625,87.974375;447.8125,104.92125;436.515,122.895625;436.515,140.869375;442.676875,154.735;464.245625,141.383125;452.948125,128.030625;448.839375,141.89625;456.029375,153.194375;453.46125,167.06;443.704375,178.87125;434.974375,182.46625;412.891875,174.763125;404.161875,159.356875;407.75625,135.220625;415.459375,112.11125;427.27125,104.408125;439.59625,113.138125;466.81375,108.0025;474.516875,119.300625;478.625,135.220625;473.489375,157.3025;472.4625,179.89875;484.27375,188.62875;494.03125,163.465;492.490625,141.383125;491.46375,129.57125;487.86875,108.51625;483.760625,91.569375;492.490625,73.595625;495.058125,71.54125;500.19375,86.434375;501.734375,108.51625;503.78875,134.193125;504.301875,152.1675;503.275,170.655;491.976875,95.6775;487.355,82.839375;477.084375,85.406875;242.39625,54.08125;263.965,86.434375;268.073125,105.435;290.669375,84.89375;296.318125,105.435;305.561875,128.544375;250.099375,145.49125;243.936875,161.924375;245.99125,190.6825;237.26125,220.981875;240.855625,240.49625;275.77625,247.685625;312.75125,256.41625;275.77625,214.819375;299.399375,232.793125;268.073125,229.198125;252.15375,219.44125;267.56,194.2775;289.12875,205.061875;316.86,204.548125;325.07625,170.655;312.75125,152.1675;288.615,153.194375;281.93875,173.73625;292.21,194.2775;312.238125,186.06125;302.480625,164.4925;289.641875,168.600625;267.56,158.843125;260.88375,150.626875;279.37125,114.67875;277.316875,95.164375;274.749375,76.676875;269.100625,64.351875;269.100625,45.350625;286.560625,23.781875;320.968125,9.403125;343.56375,31.485;345.104375,57.675625;361.024375,70.000625;376.430625,59.21625;397.999375,38.16125;401.59375,12.9975;384.646875,6.321875;370.78125,8.889375;363.078125,20.700625;361.024375,30.971875;363.078125,45.350625;372.835625,45.350625;381.565625,40.215625;388.241875,28.40375;379.511875,18.133125;372.835625,24.809375;373.349375,32.5125;405.18875,27.376875;411.865,35.08;430.865625,28.9175;390.29625,18.133125;396.45875,5.808125;427.27125,9.91625;419.568125,20.700625;412.891875,7.8625;431.893125,19.67375;396.971875,62.81125;390.29625,52.026875;406.215625,54.594375;403.648125,46.378125;422.135625,44.8375;416.486875,60.756875;409.810625,79.758125;400.053125,98.75875;389.7825,114.67875;372.835625,136.2475;356.4025,133.68;355.375,119.814375;370.78125,109.03;324.563125,128.030625;333.806875,107.489375;335.860625,85.920625;320.968125,115.1925;306.58875,99.2725;313.265,77.70375;320.968125,87.974375;304.02125,83.353125;302.480625,67.433125;311.210625,40.215625;325.07625,55.108125;364.105625,53.05375;345.104375,73.081875;332.26625,44.8375;347.671875,46.89125;120.17375,11.970625;114.01125,48.945625;122.74125,67.433125;125.8225,53.5675;98.09125,69.4875;103.740625,84.89375;85.76625,79.758125;88.334375,59.73;64.1975,57.1625;80.1175,27.890625;95.52375,35.59375;110.41625,20.1875;129.93125,14.538125;129.93125,15.051875;109.903125,31.485;109.903125,30.971875;35.439375,10.43;43.1425,23.781875;68.819375,16.5925;57.008125,5.294375;45.71,10.43;25.16875,4.78125;14.898125,6.835;2.059375,9.403125;4.626875,20.700625;20.546875,29.944375;22.0875,18.133125;226.99,257.956875;222.881875,238.955625;222.881875,213.27875;204.908125,213.27875;204.394375,231.76625;201.826875,251.794375;180.258125,256.929375;186.420625,243.06375;192.069375,261.038125;196.1775,243.06375;210.043125,240.49625;213.638125,258.47;216.205625,227.6575;231.09875,233.306875;233.1525,246.65875;217.74625,249.22625;239.82875,256.929375;259.343125,247.685625;247.531875,241.01;248.045,258.47;252.666875,232.793125;238.288125,231.2525;244.96375,210.710625;292.723125,37.134375;283.479375,46.89125;311.724375,25.3225;264.47875,25.83625;253.694375,55.621875;199.7725,23.781875;240.341875,21.728125;226.476875,48.945625;230.07125,73.081875;230.585,96.19125;225.449375,124.949375;222.881875,154.22125;217.74625,178.87125;211.58375,169.114375;194.636875,153.194375;199.7725,129.57125;191.555625,140.355625;212.0975,138.301875;186.420625,122.895625;161.256875,133.16625;158.175625,153.194375;150.98625,86.434375;153.04,62.81125;160.23,43.81;213.638125,53.05375;226.476875,63.325;252.15375,67.946875;260.37,74.6225;261.3975,60.756875;236.7475,67.946875;248.55875,30.971875;251.12625,42.783125;233.1525,37.6475;258.829375,36.620625;254.2075,18.133125;235.720625,7.8625;225.449375,26.35;254.2075,5.294375;273.7225,15.051875;275.263125,31.99875;293.750625,72.055;300.42625,40.72875;304.02125,23.26875;294.7775,28.40375;300.94,15.565625;312.238125,4.78125;311.724375,15.051875;325.59,18.646875;335.3475,7.34875;351.780625,2.726875;347.671875,15.565625;333.293125,28.40375;325.07625,38.675;315.319375,30.971875;332.779375,22.24125;338.42875,14.538125;288.615,6.321875;289.641875,6.835;289.12875,15.565625;298.885625,3.75375;275.263125,7.8625;341.509375,244.09125;343.56375,203.52125;362.565,223.549375;372.835625,178.87125;342.536875,157.81625;345.618125,179.89875;383.62,200.44;377.97125,157.3025;389.26875,137.274375;400.566875,118.786875;408.27,104.408125;422.135625,89.515;435.4875,83.86625;445.758125,71.54125;424.703125,74.109375;455.515625,80.785;439.59625,97.731875;440.623125,55.621875;443.704375,29.944375;442.676875,12.484375;457.05625,5.294375;454.48875,24.809375;391.836875,181.439375;408.78375,199.413125;408.27,231.76625;440.623125,214.305625;442.676875,237.92875;448.839375,251.280625;464.245625,231.2525;464.245625,231.2525;471.94875,217.386875;473.489375,230.225625;450.38,226.630625;458.596875,202.494375;439.59625,198.385625;429.325,205.575625;423.1625,226.630625;420.08125,247.685625;409.296875,262.065;381.0525,258.47;379.511875,240.49625;384.13375,218.41375;399.54,214.819375;389.7825,244.09125;306.075625,228.685;314.291875,239.469375;327.130625,223.549375;312.75125,226.116875;326.616875,233.306875;251.64,95.6775;237.26125,82.325625"
Sambava_800_4.png,512,267,sea-800,"271.154375,120.84125;250.613125,129.058125;266.5325,140.869375;262.938125,135.220625;258.829375,116.219375;241.8825,115.705625;235.206875,114.165;235.206875,135.220625;226.476875,144.9775;222.881875,137.788125;209.01625,119.300625;203.3675,119.300625;206.44875,101.84;184.88,101.84;184.88,114.165;172.555,103.894375;158.689375,119.814375;141.22875,120.84125;127.876875,108.51625;138.66125,133.68;135.06625,143.950625;155.094375,161.924375;167.933125,163.97875;186.93375,171.168125;202.34,178.87125;195.664375,208.143125;185.906875,220.468125;176.663125,224.063125;181.285,236.90125;176.149375,246.65875;167.933125,255.9025;164.338125,242.550625;165.365,226.630625;157.661875,220.981875;154.0675,240.49625;147.905,253.335;153.55375,260.524375;138.66125,258.47;132.49875,263.605625;133.525625,246.145;125.8225,249.22625;137.63375,239.469375;148.418125,244.604375;148.931875,215.3325;137.63375,201.980625;147.905,200.44;127.876875,192.223125;118.119375,201.980625;116.57875,215.84625;99.11875,213.791875;108.875625,204.035;99.631875,194.2775;87.306875,186.574375;75.495625,186.06125;62.656875,170.14125;67.27875,163.465;75.495625,156.275625;85.253125,168.600625;90.901875,161.924375;81.658125,161.924375;98.09125,175.79;106.308125,168.086875;98.09125,156.789375;88.8475,145.49125;87.820625,137.788125;77.55,137.788125;102.2,124.43625;103.226875,134.193125;104.7675,142.41;104.7675,149.599375;111.44375,158.843125;119.66,156.789375;120.17375,170.14125;118.119375,192.736875;112.984375,181.439375;129.4175,182.46625;138.1475,185.03375;142.769375,178.87125;138.1475,173.2225;143.283125,161.41125;130.444375,155.24875;141.7425,155.24875;150.4725,153.194375;154.0675,142.92375;129.4175,133.68;122.228125,133.68;121.200625,125.463125;119.66,122.381875;112.470625,118.27375;101.68625,110.570625;100.145625,101.84;89.36125,94.136875;83.19875,90.02875;76.5225,103.894375;66.765625,99.2725;67.7925,81.29875;72.928125,65.37875;75.495625,54.08125;71.3875,47.91875;76.5225,38.16125;88.334375,34.56625;95.01,22.755;85.76625,18.646875;78.063125,19.67375;68.30625,22.24125;60.089375,25.83625;45.196875,25.83625;36.98,33.025625;28.76375,34.56625;16.43875,35.59375;13.870625,41.2425;11.303125,53.05375;5.654375,61.270625;6.1675,72.055;6.1675,80.785;6.1675,92.083125;7.195,102.8675;14.898125,110.570625;24.141875,113.138125;31.33125,118.786875;29.276875,105.435;22.60125,96.705;21.060625,87.46125;24.655,81.29875;26.709375,70.514375;19.00625,67.433125;15.41125,58.189375;15.925,47.91875;6.1675,37.6475;5.140625,29.43125;11.303125,25.3225;8.221875,13.51125;8.221875,3.75375;16.43875,22.755;29.790625,18.133125;22.0875,10.94375;32.358125,5.294375;38.006875,5.808125;42.62875,19.67375;38.006875,18.646875;45.71,33.025625;39.5475,45.864375;32.871875,49.9725;33.89875,61.784375;28.76375,53.5675"
Sambava_800_4.png,512,267,sea-800,"503.25,210.125;500.125,233.25;500.125,253.25;507.0,231.375;503.875,193.25;498.875,188.25;495.75,215.75;506.375,218.875;495.75,240.75;506.375,247.0;503.25,261.375"
Sambava_800_4.png,512,267,sea-800,"161.770625,184.006875;178.20375,199.413125;212.61125,194.2775;224.93625,165.005625;243.423125,177.330625;231.611875,204.035;218.77375,203.0075;142.255625,99.78625;149.95875,98.75875;126.85,92.083125;107.335,61.270625;169.986875,42.783125;169.986875,15.565625;186.420625,3.75375;180.258125,37.134375;200.799375,71.54125;206.961875,81.29875;238.801875,96.19125;239.315,145.49125;254.72125,160.8975;253.180625,178.87125;254.2075,200.44;265.505625,217.386875;276.80375,158.33;294.26375,117.24625;295.804375,135.73375;314.291875,133.16625;312.75125,115.705625;305.048125,114.165;284.506875,130.085;300.42625,152.680625;301.966875,140.869375;280.398125,192.223125;282.4525,220.981875;281.425625,236.388125;287.588125,250.766875;290.669375,262.065;299.399375,261.038125;297.345,244.604375;287.074375,226.116875;279.37125,260.524375;265.505625,255.9025;259.856875,239.469375;273.7225,236.90125;234.18,265.14625;209.01625,246.65875;197.205,222.5225;226.476875,223.549375;211.070625,223.549375;199.7725,144.464375;183.339375,152.1675;187.4475,163.97875;193.09625,122.381875;194.12375,96.19125;176.663125,94.650625;173.581875,78.73125;159.71625,83.86625;180.77125,60.24375;162.7975,67.433125;190.52875,43.81;73.955,7.8625;86.79375,4.2675;105.794375,5.808125;125.8225,26.35;145.850625,39.701875;142.255625,10.94375;153.55375,25.83625;169.47375,6.321875;177.69,20.700625;157.14875,27.376875;119.146875,22.755;117.60625,2.726875;104.25375,38.16125;95.52375,61.270625;201.826875,12.484375;224.4225,5.294375;204.394375,5.294375;241.369375,40.215625;280.398125,104.408125;290.155625,95.164375;276.80375,88.488125;263.965,15.051875;352.29375,104.408125;335.860625,129.57125;332.26625,146.005;347.15875,147.031875;344.0775,131.625625;343.56375,115.705625;323.0225,144.9775;320.454375,160.8975;309.67,171.168125;302.994375,187.601875;302.480625,197.8725;305.048125,208.143125;310.18375,216.873125;332.26625,196.331875;324.563125,181.439375;328.1575,211.224375;342.023125,221.495;343.05,230.225625;330.725625,245.631875;323.0225,254.361875;324.563125,264.6325;335.3475,264.6325;354.348125,261.038125;335.860625,257.443125;351.780625,253.335;352.8075,237.92875;364.105625,243.06375;367.7,254.361875;370.268125,266.173125;370.78125,205.575625;365.64625,192.736875;360.510625,176.30375;362.05125,157.81625;356.4025,146.518125;351.780625,174.249375;352.8075,196.845;334.83375,188.62875;334.83375,173.73625;329.698125,160.8975;358.97,168.600625;353.834375,205.575625;351.266875,219.954375;367.186875,219.44125;378.484375,228.685;404.675,243.06375;393.890625,258.98375;391.323125,233.82;377.4575,247.1725;371.295,236.388125;357.943125,213.27875;407.243125,251.280625;418.540625,264.6325;397.999375,254.361875;434.460625,260.524375;430.865625,249.22625;430.3525,236.388125;416.486875,234.33375;414.4325,240.49625;419.568125,207.11625;399.02625,225.09;394.404375,205.061875;397.999375,196.331875;385.674375,195.304375;389.7825,169.114375;391.323125,157.81625;383.10625,151.65375;373.349375,149.08625;370.78125,153.708125;369.240625,161.41125;374.37625,167.57375;378.998125,171.168125;384.646875,177.844375;382.079375,182.46625;358.97,184.006875;351.266875,186.574375;346.13125,192.223125;402.1075,183.493125;399.02625,172.195625;430.3525,170.655;421.10875,183.493125;424.703125,196.845;453.46125,214.819375;460.65125,220.981875;414.4325,216.873125;436.515,247.685625;449.866875,262.065;422.649375,257.443125;421.10875,265.14625;399.54,265.66;382.593125,265.14625;384.646875,250.766875;396.971875,236.90125;405.18875,214.819375;389.26875,214.819375;409.296875,205.575625;409.296875,188.62875;380.53875,212.25125;372.321875,194.79125;363.591875,207.629375;378.484375,218.41375;352.8075,158.33;360.510625,110.056875;360.510625,93.11;377.4575,80.271875;386.1875,66.40625;381.0525,96.705;376.430625,119.814375;368.7275,99.2725;363.591875,79.758125;371.295,91.569375;374.37625,72.56875;346.13125,123.40875;333.806875,95.164375;326.616875,89.515;420.595,144.9775;401.59375,145.49125;420.595,159.356875;422.135625,127.00375;391.323125,100.299375;397.485625,81.29875;174.095625,122.381875;162.7975,114.165;340.99625,103.894375;336.374375,57.675625;339.455625,40.215625;351.266875,62.81125;392.86375,126.49;452.948125,182.98;471.435625,199.413125;477.084375,203.52125;481.70625,213.27875;478.625,240.49625;472.4625,256.41625;459.110625,257.956875;459.110625,244.09125;464.245625,246.65875;432.92,229.198125;430.865625,227.6575;447.29875,197.8725;424.703125,215.3325;440.623125,225.60375;428.811875,155.24875;451.4075,91.569375;433.43375,66.919375;456.5425,69.4875;489.923125,55.621875;461.164375,46.89125;441.136875,45.350625;432.92,44.32375;455.515625,36.620625;455.001875,19.67375;469.38125,5.808125;438.56875,24.295625;445.245,3.75375;425.730625,5.808125;410.324375,19.16;424.19,35.08;377.97125,53.5675;361.5375,11.456875;353.32125,29.944375;369.754375,64.351875;301.45375,54.08125;277.830625,81.8125;285.02,119.814375;259.856875,105.435;252.15375,106.461875;269.100625,91.055625;240.341875,153.708125;230.585,156.275625;251.12625,154.22125;258.829375,210.1975;275.77625,204.548125;286.0475,215.3325;253.694375,191.19625;270.64125,168.600625;288.615,151.65375;247.531875,119.300625;415.459375,166.54625;422.135625,176.30375;397.485625,169.114375;439.0825,166.033125;261.3975,58.703125;275.263125,71.028125;282.96625,74.6225;453.975,115.705625;463.7325,124.949375;481.70625,171.168125;466.81375,167.06;490.95,176.30375;489.923125,200.44;480.165625,196.331875;465.273125,189.141875;487.355,212.25125;487.355,230.225625;486.841875,246.65875;485.30125,263.605625;507.383125,180.925625;507.383125,160.8975;487.355,152.680625;476.0575,144.9775;504.301875,118.27375;489.923125,117.76;505.329375,95.164375;504.301875,68.46;509.4375,48.945625;481.70625,65.37875;465.273125,63.325;478.625,20.1875;465.78625,25.3225;463.21875,58.703125;449.866875,42.783125;445.245,79.758125;433.946875,73.595625;412.891875,69.4875;422.649375,81.8125;410.8375,88.488125;394.918125,72.56875;400.566875,90.02875;419.054375,103.894375;411.865,97.731875;432.40625,96.705;427.27125,115.1925;409.810625,123.40875;419.568125,133.68;409.810625,147.545625;399.54,135.220625;380.53875,130.085;363.078125,127.00375;378.998125,106.975625;442.676875,132.139375;458.596875,177.844375;479.651875,180.925625;478.625,223.549375;477.598125,249.22625;466.3,262.57875;448.32625,238.955625;464.759375,208.656875;444.73125,205.575625;456.029375,189.141875;437.028125,189.141875;443.704375,169.6275;478.625,102.8675;483.246875,123.40875;464.245625,97.218125;478.11125,78.2175;465.78625,76.676875;497.62625,62.2975;477.084375,42.783125;479.13875,31.485"
Triple P Kabacan_800_1.png,512,267,non-green-800,"366.361875,83.45;284.030625,162.694375;403.41125,34.565625;375.11,200.7725;394.66375,176.073125;384.3725,183.791875;363.789375,182.7625;361.21625,200.7725;358.64375,196.65625;374.080625,195.626875;404.440625,180.19;408.0425,172.47125;408.556875,207.976875;400.83875,200.7725;411.13,188.423125;421.93625,182.248125;418.84875,170.9275;403.92625,192.025;383.8575,197.170625;364.30375,221.355625;352.46875,221.87;351.439375,207.976875;359.6725,211.57875;356.585,215.180625;351.954375,198.2;375.11,180.19;365.333125,192.539375;358.64375,187.39375;382.31375,172.985625;367.39125,172.985625;394.66375,167.84"
Triple P Kabacan_800_1.png,512,267,non-green-800,"255.49125,193.07625;263.56,187.380625;270.205,180.26125;277.799375,175.515;269.635625,193.02875;262.42125,195.591875;281.45375,185.2925;274.76125,184.295625;279.413125,193.02875;293.841875,188.3775;289.190625,177.603125;286.6275,188.3775;297.92375,179.1225;303.619375,186.85875;310.78625,176.559375;312.875,183.77375;320.041875,175.515;323.649375,182.729375;329.345,173.47375;337.55625,173.47375;335.515,181.7325"
Triple P Kabacan_800_1.png,512,267,non-green-800,"285.06,136.45125"
Triple P Kabacan_800_1.png,512,267,non-green-800,"112.66875,81.2625;54.061875,70.125625;47.9425,61.45625;57.9625,78.89375;54.1625,56.125;47.9425,51.256875;51.89375,21.4875;48.451875,44.1175;47.4325,40.038125;70.49375,74.675;85.25,21.68125;56.16875,62.9375;14.09375,3.325;52.021875,75.225;65.280625,79.815;43.8625,77.775;35.703125,73.695;49.981875,69.615625;43.3525,54.316875;43.3525,46.6675;38.763125,39.528125;31.11375,55.846875;35.193125,62.98625;9.185,6.890625;9.185,6.890625"
Triple P Kabacan_800_1.png,512,267,non-green-800,"176.961875,233.8225;190.2,210.8125"
Triple P Kabacan_800_1.png,512,267,non-green-800,"184.61125,118.571875;343.18125,40.0375;333.01,52.786875;335.56,35.958125;340.149375,48.706875;334.54,44.6275;359.018125,39.018125;351.85,44.625;352.898125,31.36875;341.169375,30.34875;366.6675,32.898125;369.726875,41.0575;376.86625,35.958125;386.045625,37.998125;393.185,34.428125;399.305,39.528125;407.10625,41.63125;368.75,110.04375;412.56875,177.71875;390.125625,83.894375;376.86625,83.384375;352.898125,124.18125"
Triple P Kabacan_800_1.png,512,267,non-green-800,"171.76875,208.88;90.9625,170.1225"
Triple P Kabacan_800_1.png,512,267,non-green-800,"174.0,174.75;178.15625,144.75"
Triple P Kabacan_800_1.png,512,267,non-green-800,"295.625,85.0;301.25,75.0;287.5,145.0;314.375,138.125;291.875,77.5;376.9625,135.45625"
Triple P Kabacan_800_1.png,512,267,non-green-800,"8.75,47.5;15.0,46.25;10.0,55.0;8.75,63.75;18.125,65.0;17.5,51.875;371.25,127.5;325.625,88.75;188.25,18.625;118.0,28.4375;114.7375,18.6375;108.4375,12.8125;86.0625,26.8125;56.70625,170.1875"
Triple P Kabacan_800_1.png,512,267,non-green-800,"179.578125,19.990625"
Triple P Kabacan_800_1.png,512,267,non-green-800,"80.0,76.625"
Triple P Kabacan_800_1.png,512,267,non-green-800,"44.625,27.5625;45.25,18.1875;57.125,25.6875;52.75,15.0625;52.125,30.6875"
Triple P Kabacan_800_1.png,512,267,non-green-800,"95.875,30.0625"
Triple P Kabacan_800_1.png,512,267,Coconut-800,"220.763125,63.81875;236.926875,74.656875;224.9625,93.494375;220.09625,82.404375;214.06375,91.7425;208.225625,101.2775;205.8925,86.295625;206.864375,67.80875;206.864375,58.079375;218.54125,58.27375;212.508125,58.079375;215.233125,63.9175;237.025,64.30625;253.565,65.6675;256.484375,60.998125;234.053125,69.493125;228.808125,68.05875;223.46,68.6875;215.106875,72.58125;209.6725,72.500625;204.238125,72.500625;206.4275,77.12375;203.67,81.34125;222.9725,77.85375;228.245,78.421875;225.649375,82.88125;233.679375,78.745;244.709375,80.12375;241.38375,84.828125;236.5175,83.85625;233.76,88.803125;228.0025,88.235;217.29625,87.585625;211.9425,77.4475;212.6725,68.121875;231.570625,64.146875;240.005,69.743125;244.954375,69.985625;247.7925,74.69;250.224375,80.12375;246.89875,84.909375;238.706875,89.29;222.4875,88.073125;214.131875,81.99;208.616875,91.318125;211.861875,86.5325"
Triple P Kabacan_800_1.png,512,267,Coconut-800,"217.505625,77.445;287.366875,47.8725;293.188125,47.851875;285.676875,42.64625;290.7,43.190625;288.3,37.849375;293.55,38.48125;296.085,43.143125;298.708125,38.3025;282.870625,37.44;266.441875,36.62875;263.500625,41.47;296.055,23.905;299.245625,28.505625;305.90875,23.34375;304.969375,32.8225;304.68875,38.170625;224.838125,29.72625;230.314375,30.233125;236.095,31.111875;232.95125,34.898125;227.61,35.37125;222.025625,34.45875;216.76875,34.529375;213.891875,29.691875;219.36125,30.04375;220.341875,20.020625;225.588125,20.135625;230.77375,20.825;236.328125,21.49125;242.15625,21.49125;245.154375,26.28125;250.09,26.315;247.351875,30.98;239.2725,26.21375;205.954375,24.0025;211.488125,23.921875;211.011875,34.360625;205.853125,33.454375;207.634375,48.66375;212.975625,48.6975;257.784375,31.409375;252.659375,31.3725;254.968125,27.1875;261.191875,17.705;267.15125,17.38375;269.3725,21.940625;253.305,21.940625;247.58875,21.96125;244.519375,16.18375;250.5025,16.65375;238.88375,16.028125;233.33,15.950625;272.655,27.281875;276.8775,27.738125;282.711875,27.34625;275.585625,22.684375;272.44875,17.71875;213.661875,38.406875;205.484375,43.01125;209.085,29.120625;214.0,19.27;208.239375,19.4425;204.07125,19.15875;212.323125,14.71;205.964375,14.95;291.440625,32.339375;288.705625,27.64375;291.301875,23.015625;288.79,18.313125;283.786875,18.245625;285.883125,24.094375;280.508125,23.2825;278.276875,18.415;298.583125,19.875;296.446875,33.478125;246.320625,50.596875;240.625,50.073125;237.893125,45.0125;227.52875,43.771875;224.55375,39.539375;219.469375,39.539375;262.368125,61.0125;259.8325,55.02875;267.64875,61.09375;251.540625,60.24875;261.73625,26.879375;265.961875,26.44;263.189375,31.00375;258.5075,22.718125;293.64125,27.954375;252.1525,50.37375;254.6875,46.25;249.414375,45.50625;252.348125,41.361875;254.684375,36.544375"
Triple P Kabacan_800_1.png,512,267,Coconut-800,"450.4825,110.71125;450.205,105.93875;446.06375,108.286875;454.87625,109.625625;439.82375,126.62;431.220625,115.835;436.03125,113.20875;431.465625,110.70625;441.4725,111.145625;445.293125,114.22125;439.9175,117.264375;435.52375,118.786875;464.108125,120.47875;459.52,122.173125;454.84625,124.685625;454.37875,120.041875;469.630625,117.12;485.0875,81.555625;480.92125,79.61125;475.643125,82.060625;470.795,84.005;475.0875,87.16125;479.67625,89.714375;466.0375,92.265;470.226875,89.90125;460.755,89.13625;460.36375,94.714375;451.32875,95.108125;445.99,97.31;480.494375,101.41625;474.95875,103.380625;469.573125,100.709375;465.90625,98.130625;455.9975,102.65625;465.454375,109.44375;474.234375,108.766875;479.620625,106.774375;483.96375,109.0825;456.313125,98.04;450.429375,100.575;456.540625,92.110625;446.369375,102.840625;441.646875,100.0625;459.65875,127.3825;473.848125,125.3725;474.375,55.5;477.643125,128.228125;478.3075,133.468125;449.36375,127.054375;453.9775,130.614375;458.4775,132.80375;468.5275,133.351875;473.221875,130.9275;478.776875,122.556875;450.2225,121.8925;474.025,136.54875;468.7875,139.58625;463.709375,136.758125;453.76,141.68;459.048125,140.005625;455.0175,136.498125;463.971875,142.624375;472.66375,142.728125;477.375625,143.9325;481.98375,147.7025;487.061875,139.220625;483.18875,136.601875;482.82,131.05125;487.690625,133.879375;492.71875,138.591875;487.304375,144.05875;482.628125,141.495625;506.77875,135.225625;501.450625,138.886875;497.056875,134.51875;501.99875,132.106875;501.945625,143.523125;497.1275,146.29875;492.781875,131.321875;417.673125,105.281875;421.809375,115.72625;415.781875,113.0625;411.74625,103.130625;404.145625,104.628125;409.024375,100.011875;417.908125,100.984375;421.685625,103.848125;422.22625,98.338125"
Triple P Kabacan_800_1.png,512,267,Coconut-800,"474.34875,114.591875;469.89,111.775625;479.08125,111.619375;484.16625,114.865625;479.0425,117.4475;483.775,119.833125;474.035625,120.45875;494.10875,103.706875;489.80625,101.066875;489.92,106.440625;485.054375,104.101875;493.964375,109.346875;493.90125,115.624375;493.62,119.978125;489.094375,122.93875;488.89125,116.950625;503.0775,127.311875;507.2625,129.501875;507.88875,123.439375;498.786875,106.828125;503.335625,105.474375;503.328125,109.7925;470.5625,95.774375;475.123125,93.26375;479.210625,94.7575;474.700625,97.35875;494.7425,88.21375;499.585,84.87;504.32125,82.8825;503.969375,87.295;508.9525,85.170625;484.604375,97.84;485.155625,93.005;489.998125,90.830625;489.38375,95.66875;494.68375,92.801875;494.43375,97.60125;494.7425,83.066875;489.481875,80.320625;489.763125,85.51875;485.609375,87.290625;480.01625,84.040625"
Triple P Kabacan_800_1.png,512,267,Coconut-800,"478.831875,64.60625;474.021875,64.310625;483.454375,64.1225;486.141875,60.306875;468.216875,64.015;497.46875,46.918125;500.360625,50.215625;471.72375,40.43375;467.160625,39.8075;469.313125,45.17125;474.84375,45.6225;442.380625,42.421875;439.2575,36.88625;447.41625,33.096875"
Triple P Kabacan_800_1.png,512,267,Coconut-800,"464.061875,44.610625;458.70375,44.101875;452.95375,43.319375;449.7075,47.3875;457.573125,52.9375;465.7125,49.35875;462.74375,52.894375;461.01875,48.768125;471.40375,50.168125;468.235625,54.15375;476.695625,50.219375;480.07125,46.523125;475.788125,68.2425;473.59,72.459375;467.77,72.709375;478.268125,73.370625;481.056875,69.130625;486.595,69.18125;490.62,62.798125;496.1625,60.02875;495.630625,70.75375;500.0225,73.1825;499.995625,68.6925;505.11125,71.528125;505.0525,65.7;509.1325,69.095625;483.28625,41.469375;488.903125,41.42625;477.454375,41.20375;476.08125,35.586875;470.17125,35.72;461.3825,38.325;455.668125,38.496875;453.88875,34.48375;442.295625,32.79;444.705,37.706875;433.94875,36.490625;430.98375,40.831875;425.7075,41.18375;423.063125,35.950625;420.149375,31.519375;425.3475,31.05375;431.633125,31.471875;428.2575,36.861875"
Triple P Kabacan_800_1.png,512,267,Coconut-800,"450.32125,116.45125;455.1425,114.80125;460.03625,112.0225;459.2625,116.69625;440.324375,122.75625;435.72375,124.704375;430.931875,127.615;446.18,91.6575;442.125,94.1675;451.259375,88.454375;447.1825,86.253125;460.923125,101.10125"
Triple P Kabacan_800_1.png,512,267,Coconut-800,"451.784375,72.46;449.399375,76.669375;454.62875,76.875;453.43875,63.679375;448.676875,66.718125;456.74,60.961875;444.96625,62.10125;448.52375,57.816875;454.88,57.209375;459.394375,58.1075;463.091875,62.466875;464.77375,58.506875;451.99625,52.95875;447.105625,52.371875;441.61125,51.355;444.399375,47.66375;438.913125,47.11625;433.676875,47.494375;435.61375,50.66375;437.3775,32.98375;487.638125,51.4625;492.5875,51.3875;495.5925,54.165625;491.383125,46.026875;505.676875,54.48625;505.92,60.614375;459.0225,33.6125;451.345625,28.500625;445.665625,27.7175;439.56875,27.45875;461.516875,29.55;466.805625,29.985625;464.764375,33.9925;473.065625,30.446875;478.650625,30.376875;479.726875,55.158125;481.366875,59.349375;499.506875,95.769375;499.40375,91.57625;509.03875,90.528125;504.576875,93.368125;509.208125,96.2425;509.423125,101.786875;504.6125,99.55625;499.723125,101.7475;508.54,118.92375;503.603125,115.41875;498.51875,117.843125;503.280625,120.384375"
Triple P Kabacan_800_1.png,512,267,non-green-800,"13.519375,67.678125;11.64125,41.749375;328.51375,133.628125;408.51375,86.755"
Triple P Kabacan_800_1.png,512,267,green-800,"284.75,216.125;291.0,219.875;301.0,217.375;292.875,212.375;307.25,206.125;316.625,203.0;324.125,219.875;328.5,201.75;329.75,213.625;305.375,198.625;308.5,222.375;313.5,215.5;225.375,194.25;227.875,186.75;219.75,188.625;237.875,185.5;229.125,181.75;241.625,179.875;251.0,179.875;246.0,185.5;237.25,192.375;231.0,198.0;222.875,201.125;416.0,6.125;426.0,14.25;428.5,5.5;437.875,13.625;437.875,5.5;448.1875,14.5;451.9375,5.125;457.5625,18.25;460.6875,8.25;468.8125,16.375;471.3125,8.25;480.0625,6.375;480.0625,14.5;478.1875,22.0;468.1875,22.0;447.5625,20.125;303.1875,9.5;468.8125,222.0;481.3125,222.0;475.0625,228.25;468.8125,235.75;470.0625,243.875;448.8125,180.125;440.6875,182.625;463.8125,179.5;457.5625,186.375;256.0625,239.8125"
Triple P Kabacan_800_1.png,512,267,green-800,"49.1875,218.5625;70.4375,176.0625;97.3125,138.5625;92.9375,126.0625;95.4375,131.6875;111.6875,147.9375;130.4375,148.5625;148.5625,208.5625"
Triple P Kabacan_800_1.png,512,267,green-800,"471.6875,166.6875;427.9375,199.1875;491.0625,207.9375;501.0625,208.5625;366.6875,11.0625;412.3125,22.3125;159.1875,54.1875;150.7375,107.1375;146.3375,115.85625;134.8125,114.1875;134.8125,108.5625"
Triple P Kabacan_800_1.png,512,267,Coconut-800,"220.43625,73.320625;225.946875,73.76;231.085,73.929375;225.7775,63.48375;229.171875,59.37625;223.90125,59.051875;210.06875,53.65;215.44375,53.311875;204.591875,53.311875;202.25625,58.121875;204.730625,62.746875;205.505,106.003125;210.61625,107.044375;201.884375,110.168125;206.1,96.16625;221.636875,98.3125;216.81625,97.05875;213.54375,102.17;256.114375,70.325625;258.9675,65.978125;264.805625,65.708125;270.143125,66.47875;261.681875,70.866875;251.003125,70.008125;247.923125,64.758125;276.1975,56.40125;270.995,56.40125;268.415625,50.925;265.3225,55.93125;263.1725,51.59125;279.524375,52.13875;285.115625,52.13875;281.829375,57.8075;276.626875,47.091875;271.465,46.07375;265.715,46.584375;273.794375,51.766875;237.72125,55.0625;242.8525,55.2725;240.076875,59.25125;226.67375,54.53875;229.865,49.82625;232.64,44.74875;235.52,49.985;224.628125,49.3025;219.290625,48.988125;216.146875,44.12;222.0625,44.695;248.2375,55.66125;256.959375,51.056875;254.17375,55.47875;246.723125,40.635;243.39,45.06;238.24125,35.66875;249.69125,36.030625;257.141875,40.8175;260.414375,46.03;267.925625,41.97;274.409375,41.365;271.985625,36.879375;279.345,42.105625;282.2625,46.381875;277.130625,37.085;279.5275,32.311875;274.555,31.1525;245.066875,60.089375"
Triple P Kabacan_800_1.png,512,267,green-800,"233.8125,127.625;255.0625,107.0;244.4375,122.0;148.1875,192.625;213.1875,155.125;175.0625,107.625;140.6875,197.625;110.0625,175.125;96.9375,158.25;133.8125,177.625;144.4375,228.875;148.1875,199.5;254.4375,91.375;383.1875,54.5;387.5625,56.375;381.9375,62.625;391.3125,49.5;347.5625,65.125;299.75,3.4375;306.8125,2.75;85.125,115.9375"
Triple P Kabacan_800_1.png,512,267,green-800,"154.625,187.5;179.0,249.375;135.25,220.0;147.125,176.25;144.625,161.875"
Triple P Kabacan_800_1.png,512,267,green-800,"54.625,233.75;51.5,253.75;175.875,260.0;139.625,172.5;132.75,193.125;142.75,211.875;166.5,261.25;158.375,251.875"
Triple P Kabacan_800_1.png,512,267,green-800,"138.375,98.75;482.75,164.375;493.375,167.5;493.375,186.125;118.0625,199.875;118.6875,218.625;88.0625,243.0;83.0625,142.375;74.9375,132.375;151.1875,248.0;134.9375,234.25;134.9375,226.75;136.125,208.875;142.4,190.76875"
Triple P Kabacan_800_1.png,512,267,green-800,"113.051875,208.42125;118.783125,211.286875;119.30375,205.295625;163.068125,149.80875;150.74625,133.99625;146.37,120.1375;31.723125,226.89125;30.99375,219.310625;32.713125,255.494375"
Triple P Kabacan_800_1.png,512,267,green-800,"113.625,230.876875;113.10375,223.843125;164.63125,124.618125;164.13625,118.3925;164.63125,112.84375;164.13625,106.6175;163.745625,102.110625;163.380625,91.690625;196.5425,56.861875;181.5375,69.053125;197.923125,39.434375;126.73125,100.725;150.61625,79.134375"
Triple P Kabacan_800_2.png,512,267,Coconut-800,"462.888125,21.58625;467.795,18.5025;467.304375,24.25;462.256875,26.70375;457.0,29.016875;458.19125,22.848125;453.635,25.511875;449.569375,22.708125;443.260625,23.479375;448.728125,17.240625;453.775,14.08625;450.13,11.071875;458.8925,12.33375;463.238125,9.67;477.67875,13.595625;482.165,16.89;476.9075,19.343125;472.28125,22.0775;471.58,26.91375;466.2525,29.718125;476.276875,29.5775;471.72,32.661875;470.59875,37.35875;475.715625,36.026875;490.22625,33.92375;485.88,30.909375;481.32375,27.545;482.024375,22.848125;477.328125,24.600625;485.95,20.395;490.43625,18.151875;485.88,25.16125;490.015625,27.965625;490.50625,23.19875;495.063125,25.09125;494.08125,31.05;498.778125,33.99375;499.829375,22.3575;500.460625,17.380625;479.991875,33.293125;480.6225,38.48;461.415625,37.35875;457.28,33.85375;447.676875,27.755;443.120625,29.6475;447.045625,33.573125;455.948125,39.531875;451.531875,35.67625;443.05,35.67625;453.635,20.044375;457.630625,17.87125;472.000625,16.329375;472.42125,11.281875;468.005,8.96875;482.095,12.894375;486.58125,14.716875;495.133125,20.955625;444.451875,13.245;444.241875,19.203125;452.51375,30.55875;499.80875,28.8275;504.406875,25.8275;508.914375,23.57;504.77875,20.100625;503.656875,30.895625;503.4675,36.71375;508.255,35.115625;507.31625,40.0925;503.1875,43.18375;497.93,40.744375;494.270625,42.244375;489.11125,39.805;484.415,42.244375;479.915,43.653125;474.755625,41.123125;465.83875,39.994375;461.345625,31.42125;453.8175,8.913125;454.483125,4.3075;449.57625,5.8775;459.215,6.67;463.210625,14.786875;468.180625,13.273125"
Triple P Kabacan_800_2.png,512,267,non-green-800,"80.9375,70.625;173.075,8.75;184.79375,10.10625;194.16875,17.5;196.5625,10.10625;208.85625,25.10625;212.1875,21.98125;222.0875,33.54375;227.1875,24.89375;230.73125,33.54375;234.375,39.6875;247.45,46.5625;241.35,30.625;276.525,58.80625;270.54375,56.98125"
Triple P Kabacan_800_2.png,512,267,non-green-800,"319.5,78.125;18.25,185.625;15.125,199.375;15.125,208.75;12.0,221.875;26.375,221.875;4.5,201.875;7.0,185.0;38.25,205.625;35.125,216.25;45.125,223.125;37.0,229.375;24.5,243.75;24.5,251.875;38.25,245.625;25.75,207.5"
Triple P Kabacan_800_2.png,512,267,Coconut-800,"32.905625,92.705;34.06875,83.11125"
Triple P Kabacan_800_2.png,512,267,non-green-800,"7.875,245.0;9.75,255.625;4.75,253.125;61.1875,70.9375;106.0625,126.875;354.43125,222.13125"
Triple P Kabacan_800_2.png,512,267,non-green-800,"316.6875,116.2625"
Triple P Kabacan_800_2.png,512,267,non-green-800,"282.275,96.9125"
Triple P Kabacan_800_2.png,512,267,non-green-800,"4.23125,213.75625"
Triple P Kabacan_800_2.png,512,267,non-green-800,"11.9375,172.8125;213.1875,5.3125;226.3125,7.8125;241.9375,10.9375;258.1875,16.5625;266.3125,26.5625;273.1875,33.4375;291.9375,35.9375;291.3125,42.1875;316.3125,4.6875;321.3125,11.5625;326.3125,4.6875;308.8125,4.0625;315.0625,9.0625;321.3125,5.9375;326.3125,9.6875;324.4375,14.6875;260.0625,40.9375;249.4375,34.6875;257.5625,52.8125"
Triple P Kabacan_800_2.png,512,267,non-green-800,"255.6875,24.375"
Triple P Kabacan_800_2.png,512,267,non-green-800,"245.0625,17.5"
Triple P Kabacan_800_2.png,512,267,Coconut-800,"40.261875,128.786875;33.6875,128.025;29.023125,126.66375;28.87125,132.15"
Triple P Kabacan_800_2.png,512,267,Coconut-800,"38.51875,40.248125;38.7625,29.67875;15.5375,19.80625"
Triple P Kabacan_800_2.png,512,267,green-800,"197.5,94.5625;218.75,188.3125;196.25,197.6875;196.25,191.4375;383.75,91.4375;442.5,146.4375;375.0,89.5625;195.0,168.9375;308.125,218.9375;324.375,213.3125;331.875,203.9375;451.875,218.3125;476.25,221.4375;485.625,226.4375"
Triple P Kabacan_800_2.png,512,267,green-800,"107.5,74.5625;104.375,100.1875;151.25,114.5625;128.125,183.9375;116.25,181.4375;127.5,173.3125"
Triple P Kabacan_800_2.png,512,267,green-800,"131.25,201.4375;130.0,212.0625;488.75,153.3125;498.125,177.0625"
Triple P Kabacan_800_2.png,512,267,non-green-800,"501.34375,247.00625;498.7375,252.45;503.875,238.45625;500.1,262.7375"
Triple P Kabacan_800_2.png,512,267,green-800,"309.125,257.125;329.125,253.375;321.0,260.25;142.0,88.8125;141.875,107.0625;142.425,120.4625;143.0,125.3125;131.6875,109.8125;132.5,115.8125;142.18125,135.125;130.6375,132.88125"
Triple P Kabacan_800_2.png,512,267,non-green-800,"104.93125,120.94375"
Triple P Kabacan_800_2.png,512,267,non-green-800,"116.25,58.41875;79.375,136.75;333.75,188.0;336.875,182.375;308.94375,81.28125;75.9,174.66875"
Triple P Kabacan_800_2.png,512,267,Coconut-800,"56.381875,5.013125;51.608125,8.65625;46.96,7.4;56.130625,10.16375;61.030625,6.018125;71.55,3.69375;47.588125,2.751875;52.098125,2.67625;78.8125,5.51875;42.81875,117.275"
Triple P Kabacan_800_2.png,512,267,green-800,"6.3125,118.125;6.3125,108.75;6.3125,98.125;6.9375,88.125;7.5625,81.25;20.6875,84.375;21.3125,95.625;18.8125,106.25;19.4375,116.25;16.3125,123.125;10.6875,68.75;10.6875,59.375;19.4375,65.625;19.4375,56.875;9.4375,39.375;11.9375,29.375;23.8125,41.875;25.6875,31.25;27.5625,14.375;30.0625,7.5;17.5625,7.5;53.75,45.25;55.0,35.875;85.0,19.0;69.375,45.25;83.75,53.375;110.0,32.75;125.625,20.25;127.5,37.125;163.125,21.5;146.875,22.75;154.375,45.875;185.0,39.0;180.625,64.625;211.25,52.75;207.5,72.75;236.25,70.25;187.5,54.0;195.625,69.625;394.375,59.25;425.25,59.5625;380.25,48.9375;396.5,38.9375;365.25,45.8125;417.50625,104.70625;422.125,37.0625;404.625,33.9375;406.5,45.1875;423.375,20.1875;415.875,13.9375;384.0,65.1875;422.125,47.6875;389.625,75.8125;40.25,105.1875;50.875,101.4375;44.0,95.8125;62.75,102.0625;354.5,13.0625;358.875,16.9375;343.9375,20.125;336.0,14.25;362.9375,6.6875;375.0,4.0;346.75,5.625;336.25,19.75"
Triple P Kabacan_800_2.png,512,267,green-800,"493.0625,6.6875;504.3125,6.6875;428.875,235.54375;493.375,141.5625;475.375,151.3125;499.9375,157.4375;493.5,171.0625;398.4375,111.8125;398.4375,123.0;412.125,120.4375;408.75,130.5625;419.9375,128.875;415.6875,139.0;425.4375,140.875;427.5,128.25;389.4375,109.8125;366.625,95.1875;368.5,103.875;388.3125,118.3125;379.0,100.4375;283.625,190.9375;303.0,167.25;325.4375,158.125;331.0625,163.125"
Triple P Kabacan_800_2.png,512,267,green-800,"438.125,240.8125;385.4875,260.85;459.375,242.6875;407.5,260.1875;446.875,246.4375;489.375,244.5625;468.75,251.4375"
Triple P Kabacan_800_2.png,512,267,green-800,"312.0625,23.75;320.8125,26.25;202.4375,131.125;213.0625,128.0;269.3125,164.875;242.4375,136.75;149.9375,77.375;208.3375,247.025;319.3125,227.375;394.3125,249.875;358.5,207.125;285.375,171.5;261.0,189.0;252.10625,154.35;392.25,218.375"
Triple P Kabacan_800_3.png,512,267,non-green-800,"155.094375,52.026875;157.14875,44.8375;158.689375,35.59375;163.824375,42.269375;162.28375,51.0;173.068125,49.9725;183.339375,52.026875;181.79875,37.6475;179.230625,45.350625;173.068125,42.269375;172.555,30.971875;182.311875,29.43125;187.4475,35.08;186.420625,45.864375;187.96125,25.83625;188.474375,16.07875;190.52875,9.403125;181.79875,12.9975;184.36625,20.1875;177.176875,22.24125;174.60875,12.9975;166.3925,14.538125;166.3925,8.375625;175.1225,6.835;168.96,21.728125;161.256875,28.40375;158.689375,17.619375;165.87875,33.539375;160.23,6.835;181.79875,5.808125;189.501875,4.2675;168.96,3.240625;175.63625,54.08125;167.419375,55.108125;186.93375,54.594375;162.7975,22.24125"
Triple P Kabacan_800_3.png,512,267,non-green-800,"250.099375,217.386875;254.72125,219.954375;259.343125,219.44125;258.829375,211.738125;255.235,214.819375;252.666875,207.629375;257.8025,202.494375;261.3975,192.736875;254.72125,195.818125;262.938125,182.98;257.28875,187.601875;263.965,174.763125;258.829375,171.168125;265.505625,167.57375;260.37,166.033125;303.5075,47.405;302.480625,56.64875;308.643125,59.21625;312.75125,48.945625;306.58875,53.05375;314.805625,55.108125;320.454375,59.21625;321.481875,66.40625;324.049375,73.081875;328.1575,82.839375;325.59,91.055625;330.211875,73.595625;329.698125,90.02875;330.725625,63.838125;325.59,64.865625;330.725625,54.08125;325.59,57.1625;326.616875,47.405;330.725625,42.269375;320.454375,51.513125;320.454375,44.8375;308.643125,43.81;301.966875,39.188125;300.94,30.971875"
Triple P Kabacan_800_3.png,512,267,non-green-800,"432.92,119.814375;438.56875,122.381875;437.541875,113.138125;443.190625,117.24625;430.865625,186.574375;420.595,186.574375;418.0275,178.87125;415.459375,190.169375;409.296875,184.520625;409.810625,176.30375"
Triple P Kabacan_800_3.png,512,267,non-green-800,"239.82875,4.2675;243.423125,10.43;248.045,4.2675;253.694375,11.456875;258.31625,5.294375;268.073125,14.538125;266.5325,5.294375;277.830625,12.9975;289.641875,13.51125;291.1825,4.78125;283.479375,6.835;274.235625,6.321875;299.913125,98.245625;300.94,91.569375;304.02125,99.78625;306.58875,94.136875;361.024375,148.05875;351.266875,142.92375;376.430625,151.14;375.916875,162.438125;375.916875,157.3025;367.7,155.761875;383.62,161.924375;385.160625,171.681875;396.45875,166.033125;397.485625,174.763125;396.45875,182.98;389.7825,171.168125;434.974375,175.79;425.730625,174.249375;420.595,197.35875;432.40625,197.8725;453.975,168.086875;455.515625,163.465;463.21875,168.600625;474.003125,166.033125;477.598125,171.168125;460.65125,176.30375;459.110625,186.06125;448.32625,184.006875;474.516875,187.088125;476.0575,178.358125;464.759375,181.439375;485.30125,180.411875;488.895625,170.655;499.166875,173.2225;498.653125,167.06;507.383125,181.439375;494.03125,182.98"
Triple P Kabacan_800_3.png,512,267,non-green-800,"430.865625,114.67875;441.136875,109.543125"
Triple P Kabacan_800_3.png,512,267,non-green-800,"160.021875,5.045;171.905625,3.965;171.905625,15.84875;182.709375,10.9875;183.249375,23.95125;172.445625,33.674375;163.803125,22.87125;160.561875,37.99625;181.62875,47.17875;168.664375,49.88;185.41,34.755;157.266875,48.85375;189.136875,5.099375;306.03125,43.181875;315.37625,45.720625;307.8675,53.175;324.775,55.71375;327.26,66.949375;327.26,77.590625;329.150625,85.69375;302.53125,72.91875;311.000625,78.833125"
Triple P Kabacan_800_3.png,512,267,non-green-800,"316.5,59.5625;305.25,62.6875;327.125,47.0625;436.5,118.9375;436.5,111.4375;431.5,117.0625;439.0,125.1875;489.0,168.9375;495.875,171.4375;264.0,170.1875;261.5,182.0625;260.875,193.9375;255.25,200.1875;259.0,210.8125;254.0,217.6875;422.125,173.3125;427.125,177.0625;425.25,186.4375;423.375,195.8125;431.5,198.9375;436.5,188.9375;436.5,178.3125;414.625,188.3125;414.0,179.5625;400.25,177.6875;405.25,188.3125;406.5,173.9375;392.125,170.1875;380.25,167.0625;382.125,159.5625;374.0,152.6875;375.25,160.8125;364.625,149.5625;367.75,153.9375;354.625,145.1875;328.875,111.25;299.5,90.0;298.25,96.25;328.25,93.125;317.625,52.5;255.125,14.375;267.625,15.625;280.75,15.0;290.125,11.875;245.125,8.75;475.125,178.75;473.875,187.5;486.375,178.75;498.875,186.875;479.5,166.25;463.25,177.5;462.625,184.375;498.875,180.0;485.75,190.0;441.375,116.25"
Triple P Kabacan_800_3.png,512,267,green-800,"112.625,216.875;74.775,15.98125"
Triple P Kabacan_800_3.png,512,267,green-800,"113.875,228.75;119.5,223.125;125.75,231.875;473.875,236.875;486.375,229.375;506.375,228.125;489.5,241.25;490.125,256.875;504.5,246.875;497.625,223.75;499.5,237.5;480.125,253.75;420.75,8.125;437.0,11.25;425.75,26.875;452.0,26.25;455.125,10.625;470.75,10.0;468.875,30.0;482.0,35.625;483.25,13.125;500.75,19.375;503.875,44.375;455.75,51.25;464.5,63.125;478.25,51.875;495.125,65.0;463.25,47.5;465.125,82.5;465.75,93.125;423.875,50.625;435.125,43.75;393.875,6.875;372.0,10.0;370.125,28.125;368.875,45.625;365.75,60.0;372.625,69.375;355.125,51.875;311.375,28.75;312.625,18.125;332.0,17.5;350.75,8.75;324.5,6.875;313.25,5.625;325.75,23.75;349.5,34.375;355.125,23.125;338.875,27.5;346.375,78.75;354.5,88.125;369.5,97.5;394.5,28.75;403.25,36.25;393.25,44.375;392.625,57.5;403.875,53.75;399.5,70.625;391.375,77.5;384.5,97.5;398.25,94.375;395.75,116.25;377.625,108.75;374.5,121.25;358.25,98.75;340.125,64.375;338.25,84.375;370.75,131.25;395.75,127.5;393.25,138.75;463.875,125.625;475.75,125.625;461.375,138.75;470.75,139.375;455.75,117.5;448.875,198.125;458.25,198.125;472.625,201.25;483.25,202.5;457.0,214.375;453.25,233.75;441.375,230.625;441.375,244.375;446.375,215.0;468.25,215.625;466.375,224.375;462.625,253.75;461.375,263.125;436.375,260.0;421.625,211.0625;419.125,226.6875;414.75,245.4375;411.625,257.3125"
Triple P Kabacan_800_3.png,512,267,non-green-800,"423.676875,263.915625;428.345,255.5125;425.076875,249.443125"
Triple P Kabacan_800_3.png,512,267,green-800,"242.53375,146.26625;257.00625,149.534375;252.3375,143.931875;260.274375,136.461875;246.268125,135.528125;249.069375,122.923125;253.738125,128.525625;263.075625,125.2575;264.943125,119.188125;259.340625,112.651875;256.539375,119.655;253.738125,113.585625;256.0725,103.315;265.41,106.583125;267.744375,113.11875;273.34625,99.58;266.34375,94.91125;258.406875,96.311875;265.41,99.58;260.274375,87.908125;315.364375,133.19375;322.366875,147.666875;315.364375,156.5375;311.629375,175.211875;323.7675,178.946875;310.22875,199.955625;325.168125,205.558125;349.445,186.41625;349.445,174.278125;353.18,161.6725;341.50875,162.139375;336.84,146.26625;328.903125,157.938125;334.505625,184.081875;355.0475,222.831875;361.116875,234.036875;364.385,225.16625;354.11375,230.301875;402.854375,202.33625;399.119375,214.84875;397.85875,224.2325;396.59875,233.61625;395.338125,243.000625;392.256875,251.730625;390.99625,261.114375;402.854375,241.74;405.375625,233.61625;409.110625,242.346875;409.110625,230.488125;411.63125,222.365;409.110625,217.369375;406.589375,223.625625;414.105625,214.241875;412.845625,207.331875;290.8075,209.293125;297.576875,205.464375;292.86125,198.92875;298.46375,189.45125;293.515,180.020625;272.739375,216.0625;277.735,199.161875;277.08125,181.654375;281.47,167.92875;270.871875,152.28875;274.606875,139.776875;275.21375,129.78625;280.863125,125.3975;282.730625,109.804375;280.209375,119.14125;268.958125,144.7725;292.72125,189.17125;85.854375,256.025625;98.973125,233.523125;136.461875,209.80625;93.930625,227.080625;101.3075,223.065;94.35125,202.476875;118.114375,199.48875;116.246875,236.370625;21.24,11.389375;36.88,20.119375;60.64375,25.76875;49.391875,12.603125;101.7375,17.1;92.375,35.08125;88.425,9.975;77.13125,29.175;17.505,130.76625;16.245,135.761875;88.141875,110.738125;276.24125,61.9975;266.90375,51.353125;280.629375,35.10625;269.378125,26.9825;285.018125,57.60875;276.24125,46.3575;231.88875,16.991875;209.993125,24.508125;202.523125,26.375625;209.993125,16.385;298.74375,240.759375;301.871875,229.508125;323.114375,231.375625;324.375,221.384375;326.241875,243.23375;288.14625,248.883125;306.260625,251.3575;298.136875,251.3575;299.3975,263.2625;312.51625,263.869375;293.14125,228.2475;314.38375,232.63625;318.11875,220.73125;121.2425,262.001875;107.51625,254.485;109.38375,240.105625;125.02375,214.521875;95.61125,216.389375;103.735,210.133125;42.529375,256.3525;43.13625,245.148125;57.515625,251.3575;94.3975,247.6225;114.98625,260.134375;131.886875,228.854375;133.754375,236.978125;99.393125,199.48875"
Triple P Kabacan_800_3.png,512,267,green-800,"60.899375,128.799375;61.98,145.545;42.965625,85.96375;42.479375,81.048125;98.3375,252.60625"
Triple P Kabacan_800_3.png,512,267,green-800,"59.99375,77.2875;112.84375,206.21875;44.21,100.886875;4.52625,78.4775;9.661875,80.345;227.220625,243.280625;224.88625,228.8075;202.01,248.41625;188.9375,265.223125;176.3325,261.02125;54.480625,115.36;64.285,110.224375;135.14375,219.36875"
Triple P Kabacan_800_3.png,512,267,Coconut-800,"27.759375,50.74625;22.836875,53.625625;41.791875,49.69875;23.785,37.55625;14.95125,36.22625;10.118125,33.911875;5.840625,30.403125;5.13875,36.435625;4.30125,40.64;18.60125,44.49375;13.9725,47.300625;18.318125,50.243125;22.87375,48.07;23.575625,42.394375;28.340625,34.471875;37.383125,40.3575"
Triple P Kabacan_800_3.png,512,267,Coconut-800,"190.678125,139.919375;185.704375,142.734375;181.3875,139.825625;172.19125,139.35625;176.789375,137.291875;181.0125,134.851875;185.423125,132.975;194.900625,143.39125;193.9625,154.276875;209.165,141.420625;209.165,135.69625;213.0125,150.05375;217.610625,147.3325;222.115,156.2475;204.0975,143.860625;199.968125,141.326875;200.0625,136.259375;204.4725,138.51125;195.08875,138.605625;190.771875,135.69625;195.651875,132.88125;200.0625,130.62875;191.42875,129.878125;195.558125,127.62625;204.660625,128.00125;213.669375,133.35;218.54875,135.88375;218.830625,130.910625;223.898125,133.819375;224.179375,128.564375;209.3525,125.936875;214.51375,122.464375;219.58125,125.749375;224.555,122.74625;228.59,126.030625;233.094375,128.564375;232.813125,135.039375;167.04875,147.0325;162.844375,144.508125;167.47125,142.124375;162.356875,148.928125;171.39375,150.40125;180.8625,156.36;185.629375,153.835625;180.72125,145.418125;176.4425,148.0175;176.376875,142.6875;171.46875,144.3675;176.02,153.554375;171.111875,155.938125;166.983125,158.528125;156.95125,157.33625;161.586875,154.53;161.71875,160.00125;166.560625,163.37;170.905625,160.489375;175.39125,164.280625;180.365,160.564375;185.131875,158.3875;189.41125,156.641875;189.551875,161.821875;194.385,159.795;198.945625,157.551875;203.496875,154.464375;198.805,152.2875;195.08875,149.134375;199.151875,145.98125;176.864375,132.03625;172.031875,134.279375;167.7525,136.869375;163.473125,134.204375;163.83,138.97125;158.640625,140.72625;153.169375,143.81375;149.03125,140.791875;148.825,146.469375;152.888125,149.209375;148.4025,151.170625;152.7475,154.886875;147.839375,157.270625;147.98,162.319375;152.8225,159.3725;157.44875,162.46;152.19375,164.7025;166.345,152.3625;185.976875,138.408125;185.2725,147.876875;181.06875,151.03;203.7125,159.65375;198.316875,162.385;208.405,162.873125;205.110625,133.36875"
Triple P Kabacan_800_3.png,512,267,Coconut-800,"190.3375,146.385;189.29,150.73125;203.899375,148.584375;208.611875,153.40125;213.376875,155.28625;208.088125,157.433125;223.65,139.588125;213.70125,139.169375;213.386875,144.771875;218.0475,140.8975;227.99625,142.886875;222.864375,150.584375;222.34125,144.871875;226.975,148.285625;231.980625,145.08125;217.40875,158.00375;213.0625,160.674375;209.334375,147.3225;184.44125,175.9225;170.0,176.76;165.7275,179.00625;161.308125,176.058125;162.01,171.08375;175.466875,175.079375;180.655625,165.895;179.39375,177.880625;170.209375,182.231875;165.654375,184.614375;188.855625,178.655625;192.924375,181.315625;184.174375,181.16375;179.05875,183.65625;174.220625,186.279375;178.519375,188.81375;173.948125,190.80375;183.22125,186.913125;188.111875,190.080625;192.13875,187.274375;187.20625,184.289375;197.024375,190.03375;198.2025,179.67125;193.405625,175.73375;189.106875,172.885;198.474375,173.969375;165.711875,174.828125;160.915625,182.16375;161.229375,187.6825;164.53375,190.8975;151.5375,176.550625;157.208125,178.11625;152.00875,181.399375;147.311875,178.31;150.9925,185.81875;146.374375,183.200625;142.58375,176.665625;156.38625,184.21625;157.129375,172.79625;146.960625,173.3825;138.515,177.9175;137.85,183.473125;142.14875,181.399375;142.2275,185.896875;138.164375,188.285;139.1275,161.9625;143.7875,159.72125;144.154375,153.966875;139.305625,156.32875;134.3,159.621875;139.37875,150.2075;157.873125,151.668125;138.735,145.824375;144.24875,143.798125;135.404375,143.2325;126.325,148.90875;125.591875,153.44875;129.388125,166.9;142.945,170.476875;143.353125,165.09875;147.950625,168.2775;151.531875,170.57625;156.5325,168.769375;173.304375,123.838125;178.17375,121.271875;173.88,118.3925;174.315,113.176875;177.550625,116.030625;182.420625,119.26125;169.47125,110.50125;178.09,110.83625;154.988125,123.3825;150.18625,119.764375;145.495,122.230625;178.38875,127.02125;182.226875,125.13125;186.666875,122.0;186.9075,127.586875;191.835,125.11;171.063125,171.314375;171.41375,166.293125;166.245625,167.8375;161.920625,165.266875;175.770625,158.983125;175.304375,169.69125;164.5125,201.5325;168.900625,198.95625;167.984375,204.805;160.171875,198.84625;155.438125,201.0925;158.88375,203.69;163.98375,206.35;173.168125,196.78875;177.713125,199.993125;169.350625,193.5525;182.60375,202.59;173.435,213.376875;178.28375,212.125;178.959375,194.38;187.18,194.118125;183.724375,192.39;192.835,192.86125;196.500625,195.584375;196.6575,200.296875;191.683125,198.0975;191.52625,207.784375;187.389375,205.009375;177.755,204.7475;173.670625,202.234375;154.715625,206.05625;150.265,208.4125;150.055625,203.176875;154.61125,195.426875;165.083125,195.84625;160.528125,193.175625;155.34375,189.98125;151.2075,192.756875;150.96125,197.914375;146.180625,200.1975;141.860625,196.751875;145.945,205.14;141.578125,202.883125;136.6875,202.181875;132.39375,197.390625;137.08,193.74625;163.056875,221.744375;159.344375,214.80625;168.596875,214.9475;164.31875,212.70625;163.6175,217.47125;155.55875,222.168125;158.643125,221.115625;152.4325,219.869375;148.49,239.871875;156.904375,240.625625;161.999375,233.724375;157.94625,230.075;166.9475,230.478125;163.6225,225.61375;168.1625,225.210625;175.62375,230.724375;174.89625,236.4;166.460625,241.02375;174.98,246.62125;161.674375,244.4325;161.35,239.400625;170.19375,245.160625;175.299375,241.9975"
Triple P Kabacan_800_3.png,512,267,green-800,"53.449375,191.958125;30.759375,201.674375"
Triple P Kabacan_800_3.png,512,267,green-800,"54.28125,150.31875"
Triple P Kabacan_800_3.png,512,267,Coconut-800,"184.58,170.061875;189.689375,166.736875;194.3125,170.143125;198.773125,167.953125;193.825625,164.70875;207.370625,168.764375;203.315,171.9275;211.83125,177.685625;216.940625,180.3625;206.559375,180.686875;202.909375,178.09125;202.0175,182.633125;216.86,175.820625;211.83125,171.27875;212.966875,166.736875;221.8075,161.22125;216.535625,164.2225;221.401875,167.79125;226.186875,165.6825;221.401875,178.415625;201.855,188.059375;207.5325,185.950625;206.61625,190.44375;211.458125,188.335;210.89875,193.736875;205.845625,195.975;201.085,193.176875;201.57125,197.938125;154.335625,133.596875;149.6475,131.09875;159.65625,130.66875;163.533125,128.981875;168.26125,131.569375;172.37375,129.2175;168.885625,126.44375;159.266875,125.624375;163.963125,123.15875;168.45625,121.706875;149.4125,135.989375;140.72625,130.13375;145.43,127.538125;136.021875,126.565;131.56125,124.5375;126.61375,126.403125;131.39875,129.079375;131.48,134.51375;135.373125,132.485625;126.695,132.89125;125.88375,136.946875;130.1825,140.190625;141.780625,114.236875;145.754375,112.209375;150.215625,114.6425;154.67625,112.371875;155.811875,106.9375;141.29375,109.289375;145.998125,106.37;131.966875,113.020625;127.425,116.02125;131.804375,118.616875;126.695,121.374375;128.7225,110.749375;137.07625,111.3175;131.966875,108.154375;136.4275,105.72125;150.215625,125.2675;153.94625,127.94375;164.003125,117.886875;159.5425,115.696875;164.6525,112.371875;145.26,132.89125;134.88625,138.56875;144.64375,137.74125;153.4675,138.40625;133.25625,174.839375;138.285,173.50875;133.499375,169.631875;129.314375,172.47875;128.649375,177.5075;138.098125,167.69375;133.85625,165.09;129.193125,161.935;132.64,185.415;132.088125,190.865625;128.763125,183.298125;124.52125,180.33;133.061875,181.351875"
Triple P Kabacan_800_3.png,512,267,Coconut-800,"130.066875,145.55;134.735625,148.264375;130.3925,150.76125;130.099375,156.6575;134.64875,154.355625;124.4425,159.013125;183.551875,102.705;179.1325,100.25125;174.99625,97.2325;183.964375,97.45;188.948125,95.2675;174.99625,91.695;170.164375,93.801875;165.60375,96.809375;160.9025,94.08375;165.039375,101.934375;160.34875,98.850625;160.555,104.246875;164.485625,107.048125;156.13625,101.228125;151.0875,104.105625;156.765625,90.859375;161.04375,89.24125;166.6575,85.669375;170.935,83.78;170.088125,88.123125;174.930625,87.005;179.55625,89.3175;156.070625,96.255625;151.304375,98.35125;147.091875,101.304375;147.30875,95.625625;152.140625,93.09625;146.885,90.718125;151.999375,87.634375;161.5325,82.726875;180.11,84.05125;188.806875,84.05125;184.3225,86.86375;192.661875,92.325;121.9625,32.9375;187.96,100.25125;192.238125,102.77;197.004375,106.07125;192.314375,108.8725;187.75375,111.10875;187.47125,106.211875;183.475625,108.73125;182.9875,113.4975;186.841875,116.44;178.568125,105.995;173.801875,108.16625;179.8275,94.43125;197.851875,101.0875;201.70625,103.88875;197.221875,111.608125;191.749375,113.78;200.653125,113.845;206.5375,106.07125;206.82,101.435;202.194375,109.07875;205.98375,111.04375;198.19875,96.114375;202.335625,93.171875;207.1675,95.69125;207.525625,90.229375;202.965625,88.123125;207.938125,85.386875;193.63875,87.3525;198.6875,84.475;188.665625,90.229375;184.81125,92.81375;193.29125,82.36875;165.7125,91.651875;174.170625,102.520625;216.20125,111.73875;211.48875,108.66625;211.73875,104.203125;212.140625,98.76375;212.541875,93.823125;212.705,87.981875;216.51625,90.815625;220.74,93.823125;221.39125,98.850625;220.74,104.279375;219.849375,109.39375;225.115625,108.014375;224.46375,112.15125;219.52375,115.148125;214.735625,117.666875;229.17625,115.55;229.740625,110.120625;230.63125,105.17;225.68,102.49875;226.0925,96.89625;230.229375,99.740625;234.203125,102.335625;234.855,108.503125;238.82875,106.223125;243.855625,103.715;239.0675,100.1425;230.3925,94.46375;225.365,91.2175;221.304375,88.220625;212.705,83.19375;217.493125,80.674375;221.39125,82.955;226.16875,80.924375;230.956875,83.519375;231.195625,89.035;235.419375,91.380625;239.393125,95.604375;239.719375,90.25125;240.120625,84.735625;235.25625,82.140625;235.82125,87.1675;244.420625,98.275;244.74625,92.59625;244.74625,87.1675;245.235,82.303125;240.44625,78.89375;231.77125,79.22;216.61375,101.315;215.93,106.7875;216.6575,96.51625;210.8375,114.865625;206.049375,117.5475;196.96125,117.05875;201.8475,119.816875;201.12,124.930625;196.82,122.49875;224.475,117.385;219.045625,119.740625;214.2575,127.851875;228.296875,131.42375;233.758125,123.280625;234.29,118.73125;234.756875,113.335;74.376875,57.743125;70.0775,55.72375;80.38125,56.61375;80.620625,50.848125;93.4325,49.90375;89.6,51.39125;85.06125,53.421875;85.451875,48.46;88.850625,56.668125;84.43125,58.6225;93.7475,59.5675;98.633125,57.6125;98.82875,52.173125;103.6825,55.06125;102.856875,50.294375;107.27625,51.73875;103.563125,60.815625;82.8025,68.806875;89.566875,65.560625;88.818125,61.86875;84.116875,63.085;74.99625,64.4425;78.818125,61.130625;79.22,66.538125;70.36,66.331875;69.751875,61.401875;75.669375,53.725625;73.975625,69.415;97.916875,66.765625;98.03625,61.9125;93.421875,64.46375;92.868125,69.11125;97.9925,71.815;102.6075,70.0125;103.19375,65.354375;107.58,67.90625;106.603125,72.726875;96.570625,78.470625;91.9775,74.876875;88.21,71.716875;87.015625,76.049375;82.4225,74.7575;110.88125,81.543125;107.124375,78.145;111.543125,76.0275;112.031875,72.15125;116.211875,69.306875;120.511875,72.575;112.694375,66.635625;111.9125,60.3925;117.17875,63.3025;121.478125,61.239375;130.3925,62.096875;126.146875,64.214375;129.784375,67.24375;125.484375,69.480625;134.74625,65.245625;135.115625,60.4575;134.691875,70.576875;129.48,72.87875;124.5725,74.81125;121.000625,77.2325;114.876875,83.1175;120.446875,86.146875;120.15375,82.325;124.5725,85.354375;124.691875,81.239375;129.96875,77.840625;133.595625,80.87;133.421875,86.625;129.17625,83.236875;134.5075,75.908125;122.031875,66.700625;101.9775,76.0275;51.4875,48.70625;56.525,46.775;137.634375,94.8225;132.759375,97.298125;129.893125,93.4975;137.75375,89.73;142.62875,92.18375"
Triple P Kabacan_800_3.png,512,267,Coconut-800,"55.840625,57.139375;60.44875,55.306875;64.794375,53.2125;64.69,59.024375;60.186875,61.27625;51.4425,54.311875;56.155,52.321875;61.234375,44.415625;60.9725,49.285;65.05625,47.243125;65.5275,42.844375;79.875,45.776875;85.320625,44.415625;89.3,46.248125;61.234375,39.33625;52.489375,38.9175;51.651875,43.891875;56.73125,41.32625;47.305625,46.614375;47.20125,56.091875;33.1525,53.704375;36.770625,56.055625;47.133125,51.211875;37.72375,46.36875;33.1525,43.2475;33.466875,37.906875;41.614375,44.0175;8.73625,44.310625;4.25375,45.82375;15.464375,31.345625;19.82625,28.618125;18.915,35.28375;28.46625,40.5775;27.8325,45.2375;42.949375,37.273125;46.520625,41.43625;41.33125,53.9975;40.650625,59.024375;44.735,60.6475"
Triple P Kabacan_800_3.png,512,267,Coconut-800,"179.778125,77.488125;176.371875,75.70375;171.586875,77.8125;165.990625,75.298125;166.1525,79.678125;162.259375,77.406875;157.555625,74.649375;152.9325,76.839375;147.985,79.029375;148.471875,73.0275;152.77,71.5675;162.58375,66.458125;157.15,69.29625;153.5,66.0525;157.96125,63.8625;167.369375,69.45875;170.856875,72.459375;185.29375,70.75625;180.670625,73.189375;190.24125,68.89125;189.754375,72.784375;189.591875,78.218125;203.82625,77.188125;204.613125,71.745625;194.815625,66.295625;186.22625,65.565625;194.920625,71.591875;181.100625,68.445;180.938125,63.21375;189.9975,63.521875;167.4825,64.568125;138.1875,83.83875;143.078125,82.395;138.1875,79.045625;143.84875,76.190625;139.185,73.116875;143.75125,70.5375;139.55,67.6825;148.504375,69.3125;121.893125,50.236875;112.988125,50.4475;117.78125,43.326875;122.169375,40.3825;127.554375,41.92375;137.06,37.851875;135.9325,47.625;140.09375,50.61;145.389375,48.80125;139.776875,46.49;130.725625,44.5025;127.10875,48.53375;122.218125,45.589375;118.868125,37.3975;113.434375,39.295625;114.431875,34.096875;138.05,15.30625;131.49625,33.91;127.286875,36.6275;141.545,35.71875;146.47625,38.800625;145.389375,43.01;140.72625,40.115;136.4275,43.278125;131.901875,40.520625;130.99375,50.836875;126.289375,53.959375;117.286875,48.43625;116.743125,52.831875;120.93625,56.96875;131.123125,55.47625;135.105625,54.073125;144.740625,55.184375;139.404375,56.814375;140.1825,62.54875;143.589375,65.955;148.9825,63.075625;149.36375,57.37375;149.306875,52.55625"
Triple P Kabacan_800_3.png,512,267,Coconut-800,"132.449375,29.33625;128.03875,26.52125;123.159375,29.14875;118.560625,26.70875;123.81625,24.26875;119.311875,21.5475;123.628125,12.82;128.601875,5.313125"
Triple P Kabacan_800_3.png,512,267,Coconut-800,"133.085,23.67125;128.633125,21.2825;137.21125,21.5;141.988125,24.214375;141.988125,19.654375;146.005625,21.5;142.53125,14.008125;147.4175,16.505625;138.51375,10.859375;133.519375,7.710625;129.0675,10.641875;120.49,5.213125;119.8275,10.208125;115.12625,7.113125;138.959375,5.365;147.7975,5.571875;143.030625,8.525;132.933125,18.329375;124.311875,18.199375;146.320625,27.65625;141.554375,29.056875;137.4175,32.21625;128.253125,31.35875;119.52375,15.82125;146.396875,32.900625"
Triple P Kabacan_800_3.png,512,267,Coconut-800,"128.714375,15.49125;133.175,14.03125;162.219375,71.75375;153.670625,60.885625"
Amrita_800_2.png,512,267,coconut-800,"336.11125,167.649375;334.4975,163.210625;372.023125,212.438125;375.250625,189.43875;370.005625,181.36875;342.5675,143.843125;313.111875,156.35125;205.376875,256.01625;356.69,250.3675;384.935,234.630625;327.234375,142.6325;330.865625,140.21125;332.883125,134.965625;346.6025,132.948125;339.7425,136.17625;367.180625,129.316875;364.35625,133.755625;356.6875,130.125"
Amrita_800_2.png,512,267,coconut-800,"324.409375,148.28125;320.778125,151.105625;327.6375,145.860625;317.55,153.123125;305.84875,161.193125;308.673125,157.965625;307.4625,154.33375;303.4275,156.755;288.094375,166.43875;300.199375,168.86;294.146875,168.45625;384.53125,188.63125;382.110625,185.0;401.075,215.66625;391.39125,225.75375;388.97,222.121875;364.76,262.875625;358.7075,261.261875;411.969375,262.06875;408.74125,247.94625;405.11,213.245;402.68875,209.61375;379.689375,159.175625;371.215625,153.930625;368.795,149.895625;380.49625,199.52625;363.953125,251.174375;401.075,253.191875;324.41,190.64875;371.619375,247.5425;369.601875,243.91125;378.47875,213.245;365.566875,182.57875;395.42625,160.38625;391.794375,162.8075;405.916875,196.70125;407.934375,200.73625"
Amrita_800_2.png,512,267,coconut-800,"369.198125,206.78875;366.37375,209.61375;387.759375,201.946875;376.46125,218.894375;378.47875,222.525625;386.9525,209.21;384.53125,204.368125;389.776875,206.789375;389.37375,194.68375;382.9175,193.07;379.285625,187.0175;361.935625,195.49125;394.215625,239.87625;403.0925,245.525;393.811875,193.47375;397.846875,191.45625;398.65375,173.701875;407.1275,170.47375;409.145,163.614375;413.18,171.28125;416.004375,176.123125;414.390625,192.66625;412.373125,188.228125;415.1975,202.75375;410.355625,205.175;400.268125,205.57875;406.320625,207.1925;363.549375,215.66625;394.61875,251.174375;410.355625,242.2975;411.969375,235.84125;415.60125,251.174375;405.916875,150.29875;315.93625,205.981875;340.14625,228.981875;331.6725,223.73625;335.7075,221.315;366.37375,256.01625;405.11,261.261875;401.075,263.6825;407.1275,255.209375;409.951875,222.121875;407.1275,216.876875;411.1625,214.859375;412.373125,208.806875;409.951875,194.68375;417.215,169.26375;416.408125,159.579375;194.885625,98.650625;193.675,94.615625;183.99125,92.194375;184.395,212.841875;320.375,203.56125;373.233125,241.086875;372.83,232.613125;398.250625,248.35;392.198125,209.61375;394.215625,212.841875;390.180625,178.140625;407.53125,180.158125;410.75875,174.50875;405.51375,176.123125;404.303125,166.035625;411.56625,151.105625"
Amrita_800_2.png,512,267,non-green-800,"19.3625,215.585625;3.2225,223.251875;84.73125,211.95625;206.5875,57.81625;256.62125,103.00875;284.84375,104.15;256.69375,87.11875;406.72375,17.87;393.811875,38.851875;186.815625,51.76375;119.0275,216.3925;126.290625,218.41;120.238125,236.16375;11.2925,252.7075;78.6775,63.86875;387.84,21.420625;455.06375,52.2075"
Amrita_800_2.png,512,267,non-green-800,"271.563125,236.175;273.430625,246.44625;276.69875,256.25;96.95625,264.186875;84.818125,265.120625;465.77875,206.7625;441.035,210.030625;449.905,210.964375;442.435625,222.63625;450.371875,222.169375;470.446875,202.560625;367.270625,55.031875"
Amrita_800_2.png,512,267,non-green-800,"259.425,121.233125;263.16,124.50125"
Amrita_800_2.png,512,267,non-green-800,"93.324375,202.350625;72.95,212.29375;111.07875,199.929375;72.3425,224.139375;78.395,223.3325;92.92125,222.525625;100.18375,222.525625;115.920625,142.269375;102.2825,143.843125;114.54875,128.8325;101.31375,130.204375;101.676875,159.175625;117.816875,157.844375;81.340625,147.191875;74.036875,147.43375;80.29125,139.60625;252.748125,53.3375;289.385625,54.265625"
Amrita_800_2.png,512,267,non-green-800,"97.33375,176.901875;6.04375,40.775;106.05,210.6"
Amrita_800_2.png,512,267,non-green-800,"290.716875,35.375625;427.92125,56.9825;451.14875,114.24125;466.814375,113.16125;444.126875,136.38875;477.6175,135.308125;444.666875,159.07625;475.456875,155.835;454.93,186.625;472.75625,185.75"
Amrita_800_2.png,512,267,non-green-800,"445.255,201.035;459.3625,214.58125"
Amrita_800_2.png,512,267,non-green-800,"54.768125,196.72625;95.60625,210.425;277.320625,264.788125;244.91,60.061875;244.91,51.41875;393.458125,14.146875;464.22125,5.50375;479.88625,66.54375;8.853125,202.668125;19.656875,120.56125"
Amrita_800_2.png,512,267,non-green-800,"16.955625,38.455;11.01375,27.11125;482.5875,234.53875;460.44,259.386875;255.713125,216.7125;304.329375,16.8475;262.735625,45.476875;483.6675,196.18625;469.083125,89.77125;475.565,87.610625;466.381875,78.4275;285.423125,231.2975"
Amrita_800_2.png,512,267,green-800,"84.63125,183.699375;188.741875,254.6625;217.6875,230.385625;299.388125,183.699375;201.346875,44.1075;138.320625,46.90875;140.655,56.245625;173.335,70.251875;181.271875,12.8275;180.338125,30.10125;129.916875,80.055625;122.446875,104.3325;152.32625,181.365;116.3775,180.43125;30.475,235.988125;23.005,259.33125;29.074375,216.38;70.158125,200.04;48.6825,177.630625;72.959375,124.875;83.230625,125.341875;92.100625,126.275625;16.001875,71.185625;283.515,10.493125;271.843125,10.96;315.261875,263.06625;441.781875,183.699375;362.415,22.631875;326.46625,125.341875;342.806875,111.335625;313.86125,90.326875;322.264375,218.2475;427.775625,236.921875;428.709375,113.67;452.519375,144.95;502.47375,125.341875;494.5375,104.3325;494.5375,65.11625;495.004375,173.42875;331.135,251.861875;254.1025,232.72;193.41,246.72625;125.715,193.036875;23.005,144.95;26.74,153.353125;14.134375,190.7025;13.668125,132.344375;23.93875,228.051875;24.405625,237.855625;15.068125,223.85;38.411875,205.175;46.348125,228.51875;48.6825,249.5275;58.02,136.079375;65.95625,156.62125;75.29375,167.82625;53.818125,152.419375;38.411875,89.393125;199.94625,69.785;238.229375,250.928125;229.825625,226.184375;354.01125,142.615625;343.27375,150.5525;361.014375,140.748125;398.363125,109.935;269.509375,226.65125;287.716875,241.590625;28.6075,105.26625;13.20125,149.151875;44.9475,200.97375;72.959375,247.66;153.726875,242.99125;160.263125,229.91875;149.058125,119.739375;145.323125,106.2;127.115625,127.675625;116.3775,120.673125;129.45,55.311875;102.83875,46.90875;376.420625,134.67875;301.7225,200.97375;431.510625,249.060625;501.073125,188.368125;501.54,37.57125;496.405,119.739375;326.46625,95.4625;301.7225,40.839375"
Amrita_800_2.png,512,267,green-800,"172.868125,134.67875;155.1275,110.86875;46.348125,74.920625;7.131875,86.591875;175.669375,43.640625;309.1925,143.549375;346.075,123.474375;391.475,115.30625;265.3075,144.01625;272.075,143.90625;435.245625,47.8425;476.6875,18.59375;487.534375,4.890625"
Amrita_800_2.png,512,267,green-800,"152.125,4.4375;143.375,8.1875;144.625,72.5625"
Amrita_800_2.png,512,267,coconut-800,"179.31125,232.81375;177.816875,224.13;185.660625,217.6875"
Amrita_800_2.png,512,267,coconut-800,"188.995,144.609375;189.398125,149.855;190.60875,124.434375;193.029375,115.15375;187.38125,110.3125"
Amrita_800_2.png,512,267,coconut-800,"171.240625,220.4675;193.836875,233.38;205.538125,225.713125;212.80125,214.415;209.573125,207.1525;201.906875,193.836875;209.573125,186.976875;202.71375,146.22375;202.31,141.785;207.555625,139.36375;204.73125,154.696875;205.941875,168.41625;204.73125,163.9775;206.345,172.854375;201.906875,170.03;202.31,174.46875;195.450625,157.118125;174.46875,152.679375;174.065,147.8375;173.661875,143.8025;175.275625,201.1;176.0825,205.135;179.310625,213.608125;177.696875,209.573125;180.1175,217.643125;176.0825,219.660625;175.275625,215.2225;174.065,210.78375;172.45125,205.941875;194.24,215.2225;193.029375,210.78375;194.24,200.69625;191.011875,188.59125;198.275,176.0825;197.468125,172.0475;183.749375,146.22375;184.959375,150.661875;174.46875,118.785625;175.679375,122.820625;170.43375,120.399375;165.591875,121.20625;163.9775,111.5225;171.240625,99.4175;160.75,97.4"
Amrita_800_2.png,512,267,coconut-800,"165.995,184.1525;191.415625,168.819375;198.275,209.573125;233.783125,204.73125;223.695625,149.855;216.4325,194.24;230.95875,209.976875;227.730625,212.3975;219.660625,203.1175;224.099375,201.906875;225.713125,154.696875;212.80125,148.644375;212.3975,143.39875;209.573125,152.679375;208.76625,149.45125;207.555625,145.013125;203.520625,150.661875;199.485625,151.46875;200.2925,155.9075;195.450625,161.96;186.17,165.188125;191.011875,163.9775;182.135,170.03;182.53875,174.065;212.3975,162.36375;198.85625,93.76875"
Amrita_800_2.png,512,267,coconut-800,"164.219375,149.815;164.623125,154.656875;165.026875,158.691875;196.5,109.06125;197.306875,117.534375;196.5,113.903125;213.446875,133.27125;178.3425,146.99;223.938125,187.74375;229.586875,190.165;218.6925,184.515625;215.464375,189.358125;210.6225,190.568125;211.833125,204.690625;199.324375,203.480625;191.254375,224.865625;200.938125,226.88375;183.184375,232.12875;182.3775,227.286875;178.3425,228.90125"
Amrita_800_2.png,512,267,coconut-800,"221.81625,159.60125;200.891875,107.988125;201.938125,112.521875;205.425625,106.941875;209.959375,106.244375;169.505625,91.24875;151.72,99.269375;146.8375,99.269375;187.98875,140.769375;218.6775,132.05125;215.8875,137.979375;209.959375,167.27375;222.51375,163.78625;227.0475,181.920625;224.60625,172.504375;226.35,178.084375;242.740625,182.618125;237.509375,183.664375;238.206875,188.198125;234.719375,189.244375;240.299375,173.899375;247.274375,184.710625;227.0475,195.87;222.8625,197.61375;221.11875,193.08;192.17375,228.65125;187.29125,230.395;183.80375,236.32375;169.505625,234.92875;178.92125,176.340625;214.84125,104.500625;214.84125,108.336875;200.891875,136.933125;191.825,139.723125;171.25,124.03125;162.181875,129.95875"
Amrita_800_2.png,512,267,green-800,"268.2,148.44375"
Amrita_800_2.png,512,267,coconut-800,"186.245,129.61;185.5475,125.77375;180.31625,122.28625;170.900625,128.215;204.728125,251.668125;189.7325,215.748125;186.59375,207.37875;190.08125,202.1475;189.38375,198.31125;202.635625,212.609375;202.286875,208.425;203.681875,197.9625;204.728125,202.49625;208.913125,201.45"
Amrita_800_2.png,512,267,coconut-800,"214.14375,200.40375;212.05,195.175"
Amrita_800_2.png,512,267,coconut-800,"217.2825,214.353125;220.77,207.37875;215.8875,209.819375;184.5,121.53125"
Amrita_800_2.png,512,267,coconut-800,"222.095,141.01375;226.28,139.9675;226.62875,158.450625;173.271875,110.673125;206.401875,111.370625;202.565625,116.601875;224.1875,131.94625;223.14125,127.06375;225.5825,116.253125;221.04875,155.311875;208.145625,119.740625;191.755,86.261875;197.68375,89.05125;278.939375,176.585;279.985625,181.11875;276.15,173.0975;295.679375,160.891875;301.6075,162.984375;299.515,159.148125;282.775625,174.14375;286.263125,171.7025;375.19125,208.66875;374.8425,215.295;366.124375,236.219375;368.216875,239.706875;366.124375,245.635;363.3375,241.1"
Amrita_800_2.png,512,267,coconut-800,"351.82625,221.920625;361.939375,211.8075;388.095,175.19;396.464375,182.861875;395.069375,187.046875;325.321875,173.44625;344.15375,217.03875;383.2125,220.874375;392.62875,220.52625;393.325625,204.8325;403.090625,182.861875;390.1875,168.215;393.675,166.46875"
Amrita_800_2.png,512,267,coconut-800,"334.7375,200.299375;327.065625,194.719375;326.368125,205.87875;344.15375,225.756875;346.94375,251.215;368.216875,214.24875;382.515,240.40375;354.964375,246.68125;346.595,193.673125;350.0825,181.4675;347.99,177.63125;352.52375,185.303125;353.91875,179.375;351.82625,175.53875;356.025,183.2;358.103125,186.349375"
Amrita_800_2.png,512,267,coconut-800,"360.32125,255.209375;409.951875,183.789375;411.969375,177.736875;403.0925,155.948125;401.881875,162.000625;367.180625,203.1575;388.56625,260.05125;379.285625,233.016875;344.585,256.823125;346.6025,204.771875;353.058125,196.298125;358.7075,198.71875"
Amrita_800_2.png,512,267,non-green-800,"81.38125,237.9375;94.19875,236.40125;90.60875,263.0675;454.191875,256.400625;455.2175,263.0675;442.91,206.145;449.06375,206.658125;472.65,195.375;465.47375,190.760625;473.67875,190.248125;84.96875,235.375"
Triple P Kabacan_800_4.png,512,267,non-green-800,"125.45375,55.105;131.549375,56.62875;132.056875,45.961875;128.501875,46.47;131.549375,36.31125;141.2,40.8825;127.485625,39.35875;139.168125,32.2475;131.549375,24.62875;125.45375,29.708125;125.45375,20.565;139.168125,21.58125;148.81875,23.6125;148.31125,33.26375;149.326875,44.94625;147.803125,55.6125;138.660625,49.009375;138.1525,57.13625;126.9775,61.708125;136.62875,39.866875;134.08875,28.691875"
Triple P Kabacan_800_4.png,512,267,non-green-800,"57.39375,21.15625;173.708125,202.40625"
Triple P Kabacan_800_4.png,512,267,non-green-800,"423.4,90.25"
Triple P Kabacan_800_4.png,512,267,non-green-800,"419.0625,8.75;417.1875,18.75;415.3125,28.125;413.4375,40.0;410.9375,52.5;409.0625,61.875;407.8125,71.25;405.3125,77.5;403.4375,84.375;453.4375,63.125;448.4375,62.5;506.5625,23.125;501.26875,5.29375;491.5625,99.375"
Triple P Kabacan_800_4.png,512,267,Coconut-800,"14.441875,142.179375;19.555625,138.51375;14.984375,135.753125;19.600625,132.72125;24.3525,135.6625;29.285625,133.580625;28.199375,138.2875;24.940625,141.18375;34.444375,130.82;34.26375,136.29625;25.121875,130.09625;19.600625,127.83375;15.30125,130.865625;10.006875,132.9475;10.549375,127.516875;15.30125,125.48;24.714375,125.70625;29.6475,127.01875;34.625625,125.163125;39.286875,133.038125;39.513125,138.649375;44.129375,130.775;39.60375,127.743125;45.034375,124.575;6.39375,102.6625;43.5,135.74875;5.31375,141.143125;19.198125,144.605;5.9625,130.275"
Triple P Kabacan_800_4.png,512,267,Coconut-800,"5.625,124.8475;10.6725,122.254375;5.555,119.029375;10.8125,116.57625;15.22875,119.45;20.275625,116.78625;19.855,122.04375;25.2525,119.940625;24.761875,114.68375;29.318125,117.768125;15.43875,113.631875;11.233125,111.669375;6.46625,107.81375;6.606875,113.561875;35.00625,108.75625;29.59375,111.41875"
Triple P Kabacan_800_4.png,512,267,Coconut-800,"35.04375,102.80625;15.49375,108.925;17.70625,75.0625;11.50875,99.840625;11.184375,105.436875;15.8075,103.16625;20.67375,106.005;20.268125,100.165;26.026875,103.571875;29.7575,106.005;24.89125,108.6;16.699375,97.48875;11.914375,94.16375;6.7875,85.74375"
Triple P Kabacan_800_4.png,512,267,Coconut-800,"17.0525,84.99375;21.18125,87.5275;17.14625,91.1875;12.1725,88.278125;21.838125,94.28375;26.3425,91.093125;26.3425,96.911875;31.2225,94.28375;31.2225,88.65375;26.999375,85.744375;22.3075,82.6475;31.691875,83.023125;36.00875,86.12;35.914375,91.5625;40.794375,89.498125;40.513125,100.008125;40.794375,94.09625;22.3075,77.48625;16.489375,80.02;12.735625,82.74125;26.625,80.95625;13.0175,72.325"
Triple P Kabacan_800_4.png,512,267,Coconut-800,"34.735625,119.7175;39.5825,116.688125;34.79625,114.5675;39.279375,122.504375"
Triple P Kabacan_800_4.png,512,267,Coconut-800,"7.156875,91.45625;6.939375,96.776875;7.4825,80.59875;7.808125,74.844375;3.3675,66.559375;7.765,69.371875;3.519375,71.565;3.32375,77.1025;2.856875,88.079375;2.661875,82.509375"
Triple P Kabacan_800_4.png,512,267,Coconut-800,"30.52375,99.935;39.083125,105.48;20.19875,111.1925;35.24875,96.69625"
Triple P Kabacan_800_4.png,512,267,Coconut-800,"12.883125,66.43375;17.28125,69.10375;8.065625,63.868125;22.20375,72.56"
Triple P Kabacan_800_4.png,512,267,Coconut-800,"12.031875,78.0225"
Triple P Kabacan_800_4.png,512,267,Coconut-800,"5.649375,135.469375"
Triple P Kabacan_800_4.png,512,267,green-800,"381.875,31.5625;396.875,14.6875;455.625,256.5625;453.75,247.1875;451.875,237.8125;449.375,229.6875;445.625,222.1875;438.125,214.6875"
Triple P Kabacan_800_4.png,512,267,green-800,"444.375,87.1875;456.875,134.6875;470.625,116.5625;466.25,93.4375;444.375,104.6875;439.375,179.0625;463.125,185.9375;455.625,169.0625;444.375,195.9375;461.25,205.9375;492.5,160.9375;506.875,156.5625;500.0,139.6875;506.25,110.9375;506.875,97.1875;475.625,257.8125;483.75,261.5625;376.25,217.1875;386.25,222.1875;374.375,230.9375;399.375,232.8125;398.75,219.0625;351.25,228.4375;350.0,217.1875;190.0,84.6875;251.63125,51.03125;371.25,175.3125;371.25,131.5625;351.875,110.9375;344.375,126.5625;336.875,136.5625;417.5,153.4375;430.0,100.3125;393.125,255.3125;390.625,210.9375;164.56875,24.3;311.25,19.0625"
Triple P Kabacan_800_4.png,512,267,green-800,"385.6875,6.625;375.0625,50.375"
Triple P Kabacan_800_4.png,512,267,green-800,"88.5625,128.9375;72.9375,120.1875;142.9375,102.6875;116.6875,152.6875;92.9375,172.0625;109.1875,182.0625;76.0625,190.8125;129.1875,248.9375;161.875,107.875;245.0,118.5625;268.75,195.4375;251.875,206.0625"
Triple P Kabacan_800_4.png,512,267,green-800,"261.875,219.8125;314.375,207.3125"
Triple P Kabacan_800_4.png,512,267,green-800,"80.4375,228.6875;86.0625,251.1875;64.1875,137.4375;234.0625,242.0625;218.8125,254.0;236.3125,219.0;241.9375,77.125;300.6875,119.0;290.6875,118.375;217.5625,145.25;190.0625,184.625;202.5625,149.0"
Triple P Kabacan_800_4.png,512,267,green-800,"455.6875,25.25;465.6875,7.125;310.6875,39.0;68.8375,40.89375"
Triple P Kabacan_800_4.png,512,267,green-800,"111.0625,87.4375;75.4375,82.4375;145.4375,69.9375;141.0625,94.3125;83.5625,211.8125"
Triple P Kabacan_800_4.png,512,267,green-800,"220.125,72.6875;290.75,68.9375"
Triple P Kabacan_800_4.png,512,267,green-800,"182.625,250.8125;188.25,260.8125;186.375,218.9375;234.5,98.3125"
Triple P Kabacan_800_4.png,512,267,green-800,"20.125,214.0;27.625,40.25;48.25,52.75;44.5,32.75"
Triple P Kabacan_800_4.png,512,267,green-800,"78.955,148.6375;199.775625,39.180625;272.28,144.804375"
Triple P Kabacan_800_4.png,512,267,Coconut-800,"274.785625,183.809375;279.97625,178.861875;284.355625,178.780625;292.709375,182.5925;296.926875,183.728125;292.62875,187.62125;287.924375,188.026875;287.74375,183.04375;284.19375,183.160625;278.986875,184.425625;283.739375,188.0025;288.126875,179.6325;292.56375,179.405;297.2275,187.459375;301.29875,184.425625;280.486875,175.00125;275.90625,175.53125;45.0625,103.21875;289.3625,174.55625"
Triple P Kabacan_800_4.png,512,267,Coconut-800,"291.498125,192.854375;296.1025,192.733125;300.343125,192.430625;291.31625,197.035;287.620625,195.33875;283.198125,192.1275;297.731875,179.0775;287.78125,191.9;301.86375,179.64125;309.745625,180.30125;305.42625,184.524375;306.06875,180.4375;296.025,196.70625;309.5625,183.6125"
Triple P Kabacan_800_4.png,512,267,green-800,"403.0625,206.25;429.9375,165.0;289.3125,129.375;242.03125,64.075"
Triple P Kabacan_800_4.png,512,267,green-800,"120.5625,210.6875;121.1875,227.5625"
Triple P Kabacan_800_4.png,512,267,green-800,"16.945625,245.503125"
Triple P Kabacan_800_4.png,512,267,green-800,"16.74125,161.645625;100.495625,52.561875;116.75125,4.650625;208.06875,20.025;233.09375,188.075"
Triple P Kabacan_800_4.png,512,267,green-800,"262.125,12.8125"
Triple P Kabacan_800_4.png,512,267,green-800,"232.75,6.5625"
Wat Phleng_800_1.png,512,267,non-green-800,"323.95625,124.828125;322.33125,128.10625;326.00625,127.2625;416.46,9.403125;309.630625,17.18;231.861875,2.445;190.93125,223.0625;193.79375,221.425;198.3,224.2875;197.8875,227.975;207.7125,208.73625;248.95,198.33125;277.70625,236.98125;316.18125,248.03125;315.76875,242.3;316.179375,239.434375;242.50375,196.86625;244.45,197.175;226.13125,201.23125;237.183125,205.0525;232.1,202.9375;114.8,164.9375;119.71125,166.5775;119.71125,169.851875;69.366875,162.89375;72.64125,160.4375;70.185,156.75375;82.4625,156.35;281.388125,236.16;415.231875,13.086875;419.325,16.770625;422.19,7.765625;305.5375,16.770625;367.343125,40.510625;370.208125,40.92;319.04375,230.01875"
Wat Phleng_800_1.png,512,267,non-green-800,"314.13125,250.075"
Wat Phleng_800_1.png,512,267,non-green-800,"280.1625,239.4375"
Wat Phleng_800_1.png,512,267,non-green-800,"325.184375,130.763125"
Wat Phleng_800_1.png,512,267,non-green-800,"113.571875,168.82875;116.03125,173.3375;118.074375,174.149375;116.0275,178.651875;79.599375,168.01;271.974375,235.13625;271.155625,239.229375;274.43,230.63375;426.0375,3.55"
Wat Phleng_800_1.png,512,267,non-green-800,"6.168125,157.6425;20.694375,161.274375;40.869375,165.309375;73.553125,172.16875;130.44375,189.925;147.39375,195.571875;165.55125,200.8175;275.706875,221.799375;253.11125,217.764375;378.19625,242.78125;434.686875,256.096875;351.96875,237.535625"
Wat Phleng_800_1.png,512,267,non-green-800,"337.84625,104.78375;351.96875,51.118125;306.373125,24.08375;314.846875,31.75;344.23125,82.65"
Wat Phleng_800_1.png,512,267,green-800,"88.523125,158.49;87.715625,165.753125"
Wat Phleng_800_1.png,512,267,non-green-800,"497.43125,262.0875"
Wat Phleng_800_1.png,512,267,coconut-800,"206.506875,172.20875;208.524375,164.13875;208.120625,158.49;220.225625,157.683125;206.506875,124.595625;211.34875,130.648125;191.980625,147.191875;238.786875,160.10375;249.68125,145.578125;234.0,149.09375;200.050625,166.15625;92.719375,203.27875;113.2975,203.681875;111.28,198.84;127.016875,206.506875;146.2125,205.0625;136.700625,203.27875;150.01625,210.138125;157.279375,212.559375;165.349375,215.38375;60.8425,185.12125;45.10625,205.29625;33.4625,184.54375;12.95,173.84375;12.82625,181.893125;6.37,182.29625;141.5625,239.0125;101.19375,193.59375"
Wat Phleng_800_1.png,512,267,coconut-800,"119.225,126.625;114.8525,123.765625;105.434375,125.4475;114.58125,82.4125;107.99375,96.49375;122.91875,84.15625;124.775,123.934375;112.329375,139.743125;100.0525,158.243125;103.41625,163.7925;98.706875,166.82;104.593125,157.738125;177.751875,158.579375;165.138125,143.9475;238.296875,120.73875;115.975,143.2625"
Wat Phleng_800_1.png,512,267,coconut-800,"291.32,193.010625;279.81125,196.149375;274.929375,201.03125;269.349375,197.544375;278.068125,188.825625;273.883125,207.6575;267.954375,203.82125;308.756875,169.29625;315.731875,167.90125;282.60125,165.11125;280.8575,154.649375;318.52125,151.859375;286.09375,171.3125"
Wat Phleng_800_1.png,512,267,coconut-800,"276.673125,183.594375;273.883125,179.758125;270.046875,172.435;268.303125,180.106875;259.235625,199.2875;262.723125,190.569375;243.5425,176.27125;239.009375,173.1325;230.05625,161.35625;232.731875,140.699375;335.375,154.3;338.748125,144.884375"
Wat Phleng_800_1.png,512,267,coconut-800,"301.5825,197.65875;338.465,210.73125;296.91375,256.48375;298.314375,248.546875;290.378125,260.21875;91.026875,192.523125;304.38375,241.54375;356.205625,226.1375;305.784375,177.58375;310.453125,163.110625;352.49375,164.04375;427.16875,229.405625;403.825625,234.074375;339.39875,221.935625;331.51875,249.9875;330.995,258.818125;168.0875,55.2625;70.951875,181.785625;35.9375,179.918125;28.000625,176.183125;287.11,106.15375;108.45,151.96875"
Wat Phleng_800_1.png,512,267,coconut-800,"231.08125,59.089375;434.94375,12.850625;483.559375,18.2525;471.135625,12.850625;459.791875,7.44875;274.51125,105.760625;157.293125,31.756875;181.60125,72.27;198.346875,143.0325;211.85125,62.546875;218.333125,49.5825;192.405,38.23875;115.85625,48.35625;438.130625,114.40375;456.280625,135.038125;462.525,108.1625"
Wat Phleng_800_1.png,512,267,coconut-800,"16.9375,259.375;137.575,64.74375"
Wat Phleng_800_1.png,512,267,coconut-800,"348.575,252.993125;186.6575,63.3975;229.55625,101.225"
Wat Phleng_800_1.png,512,267,coconut-800,"101.778125,202.71125;374.4075,183.33625;358.2625,196.25;384.095,38.4875;482.3525,53.710625;451.445,58.785;394.705,56.939375;468.975,19.575"
Wat Phleng_800_1.png,512,267,coconut-800,"219.87125,175.494375;187.11875,248.38;391.014375,200.404375;450.98125,23.725;473.21875,30.925"
Wat Phleng_800_1.png,512,267,coconut-800,"171.71125,96.6575;401.44,36.226875;490.475,31.15"
Wat Phleng_800_2.png,512,267,non-green-800,"73.869375,162.484375"
Wat Phleng_800_2.png,512,267,non-green-800,"102.11125,146.111875;106.204375,165.75875;132.809375,166.5775;136.493125,189.49875;121.34875,134.65125;140.176875,36.826875;466.395625,206.689375;479.493125,207.9175;74.278125,203.824375;145.0875,21.68125"
Wat Phleng_800_2.png,512,267,non-green-800,"59.13375,118.688125;290.39375,154.4"
Wat Phleng_800_2.png,512,267,non-green-800,"7.85,45.9125"
Wat Phleng_800_2.png,512,267,non-green-800,"20.945625,45.913125;7.8475,62.285625;14.805625,63.923125;11.121875,54.099375;21.355,55.3275;23.810625,62.695;99.53125,99.7125"
Wat Phleng_800_2.png,512,267,non-green-800,"294.15625,123.05625;295.8875,119.95"
Wat Phleng_800_2.png,512,267,non-green-800,"52.64375,83.1375"
Wat Phleng_800_2.png,512,267,non-green-800,"277.5925,43.35875"
Wat Phleng_800_2.png,512,267,non-green-800,"43.5125,27.05"
Wat Phleng_800_2.png,512,267,non-green-800,"350.145625,225.0725"
Wat Phleng_800_2.png,512,267,non-green-800,"278.160625,37.06"
Wat Phleng_800_2.png,512,267,non-green-800,"428.76,4.383125;510.21625,6.2775;429.70625,242.59375"
Wat Phleng_800_2.png,512,267,green-800,"445.80625,243.06875"
Wat Phleng_800_2.png,512,267,green-800,"168.8125,253.69;80.775,205.30625"
Wat Phleng_800_2.png,512,267,coconut-800,"276.79625,243.104375;241.28875,221.315;219.903125,209.21;213.043125,208.806875;208.20125,202.350625;167.85,229.79375"
Wat Phleng_800_2.png,512,267,coconut-800,"27.8375,182.98125"
Wat Phleng_800_2.png,512,267,coconut-800,"18.29375,157.55625;16.54375,146.13125;36.58125,167.91875;18.28125,168.8625"
Wat Phleng_800_2.png,512,267,coconut-800,"132.746875,77.66875;223.938125,139.000625;227.973125,64.756875;232.815,64.756875;320.98125,102.525"
Wat Phleng_800_2.png,512,267,coconut-800,"382.836875,121.125625;384.0475,112.6525;402.205,118.705;431.660625,125.160625;440.13375,134.0375;435.69375,126.775;453.853125,126.775;456.6775,118.705;499.85,142.9125"
Wat Phleng_800_2.png,512,267,coconut-800,"321.504375,236.12375;393.73125,250.24625;385.2575,253.8775;365.889375,251.053125;357.819375,121.529375;365.889375,120.31875;409.468125,123.95;398.17,132.02;367.1,94.49375;358.223125,91.266875"
Wat Phleng_800_2.png,512,267,coconut-800,"239.9975,132.8275;219.41875,129.599375;475.641875,134.44125;496.220625,133.634375;457.18125,110.08125;350.96,51.32;348.9425,33.1625;378.398125,31.145;308.5925,25.899375;241.2075,39.215;157.683125,63.425;154.455,75.53;104.420625,91.67;351.36375,18.233125;352.9775,10.56625;380.0125,24.68875;394.538125,27.11;415.92375,24.285625;422.38,29.1275;432.06375,33.1625;414.713125,11.373125;404.625625,25.899375;321.504375,25.0925;309.399375,141.300625;180.6825,230.474375;169.384375,210.299375;159.700625,156.230625;273.084375,159.458125;258.55625,133.63125"
Wat Phleng_800_2.png,512,267,coconut-800,"274.295,251.053125;276.3125,230.878125;283.575625,224.825625;285.99625,219.98375;395.345,239.755;384.450625,236.930625"
Wat Phleng_800_2.png,512,267,green-800,"295.680625,211.91375"
Wat Phleng_800_2.png,512,267,coconut-800,"169.384375,15.811875;181.08625,23.075;167.76875,31.14375;162.525,19.04"
Wat Phleng_800_2.png,512,267,coconut-800,"215.786875,203.03625;415.520625,112.24875;484.9225,36.390625;477.25625,79.565;485.32625,75.53;484.9225,67.46;294.47,242.17625;294.47,251.456875;317.469375,228.05375;158.89375,221.5975;152.4375,236.526875;61.81125,199.364375;68.993125,185.8875;53.65,199.80625"
Wat Phleng_800_2.png,512,267,coconut-800,"60.975,214.10625"
Wat Phleng_800_2.png,512,267,coconut-800,"37.96125,114.37;11.3875,94.0125;40.75125,104.95375;24.709375,124.134375;28.894375,97.281875;35.17125,127.970625;4.4825,114.71875;7.2725,100.420625;18.431875,99.723125;22.965625,111.58"
Wat Phleng_800_2.png,512,267,coconut-800,"117.8225,96.933125;101.083125,81.24;134.910625,99.374375;123.05375,81.24;59.583125,189.34875;64.116875,149.5925"
Wat Phleng_800_2.png,512,267,coconut-800,"341.779375,102.371875;395.001875,110.775625;413.675,102.8375;397.33625,103.305625"
Wat Phleng_800_2.png,512,267,coconut-800,"428.149375,109.375;493.043125,124.78125;476.703125,114.9775"
Wat Phleng_800_3.png,512,267,non-green-800,"174.968125,92.901875;175.786875,96.585625;178.2425,91.67375;183.56375,96.995;186.42875,98.6325;218.355,21.6825;222.8575,22.91;219.5825,15.951875;224.085,16.36125;232.27125,15.5425;211.396875,13.086875;203.210625,25.36625;202.391875,30.2775;201.573125,33.96125;205.256875,42.96625;208.53125,44.194375;204.8475,47.46875;202.391875,51.561875;205.256875,53.19875;194.205625,22.500625;192.568125,7.765625;188.06625,17.589375;182.745,42.556875;190.1125,45.421875;193.386875,49.924375;153.275,111.320625;161.87,87.99;167.600625,86.7625;168.419375,117.05125;172.103125,110.501875;164.735625,109.68375;161.46125,115.004375;163.5075,126.874375;152.45625,148.5675;143.041875,137.925625;138.130625,177.62875;128.71625,195.22875;135.265,193.591875;133.21875,199.73125;126.67,209.145625;123.804375,212.829375;131.58125,237.796875;119.71125,153.479375;116.436875,160.028125;113.98125,166.5775;113.571875,171.898125;115.61875,177.62875;116.436875,211.60125;104.158125,243.93625;99.24625,259.49;421.780625,100.269375;424.236875,108.455625;408.27375,98.223125;407.455,104.3625;416.46,89.6275;419.325,89.218125;425.464375,88.399375;427.101875,81.850625;388.2175,66.296875;394.766875,67.525;388.626875,62.20375;436.925625,175.99125;429.5575,184.99625;447.976875,186.633125;136.08375,230.429375;109.069375,230.429375;128.71625,177.219375;89.504375,232.230625;306.35625,18.94;160.4375,39.88125;163.29375,46.35"
Wat Phleng_800_3.png,512,267,non-green-800,"255.29,135.490625"
Wat Phleng_800_3.png,512,267,green-800,"151.186875,161.314375;133.83625,141.139375;153.204375,92.719375;199.203125,83.8425;203.641875,76.579375;198.8,72.9475;202.835,66.491875;209.694375,59.631875;412.655625,67.29875;457.8475,19.281875;275.465,56.000625;95.1,5.96625;137.4675,221.0325;430.94375,166.1625"
Wat Phleng_800_3.png,512,267,green-800,"231.6875,28.478125;225.358125,65.55125"
Wat Phleng_800_3.png,512,267,coconut-800,"210.030625,193.64375;246.44625,206.715625;238.0425,204.381875;296.8675,212.318125;322.545,224.456875;330.948125,224.456875;7.87875,128.283125;156.808125,6.898125;451.399375,76.928125;448.13125,58.72;247.846875,118.011875;214.2325,132.0175;221.7025,143.2225;199.759375,197.37875;191.823125,193.176875;180.15125,193.64375;153.54,183.3725;272.590625,208.11625;276.791875,211.384375;305.7375,212.785;393.975,196.445;396.77625,165.165;411.24875,144.623125;393.975,155.8275;468.673125,243.13125;443.93125,195.04375"
Wat Phleng_800_3.png,512,267,green-800,"112.53125,258.92125;129.881875,243.991875"
Wat Phleng_800_3.png,512,267,non-green-800,"115.355625,235.518125;112.1275,240.76375;118.986875,264.97375"
Wat Phleng_800_3.png,512,267,green-800,"120.719375,255.83"
Wat Phleng_800_3.png,512,267,coconut-800,"222.169375,202.0475;66.236875,234.260625;72.03125,246.54375;83.04375,151.62625;41.493125,142.28875;19.55,138.55375;23.285,18.57;23.751875,13.434375;36.824375,18.57;83.9775,22.305;129.2625,15.76875"
Wat Phleng_800_3.png,512,267,coconut-800,"62.96875,144.15625;179.2175,156.294375;452.333125,216.52;490.68125,49.5875;493.37,32.855625;403.71875,50.675;353.45125,52.2775;366.96875,52.825"
Wat Phleng_800_3.png,512,267,coconut-800,"411.28375,37.69875;443.694375,12.850625;451.256875,6.368125;504.194375,10.69;121.209375,98.738125;232.485625,117.104375;382.655,240.804375;391.2975,251.608125;369.690625,223.51875;366.989375,245.12625;373.471875,234.3225;39.643125,242.425;85.125,114.8375;141.628125,103.978125;139.7375,110.028125;87.935,108.62375;88.42125,90.905625;123.85625,35.321875;166.854375,32.99875;114.565625,120.7775;102.8975,150.163125;82.20625,160.85625;42.668125,228.164375;20.7125,234.225;29.595625,224.383125"
Wat Phleng_800_3.png,512,267,coconut-800,"259.285,75.480625;263.953125,86.218125;268.155,93.22125;256.48375,89.019375;242.010625,96.0225;164.51125,232.81375;243.878125,253.355625;207.04375,229.775;192.05625,232.81375;249.01375,245.885625;163.110625,223.47625;288.696875,216.00625;375.066875,247.28625;390.006875,173.055;302.703125,146.44375;200.46,172.12125;216.333125,157.181875;255.55,187.528125;249.01375,187.995;330.248125,216.00625;387.205625,230.0125;390.94,188.46125;418.485,203.40125;418.018125,162.3175;52.93125,236.081875;404.0125,42.8;340.051875,225.810625"
Wat Phleng_800_4.png,512,267,non-green-800,"265.015625,191.135625;281.388125,122.78125;309.630625,107.2275;371.43625,102.725;373.4825,66.70625;111.11625,29.05;82.464375,117.460625;82.87375,122.78125;72.64125,116.641875;37.85,108.04625;34.575625,112.54875;44.39875,106.0;25.16125,152.25125;22.29625,161.665625;21.886875,171.48875;39.078125,251.713125;43.58,252.531875;48.0825,253.76;43.989375,259.899375;36.621875,258.671875;34.16625,254.57875;35.394375,250.07625;18.203125,250.895;23.115,253.76;27.6175,254.57875;16.156875,259.08125;22.29625,260.30875;27.208125,261.94625;159.825,47.0625;109.888125,15.133125"
Wat Phleng_800_4.png,512,267,non-green-800,"75.50625,2.854375;68.7525,3.099375;73.255,7.1925;452.274375,202.4325;467.828125,200.38625;460.460625,213.075;464.55375,213.075;448.18125,217.1675;370.4125,80.868125;295.50625,107.0625;315.565625,108.70125;305.3325,120.980625"
Wat Phleng_800_4.png,512,267,non-green-800,"120.735,20.290625;47.878125,163.139375;43.375625,170.0975;38.054375,164.77625;29.05,190.5625;22.9125,209.39375;20.04375,218.80625;13.0875,238.45"
Wat Phleng_800_4.png,512,267,non-green-800,"62.613125,108.70125;57.291875,105.426875;65.06875,84.1425;74.07375,57.5375;82.26,36.25375;53.19875,117.70625"
Wat Phleng_800_4.png,512,267,green-800,"24.5475,183.195;54.426875,174.6;101.906875,176.236875;500.5725,26.43;502.619375,30.9325;468.646875,186.47;460.05125,195.88375;66.296875,51.8075;111.31875,8.85625;369.594375,110.7475"
Wat Phleng_800_4.png,512,267,non-green-800,"103.10625,9.608125"
Wat Phleng_800_4.png,512,267,green-800,"53.475625,98.188125;439.231875,186.408125;47.74375,113.78125"
Wat Phleng_800_4.png,512,267,coconut-800,"140.39375,80.63125"
Wat Phleng_800_4.png,512,267,coconut-800,"3.530625,212.759375;111.98125,149.773125;228.00875,113.306875;305.2,57.425;447.276875,51.2675;438.27875,51.74125;461.484375,22.8525;430.701875,15.749375;327.460625,52.215"
Wat Phleng_800_4.png,512,267,coconut-800,"24.841875,43.690625;46.626875,54.5825;24.368125,70.21125;383.816875,143.1425"
Wat Phleng_800_4.png,512,267,coconut-800,"154.13,228.3875;209.065,129.40875;289.574375,155.455625;295.730625,153.088125;287.20625,149.299375;244.58375,119.936875;246.478125,108.0975;229.429375,132.72375;13.949375,187.185625;6.845625,153.088125;8.74,129.40875;14.423125,106.676875;209.065,160.191875;356.349375,233.596875;331.249375,233.123125;306.149375,233.123125;335.038125,245.43625;343.08875,243.06875;311.35875,247.804375;374.81875,258.223125;389.975,250.175;412.23125,249.7;447.75,244.9625;448.224375,250.1725;447.276875,239.28;491.32,232.65;491.32,226.966875;386.185,137.459375;278.681875,140.775;312.30625,141.721875;212.85375,124.673125;219.484375,101.94125;228.955625,87.73375;129.976875,78.261875;122.873125,153.56125;127.135625,134.144375;130.450625,127.040625;167.86375,136.03875;183.018125,224.59875;198.64625,224.59875;214.75,231.23125"
Wat Phleng_800_4.png,512,267,coconut-800,"177.335625,109.045;233.691875,93.89;125.24125,101.4675;96.3525,61.68625;54.6775,34.21875;48.0475,21.431875;43.31125,9.11875;58.94,22.8525;39.99625,22.8525;26.73625,9.11875;23.895,19.5375;9.21375,4.383125;113.875,261.064375;94.458125,262.485625;137.080625,229.334375;169.758125,231.7025;192.96375,169.189375;366.76875,186.39375;401.3375,182.45;379.555,129.40875;388.553125,94.8375;444.435625,59.31875;449.645,20.485;309.938125,40.375625;130.924375,85.365625;196.27875,79.6825;91.143125,228.3875;427.86,243.06875;350.1925,219.389375;310.885625,188.60625;314.200625,181.503125;315.1475,196.6575;354.92875,80.63;354.92875,89.628125;404.18125,103.361875;432.59625,125.62;446.33,38.0075;419.809375,45.585;239.848125,61.68625;289.574375,39.901875;55.15125,40.84875;46.15,4.85625"
Amrita_800_3.png,512,267,coconut-800,"7.650625,224.078125;8.124375,228.34;20.91125,234.023125;17.59625,237.811875;12.86,238.285625;12.86,241.600625;7.1775,241.126875;7.650625,250.125;11.913125,245.38875;11.439375,249.65125;11.439375,253.91375;8.124375,253.91375;3.38875,255.334375;2.915,246.81;3.861875,236.864375;28.488125,258.175625;30.85625,264.3325;33.224375,258.175625;32.750625,253.91375;28.015,252.96625;32.750625,249.65125;29.909375,244.915625;46.958125,228.81375;38.43375,229.2875;34.17125,234.023125;32.750625,238.285625;45.06375,244.915625;44.59,249.65125;37.48625,248.704375;36.539375,252.4925;37.48625,239.2325;38.9075,233.549375;34.17125,228.81375;29.435625,234.023125;25.646875,238.285625;28.961875,241.600625;26.594375,229.760625;20.91125,229.760625;20.4375,225.025;43.169375,233.549375;43.643125,228.81375;50.746875,229.2875;13.33375,233.549375;8.124375,232.6025;24.7,245.38875;48.37875,261.0175;56.43,261.490625;56.43,257.22875;58.7975,253.44;45.5375,253.44;37.013125,257.22875;36.539375,261.490625;25.646875,225.025;22.331875,221.71;12.86,221.23625;41.275,258.175;7.650625,261.964375"
Amrita_800_3.png,512,267,coconut-800,"36.539375,242.07375;46.0125,239.23125;61.639375,260.07"
Amrita_800_3.png,512,267,coconut-800,"24.7,241.600625;12.386875,228.81375;34.645,225.49875;38.43375,224.55125;42.695625,225.971875;43.169375,221.23625;47.431875,221.23625;51.69375,222.656875;46.958125,234.023125;54.061875,239.2325;49.799375,249.65125;47.431875,242.07375"
Amrita_800_3.png,512,267,coconut-800,"18.069375,51.220625;117.521875,39.380625;112.78625,33.698125;83.42375,43.169375;78.214375,40.328125;64.954375,36.539375;117.525,34.16875;90.525,31.80625;132.67625,32.276875;30.38125,38.43125;136.465,30.85625;82.00625,36.06875;34.64375,43.16875;149.25,38.43125;126.51875,42.69375;121.784375,42.2225;156.83125,30.85625;135.991875,34.17125;108.99375,39.38125;86.265625,31.80375"
Amrita_800_3.png,512,267,coconut-800,"43.169375,32.750625;52.1675,37.013125;87.2125,40.328125;83.42375,40.328125;99.999375,31.33;148.778125,26.120625;56.5625,28.6125"
Amrita_800_3.png,512,267,non-green-800,"15.7475,71.618125;36.621875,72.43625;51.356875,74.483125;39.486875,91.264375;61.180625,94.13;21.4775,117.05125;54.2225,118.27875;169.238125,142.01875;191.340625,156.344375;123.395625,220.196875;139.358125,225.108125;128.71625,234.113125;131.990625,251.304375;123.804375,255.396875;110.706875,252.531875;73.86875,234.113125;84.920625,201.36875;50.9475,182.13125;43.989375,184.1775;48.90125,170.670625;103.74875,112.139375;119.3025,112.139375;103.339375,82.669375;113.98125,97.404375;126.67,81.850625;131.171875,93.720625;117.255625,85.534375;111.935,65.8875;106.204375,58.110625;119.71125,54.83625;145.08875,51.561875;147.544375,63.0225;160.6425,50.33375;178.2425,152.25125;179.06125,143.246875;283.435,215.694375;286.709375,199.321875;278.523125,191.954375;298.579375,58.110625;274.43,14.315;254.37375,18.4075;104.158125,9.403125;115.61875,9.8125;51.356875,13.086875;62.408125,11.04;75.096875,11.85875;87.785625,10.221875;71.00375,2.854375;80.8275,2.445;50.9475,4.900625;3.468125,8.175;15.338125,95.766875;4.286875,168.62375;7.56125,178.4475;317.4075,214.46625;287.528125,27.821875;282.206875,4.081875;279.75125,39.691875;260.51375,34.78;275.658125,30.686875;294.48625,42.1475;301.035,34.78;290.8025,20.454375;246.596875,33.5525;191.75,129.739375;255.601875,110.501875;255.601875,115.823125;270.74625,152.25125;177.833125,216.9225;7.151875,49.924375;11.654375,44.60375;16.975,38.873125;23.115,34.78;168.01,59.748125;10.835625,149.795625;117.01,232.966875;480.06625,110.58375;484.56875,108.5375;489.480625,106.081875;97.363125,138.416875;110.46125,191.626875;105.95875,201.04125;73.62375,228.87375;101.45625,258.75375;25.734375,135.96125;6.90625,117.133125;63.390625,66.37875"
Amrita_800_3.png,512,267,green-800,"51.93,59.420625;74.441875,69.24375;89.58625,101.98875;69.12125,130.64;62.98125,244.4275;97.7725,243.609375;128.470625,203.0875;137.885,185.896875;168.583125,117.133125;166.53625,94.62125;156.713125,88.890625;181.26875,68.01875"
Amrita_800_3.png,512,267,green-800,"24.915625,176.4825;17.9575,176.891875;30.76875,166.495625;20.126875,166.08625;27.085,186.1425;68.834375,173.044375;72.518125,186.551875;94.62125,173.45375;89.3,169.360625;77.020625,148.895;72.518125,139.890625;24.751875,202.883125;33.265625,202.883125;29.95,210.905625"
Amrita_800_3.png,512,267,green-800,"294.68875,155.503125;367.146875,167.3425;231.22875,68.36375;35.639375,6.798125;24.510625,15.89125;149.725625,114.916875;166.11125,106.724375;416.399375,29.435625;449.55,9.545;380.4075,65.428125;344.415,105.6825;440.5525,40.801875;477.491875,24.7;466.599375,22.331875;498.329375,16.175;432.50125,19.96375;418.7675,74.425625;445.288125,135.991875;417.82,138.359375;441.499375,149.251875;444.340625,152.093125;494.540625,173.404375;435.81625,195.189375;434.869375,167.721875;414.031875,159.196875;419.24125,165.8275;468.966875,118.46875;441.499375,131.255625;425.87125,129.835;423.976875,143.56875;419.24125,154.46125;409.769375,39.380625;504.485625,46.958125;267.695,110.891875;184.818125,80.10875;151.666875,128.888125;150.24625,148.778125;80.15625,161.09125;105.729375,149.725625;116.621875,149.725625;92.469375,82.476875;48.9,104.735;35.639375,105.6825;88.680625,249.65125;146.93125,160.618125;320.2625,10.4925;354.36,179.0875;342.994375,184.770625;333.99625,167.721875;325.945625,164.40625;332.101875,136.93875;331.628125,128.414375;323.5775,138.359375;315.526875,126.99375;472.755625,184.296875;438.658125,219.815625;490.278125,221.23625;457.1275,126.04625"
Amrita_800_3.png,512,267,non-green-800,"199.0,146.375;205.875,158.25;241.5,232.6875;246.125,244.0625;260.375,247.375;231.4375,246.25;265.4375,255.0625;263.1875,238.9375;271.375,245.875;267.5625,260.1875;244.125,226.75;230.5,228.25"
Amrita_800_3.png,512,267,green-800,"215.6725,218.4275;199.98125,229.5875;218.4625,214.59125"
Amrita_800_4.png,512,267,green-800,"187.656875,116.641875;50.53875,168.214375;33.756875,136.698125;3.05875,158.39125;29.66375,236.16;29.254375,240.2525;24.751875,231.248125;49.310625,182.949375;41.124375,144.475;39.89625,134.65125;59.9525,74.8925;61.180625,69.161875;69.366875,29.459375;127.8975,92.4925;132.809375,81.031875;136.9025,82.26;149.181875,54.0175;190.1125,5.719375;214.67125,81.850625;234.318125,79.80375;452.888125,242.70875;461.893125,243.118125;477.446875,250.485625;452.07,257.853125;462.3025,259.08125;440.609375,261.1275;441.018125,250.485625;441.018125,245.983125;474.1725,239.84375;494.6375,256.215625;481.130625,171.898125;455.75375,30.686875;463.939375,18.4075;457.390625,19.635625;485.22375,23.72875;488.498125,33.96125;477.85625,50.743125;457.390625,47.878125;463.530625,49.924375;494.6375,103.54375;495.45625,96.17625;501.186875,112.139375;504.46125,90.036875;440.2,93.31125;336.235625,101.088125;319.044375,42.96625;316.179375,49.515;250.69,76.529375;281.7975,88.399375;290.8025,207.508125;401.315625,190.3175;423.00875,208.73625;443.88375,189.089375;458.61875,154.298125;453.2975,130.9675;452.47875,101.4975;486.451875,12.6775;482.768125,6.946875;479.493125,13.905625;502.005,9.403125;487.27,55.245625;469.67,51.97125;299.806875,90.036875;241.27625,77.7575;219.991875,74.483125;146.316875,199.321875;333.779375,216.9225;330.505,203.005625;407.045625,253.76;135.674375,106.40875;138.54,47.059375;77.553125,41.738125;71.8225,46.65;101.2925,81.031875;73.050625,127.693125;46.855,128.1025;50.53875,119.91625;31.710625,198.503125;26.389375,180.903125;32.119375,167.39625;12.881875,157.5725;3.468125,231.248125;12.06375,250.07625"
Amrita_800_4.png,512,267,green-800,"150.000625,102.31625;116.0275,112.139375;120.939375,117.869375;214.261875,122.371875;297.35125,51.1525;303.490625,49.105625;402.134375,144.88375;380.85,209.96375;398.04125,207.508125;419.325,226.745625;447.158125,146.52125;442.655625,111.320625;430.37625,10.221875;510.19125,21.273125;503.6425,256.215625;505.28,239.434375"
Amrita_800_4.png,512,267,green-800,"168.82875,58.52"
Amrita_800_4.png,512,267,coconut-800,"35.803125,9.8125;31.710625,6.538125;35.394375,5.719375;35.803125,2.035625;31.710625,2.035625;27.6175,3.263125;19.43125,10.221875;19.43125,13.086875;15.338125,10.221875;11.245,14.315;6.7425,11.85875;11.245,6.538125;6.7425,7.35625;6.333125,2.854375;2.65,7.76875;3.05875,3.263125;11.24375,11.0375;2.24,16.36125;1.830625,20.86375;5.92375,19.635625;5.92375,15.951875"
Amrita_800_4.png,512,267,coconut-800,"39.486875,10.221875;39.486875,5.719375;43.989375,4.49125;44.39875,8.584375;47.673125,8.175;40.305625,14.72375;34.985,15.5425;26.389375,12.268125;27.208125,7.35625;23.524375,8.99375;23.524375,4.081875;19.021875,17.99875;14.92875,18.816875;15.338125,14.72375;19.43125,4.900625;14.92875,5.719375;43.989375,13.49625;48.49375,13.0875;52.175625,11.04;56.26875,6.946875;56.678125,11.04;56.26875,2.0375"
Amrita_800_4.png,512,267,coconut-800,"56.26875,15.5425;43.989375,18.4075;40.305625,19.22625;27.208125,16.36125;23.524375,13.086875;23.115,17.18;18.203125,22.500625"
Amrita_800_4.png,512,267,coconut-800,"31.30125,20.454375;27.6175,21.273125;47.9625,16.2375;51.76625,16.36125"
Karavatti_800_1.png,512,267,green-800,"164.563125,22.863125;149.278125,15.65875;140.85625,26.61125"
Karavatti_800_1.png,512,267,non-green-800,"439.45,265.80625;422.1975,239.42;434.883125,224.196875;309.039375,79.578125"
Karavatti_800_1.png,512,267,non-green-800,"236.125,35.5625;314.25,92.4375;493.0,163.0625;131.75,101.1875;143.625,103.0625;147.375,221.8125;156.75,218.6875;67.375,109.3125;111.125,113.0625;119.875,54.9375;129.875,56.1875;135.5,59.9375;214.875,51.8125;234.875,244.3125;234.875,243.6875;187.375,201.1875;207.375,179.3125;502.375,81.8125;237.375,28.0625"
Karavatti_800_1.png,512,267,non-green-800,"121.125,165.5625;158.0,141.8125;479.875,32.4375;142.375,180.5625"
Karavatti_800_1.png,512,267,non-green-800,"246.125,247.4375"
Karavatti_800_1.png,512,267,green-800,"506.75,249.9375"
Karavatti_800_1.png,512,267,non-green-800,"383.0,136.1875;274.25,95.5625"
Karavatti_800_1.png,512,267,non-green-800,"436.0625,81.125;444.1875,84.25"
Karavatti_800_1.png,512,267,non-green-800,"487.3125,186.125;501.6875,118.625"
Karavatti_800_1.png,512,267,green-800,"112.29,11.518125"
Karavatti_800_1.png,512,267,green-800,"410.258125,98.505"
Karavatti_800_1.png,512,267,green-800,"191.291875,111.5925;186.893125,108.47625;91.889375,97.168125"
Karavatti_800_1.png,512,267,non-green-800,"87.138125,75.1825;114.0925,55.504375;132.94375,47.401875"
Karavatti_800_1.png,512,267,non-green-800,"165.51375,81.800625;174.060625,80.65375;156.95,80.3625;178.261875,84.56375"
Karavatti_800_1.png,512,267,green-800,"183.339375,19.88125"
Karavatti_800_1.png,512,267,green-800,"507.735,188.276875"
Karavatti_800_1.png,512,267,green-800,"82.846875,167.364375"
Karavatti_800_1.png,512,267,green-800,"45.150625,198.553125"
Karavatti_800_1.png,512,267,green-800,"478.348125,52.899375;466.38625,55.72375"
Karavatti_800_1.png,512,267,green-800,"240.745,103.50875"
Karavatti_800_1.png,512,267,green-800,"58.685,63.685"
Karavatti_800_1.png,512,267,green-800,"175.654375,154.21875"
Karavatti_800_1.png,512,267,green-800,"229.674375,157.738125;216.87625,159.218125"
Karavatti_800_1.png,512,267,green-800,"195.551875,142.334375"
Karavatti_800_1.png,512,267,non-green-800,"199.54875,139.053125"
Karavatti_800_1.png,512,267,green-800,"238.156875,66.20625"
Karavatti_800_1.png,512,267,green-800,"165.505625,63.615625"
Karavatti_800_1.png,512,267,green-800,"156.163125,61.275"
Karavatti_800_1.png,512,267,green-800,"33.84875,21.855"
Karavatti_800_1.png,512,267,green-800,"10.609375,51.38"
Karavatti_800_1.png,512,267,green-800,"49.219375,79.336875;35.8475,97.440625;15.21375,138.481875;38.974375,100.218125;7.55,93.3875"
Karavatti_800_1.png,512,267,green-800,"133.044375,20.838125"
Karavatti_800_1.png,512,267,green-800,"222.0625,7.125"
Karavatti_800_1.png,512,267,Coconut-800,"274.803125,189.19125;404.135625,80.823125"
Karavatti_800_1.png,512,267,Coconut-800,"338.17875,16.33125"
Karavatti_800_1.png,512,267,Coconut-800,"37.07625,247.764375"
Karavatti_800_1.png,512,267,Coconut-800,"398.11625,207.154375"
Karavatti_800_1.png,512,267,Coconut-800,"373.08875,96.30375;354.623125,64.79375;382.81875,64.52125;290.766875,85.368125"
Karavatti_800_1.png,512,267,Coconut-800,"294.021875,132.764375"
Karavatti_800_1.png,512,267,Coconut-800,"281.13875,172.168125"
Karavatti_800_1.png,512,267,Coconut-800,"386.388125,233.53125"
Karavatti_800_1.png,512,267,Coconut-800,"316.103125,230.716875"
Karavatti_800_1.png,512,267,Coconut-800,"242.175625,168.22"
Karavatti_800_1.png,512,267,Coconut-800,"330.81875,19.02125;435.874375,31.17375"
Karavatti_800_1.png,512,267,Coconut-800,"223.685625,202.38375"
Karavatti_800_1.png,512,267,Coconut-800,"336.69125,53.539375"
Karavatti_800_1.png,512,267,Coconut-800,"475.979375,214.951875"
Karavatti_800_1.png,512,267,Coconut-800,"325.9325,182.4975;272.104375,213.705"
Karavatti_800_1.png,512,267,Coconut-800,"375.55875,37.920625;397.028125,44.041875"
Karavatti_800_1.png,512,267,Coconut-800,"324.96375,207.945;375.62875,152.169375;446.89875,127.8525"
Karavatti_800_1.png,512,267,Coconut-800,"260.079375,222.2325"
Karavatti_800_1.png,512,267,Coconut-800,"211.175,83.15625;119.68875,30.980625"
Karavatti_800_1.png,512,267,Coconut-800,"393.7925,176.28;351.52375,238.535;431.710625,41.173125"
Karavatti_800_1.png,512,267,Coconut-800,"73.27875,178.165"
Karavatti_800_1.png,512,267,Coconut-800,"390.815625,96.059375;413.075,6.234375"
Karavatti_800_1.png,512,267,Coconut-800,"350.93,36.519375"
Karavatti_800_1.png,512,267,Coconut-800,"205.58875,112.320625;421.795,37.33125"
Karavatti_800_1.png,512,267,Coconut-800,"328.03,137.671875"
Karavatti_800_1.png,512,267,Coconut-800,"348.775,158.55375"
Karavatti_800_1.png,512,267,Coconut-800,"463.818125,173.271875"
Karavatti_800_1.png,512,267,Coconut-800,"175.904375,36.989375"
Karavatti_800_1.png,512,267,Coconut-800,"257.6375,234.893125"
Karavatti_800_1.png,512,267,Coconut-800,"364.07375,45.09375"
Karavatti_800_3.png,512,267,non-green-800,"4.284375,251.626875"
Karavatti_800_3.png,512,267,non-green-800,"6.461875,259.448125"
Karavatti_800_2.png,512,267,green-800,"302.111875,160.39375"
Karavatti_800_2.png,512,267,non-green-800,"170.8125,144.44625;280.3175,41.32;392.48,99.79375;131.475625,179.53;64.496875,140.19375;164.965,16.33625;205.89625,148.1675;365.90125,27.499375;408.95875,47.699375"
Karavatti_800_2.png,512,267,non-green-800,"198.454375,25.373125;125.628125,70.556875;292.54375,155.609375;475.405625,232.688125;448.295625,165.709375;303.706875,219.93;226.628125,252.35625;180.9125,84.378125"
Karavatti_800_2.png,512,267,non-green-800,"43.67,223.065;2.360625,189.46625;149.423125,192.22;260.684375,8.25375;157.685,161.92625;134.551875,132.734375;72.8625,27.531875"
Karavatti_800_2.png,512,267,non-green-800,"3.530625,20.44625;49.821875,122.978125;334.055625,172.73;214.08875,128.6025"
Karavatti_800_2.png,512,267,non-green-800,"453.4775,194.98875;329.635,141.91375;346.57375,239.783125"
Karavatti_800_2.png,512,267,non-green-800,"19.75,218.875;9.125,231.375;124.75,214.5"
Karavatti_800_2.png,512,267,green-800,"469.621875,146.858125;470.590625,149.904375"
Karavatti_800_2.png,512,267,non-green-800,"487.1025,237.254375;494.1375,188.888125"
Karavatti_800_2.png,512,267,green-800,"23.6075,212.80875"
Karavatti_800_2.png,512,267,green-800,"184.349375,29.656875;187.64375,21.105"
Karavatti_800_2.png,512,267,green-800,"460.68,157.808125"
Karavatti_800_2.png,512,267,non-green-800,"112.56,148.45875"
Karavatti_800_2.png,512,267,non-green-800,"251.961875,155.24375"
Karavatti_800_2.png,512,267,non-green-800,"373.875,4.25"
Karavatti_800_2.png,512,267,Coconut-800,"246.47125,199.14875"
Karavatti_800_2.png,512,267,green-800,"179.0575,18.099375;237.204375,25.818125"
Karavatti_800_2.png,512,267,green-800,"111.65625,187.24375;336.330625,49.4325"
Karavatti_800_2.png,512,267,green-800,"297.893125,219.61"
Karavatti_800_2.png,512,267,green-800,"212.551875,198.76875"
Karavatti_800_2.png,512,267,non-green-800,"264.9375,34.0"
Karavatti_800_2.png,512,267,green-800,"9.209375,125.263125"
Karavatti_800_2.png,512,267,green-800,"90.72375,236.059375"
Karavatti_800_2.png,512,267,green-800,"427.035625,80.974375"
Karavatti_800_2.png,512,267,green-800,"242.320625,8.79625"
Karavatti_800_2.png,512,267,green-800,"236.7375,167.238125"
Karavatti_800_2.png,512,267,green-800,"422.619375,52.01125"
Karavatti_800_2.png,512,267,Coconut-800,"184.305,188.26;256.445,99.6575;310.059375,113.45;240.55625,105.91125"
Karavatti_800_2.png,512,267,Coconut-800,"67.924375,108.5675;393.13875,142.4875;370.728125,157.238125"
Karavatti_800_2.png,512,267,Coconut-800,"388.691875,226.879375;431.175,224.510625;402.979375,178.20875;232.800625,97.335625;368.4225,183.749375;169.7775,243.865625;111.58,229.421875"
Karavatti_800_2.png,512,267,Coconut-800,"153.144375,89.36625;373.25875,127.693125"
Karavatti_800_2.png,512,267,Coconut-800,"190.17375,50.890625;313.48375,65.105625;92.2,93.1875"
Karavatti_800_2.png,512,267,Coconut-800,"190.936875,216.15625"
Karavatti_800_2.png,512,267,non-green-800,"432.390625,57.66375;424.8875,42.0175;429.26125,50.765;411.16125,20.148125"
Karavatti_800_2.png,512,267,non-green-800,"416.75,28.25"
Karavatti_800_2.png,512,267,Coconut-800,"112.329375,208.9225"
Karavatti_800_2.png,512,267,Coconut-800,"273.20875,71.846875;425.261875,132.87625"
Karavatti_800_2.png,512,267,Coconut-800,"290.156875,198.071875"
Karavatti_800_2.png,512,267,Coconut-800,"352.539375,110.066875"
Karavatti_800_2.png,512,267,Coconut-800,"413.44625,255.668125;389.1775,253.57;181.27,202.791875"
Karavatti_800_2.png,512,267,Coconut-800,"46.020625,102.119375"
Karavatti_800_4.png,512,267,non-green-800,"17.77,181.835;19.046875,90.333125"
Karavatti_800_4.png,512,267,Coconut-800,"4.946875,64.64625"
Karavatti_800_4.png,512,267,Coconut-800,"6.6425,48.840625"
Karavatti_800_4.png,512,267,green-800,"17.669375,76.95375;8.51375,189.685"
Karavatti_800_4.png,512,267,green-800,"12.608125,109.5375"
Karavatti_800_4.png,512,267,sea-800,"349.38125,98.32125;352.983125,116.33125;402.3825,57.67"
Karavatti_800_4.png,512,267,sea-800,"217.5625,139.9375;255.6875,106.1875;287.5625,128.0625;285.0625,160.5625;231.3125,116.1875;219.4375,167.4375;218.8125,203.0625;228.8125,227.4375;176.3125,203.0625;173.8125,156.1875;320.0625,29.9375"
Karavatti_800_4.png,512,267,sea-800,"326.9375,183.6875;365.6875,163.0625;391.9375,178.0625;367.5625,204.3125;399.4375,148.0625;352.5625,178.0625;325.6875,154.9375;376.3125,133.0625;406.9375,98.6875;441.9375,76.8125;463.1875,113.6875;445.0625,160.5625;409.4375,123.6875;455.0625,96.8125;434.4375,129.3125;475.0625,164.9375;446.9375,203.0625;418.1875,221.8125;416.3125,181.8125;389.4375,217.4375;386.3125,236.1875;341.3125,221.8125;320.0625,216.8125;478.8125,212.4375;468.1875,229.3125;496.9375,229.9375;490.0625,179.9375;462.5625,190.5625;488.8125,129.9375;461.3125,134.9375;489.4375,108.0625;489.4375,64.3125;467.5625,65.5625;476.9375,87.4375;501.9375,71.1875;494.4375,27.4375;465.0625,24.9375;444.4375,54.9375;480.0625,39.3125;442.5625,36.1875;427.5625,14.9375;420.6875,46.1875;407.5625,73.6875;376.9375,83.6875;361.3125,48.6875;398.8125,31.8125;385.6875,51.8125;339.4375,78.0625;365.6875,19.9375;335.6875,58.6875;305.0625,61.1875;311.3125,93.6875;305.0625,129.9375;335.6875,125.5625;347.5625,147.4375;304.4375,163.0625;285.6875,193.6875;259.4375,215.5625;241.3125,173.6875;261.9375,148.6875;240.6875,128.6875;235.6875,149.9375;286.3125,85.5625;281.3125,108.0625;271.9375,87.4375;261.3125,121.8125;284.4375,46.8125;304.4375,22.4375;269.4375,55.5625;247.5625,26.8125;234.4375,58.0625;208.1875,95.5625;254.4375,40.5625;241.9375,76.1875;211.9375,78.6875;200.0625,31.1875;170.6875,57.4375;180.6875,101.1875;187.5625,139.3125;197.5625,178.0625;191.3125,213.6875;191.3125,236.8125;142.5625,234.9375;135.0625,184.3125;148.1875,141.1875;151.3125,105.5625;141.9375,54.9375;135.0625,24.9375;155.6875,13.0625;158.1875,83.6875;133.1875,88.6875;129.4375,128.6875;124.4375,165.5625;148.8125,181.1875;126.9375,225.5625;158.8125,210.5625;160.0625,238.0625"
Karavatti_800_4.png,512,267,sea-800,"324.4375,105.5625;301.3125,111.1875;316.3125,76.1875;344.4375,13.6875;271.3125,24.9375;238.8125,5.5625;221.9375,37.4375;199.4375,54.9375;191.9375,83.0625;174.4375,73.0625;184.4375,18.0625;155.6875,34.3125;303.8125,190.5625;260.0625,176.1875;286.9375,214.3125;256.9375,241.1875;124.4375,143.6875;144.4375,158.6875;114.4375,188.6875;113.8125,209.3125;105.6875,234.3125;84.4375,234.3125;92.5625,204.9375;79.4375,198.6875;73.8125,94.9375;75.6875,59.9375;55.6875,5.5625;80.6875,18.6875;85.0625,43.6875;96.9375,151.8125;98.8125,121.8125;111.9375,74.3125;120.0625,38.0625;96.3125,76.8125;115.0625,99.9375;103.8125,18.6875;136.3125,11.8125;166.9375,121.8125;201.9375,117.4375;161.3125,161.1875;180.6875,182.4375;203.8125,208.6875;207.5625,232.4375;170.0625,225.5625;253.8125,190.5625;294.4375,174.9375;296.3125,146.1875;363.1875,69.3125;368.8125,101.1875;384.4375,117.4375;383.1875,153.6875;360.0625,141.1875;323.1875,139.9375;335.0625,171.8125;343.8125,199.9375;324.4375,236.1875;366.3125,235.5625;360.0625,218.0625;398.8125,198.6875;405.0625,234.9375;441.3125,179.9375;416.9375,157.4375;421.3125,201.1875;420.6875,134.9375;390.6875,126.8125;425.6875,111.8125;389.4375,81.1875;419.4375,69.9375;438.1875,98.6875;420.0625,88.0625;446.9375,116.8125;443.1875,145.5625;461.3125,169.3125;458.1875,209.3125;480.6875,193.0625;447.5625,238.0625;496.3125,207.4375;499.4375,155.5625;487.5625,147.4375;502.5625,117.4375;492.5625,89.3125;458.1875,76.8125;460.0625,45.5625;498.8125,48.0625;480.6875,15.5625;448.1875,15.5625;420.6875,28.0625;400.6875,44.3125;377.5625,28.0625;397.5625,9.3125;343.1875,31.8125;320.0625,10.5625;314.4375,45.5625;282.5625,15.5625;230.0625,96.8125;260.0625,70.5625;237.5625,37.4375;219.4375,16.8125;178.8125,42.4375;183.1875,120.5625;216.3125,181.1875;238.1875,209.3125"
Karavatti_800_4.png,512,267,sea-800,"131.9375,109.3125;200.0625,153.0625;164.4375,184.3125;135.6875,205.5625;250.0625,159.3125;386.9375,96.8125;466.3125,11.8125;497.5625,14.3125;475.6875,131.1875;448.8125,183.0625;481.9375,238.6875;436.3125,218.0625;420.6875,234.9375;371.3125,179.3125;345.6875,239.3125;374.4375,219.3125;326.3125,198.6875;269.4375,224.3125;300.6875,229.3125;270.0625,193.0625;242.5625,117.4375;250.6875,52.4375;213.1875,58.0625;194.4375,73.0625;200.6875,11.8125;180.0625,6.1875;261.3125,11.1875;290.6875,29.3125;363.1875,6.1875;358.1875,34.3125;346.9375,60.5625;381.9375,65.5625;471.9375,51.1875;472.5625,100.5625;491.3125,167.4375;500.6875,190.5625;485.0625,219.9375;360.6875,190.5625;367.5625,118.6875;357.5625,81.1875;294.4375,98.6875;265.6875,162.4375;196.9375,190.5625;224.4375,238.6875;104.4375,171.8125;116.9375,119.3125;98.8125,54.9375;135.0625,68.0625;118.1875,59.3125;137.5625,40.5625;117.5625,9.3125;106.9375,30.5625;169.4375,23.0625;144.4375,23.6875"
Karavatti_800_4.png,512,267,non-green-800,"21.375,167.125;16.375,197.125;15.75,209.0;13.25,220.25;23.875,146.5;20.3125,100.875;14.0625,37.1875"
Karavatti_800_4.png,512,267,non-green-800,"17.625,188.9375;22.625,157.6875;19.5,67.0625"
Karavatti_800_4.png,512,267,green-800,"16.173125,61.038125"
Karavatti_800_4.png,512,267,green-800,"9.673125,42.571875"
Karavatti_800_4.png,512,267,Coconut-800,"3.33375,61.035;3.33375,61.035"
Karavatti_800_4.png,512,267,Coconut-800,"12.92625,123.045625;5.768125,162.67375"
Karavatti_800_4.png,512,267,Coconut-800,"5.41125,35.10625"
Karavatti_800_4.png,512,267,green-800,"2.125,258.125;5.439375,83.111875"
Karavatti_800_4.png,512,267,sea-800,"471.9325,248.93375;455.710625,257.044375;491.95625,253.901875"
Karavatti_800_4.png,512,267,sea-800,"415.0625,255.1875"
Karavatti_800_4.png,512,267,sea-800,"59.54875,235.644375;62.6025,190.348125;48.351875,188.82125;57.66875,163.96875;77.361875,135.381875;58.53125,128.765625;59.54875,97.72;46.31625,89.576875;64.129375,59.04;63.111875,77.87125;51.915,44.789375;41.0125,35.075;56.495,26.97625;377.13125,253.96625;342.523125,259.055625;290.101875,256.51125;288.065625,236.6625"
Karavatti_800_4.png,512,267,sea-800,"44.14875,236.61625;40.94375,256.4375;48.7375,109.0375;155.98125,68.3125"
Karavatti_800_4.png,512,267,Coconut-800,"3.08625,231.63875;2.8375,238.8625;6.025,46.45;2.5475,243.12375;6.60625,53.31875;15.9,135.5125"
Kradangnga_800_1.png,512,267,coconut-800,"188.7625,43.025;47.25625,96.15625;100.50625,122.075;451.0875,253.975;201.925,48.36875;331.69375,156.275;112.06875,128.8625;188.66875,34.825"
Kradangnga_800_1.png,512,267,coconut-800,"34.66875,124.55;123.91875,207.7;107.85625,146.86875;53.5625,132.33125;386.7125,48.25;134.95,185.80625;126.11875,181.4;115.5125,178.7"
Kradangnga_800_1.png,512,267,coconut-800,"50.3375,101.9;450.55,99.825;400.9125,217.9375;45.53125,62.26875;419.240625,215.195;415.10125,242.85875;402.14375,228.99375;438.85,78.875"
Kradangnga_800_1.png,512,267,coconut-800,"323.7375,23.525;287.89375,119.93125"
Kradangnga_800_1.png,512,267,coconut-800,"377.43125,98.09375"
Kradangnga_800_1.png,512,267,coconut-800,"334.19375,120.73125;357.15625,114.45"
Kradangnga_800_1.png,512,267,coconut-800,"225.14375,123.70625"
Kradangnga_800_1.png,512,267,coconut-800,"378.9,164.9375"
Kradangnga_800_1.png,512,267,coconut-800,"195.825,190.35625"
Kradangnga_800_1.png,512,267,coconut-800,"254.69,198.5875;259.780625,194.588125"
Kradangnga_800_1.png,512,267,coconut-800,"259.525,210.775"
Kradangnga_800_1.png,512,267,coconut-800,"105.68125,241.49375;125.25,246.84375"
Kradangnga_800_1.png,512,267,coconut-800,"254.98125,247.21875"
Kradangnga_800_1.png,512,267,coconut-800,"26.4625,175.95625;179.5625,118.6875"
Kradangnga_800_1.png,512,267,coconut-800,"326.9375,144.3125;173.8125,107.4375"
Kradangnga_800_1.png,512,267,coconut-800,"257.65625,141.625;341.48125,207.30625;460.4375,203.09375;482.0,248.2375;496.6,131.69375"
Kradangnga_800_1.png,512,267,non-green-800,"122.15,14.225"
Kradangnga_800_1.png,512,267,non-green-800,"431.885,115.104375;480.04375,9.6625;461.525,15.28125;430.87125,31.460625;397.920625,258.05875;396.906875,251.975625;107.449375,56.806875;119.615625,56.806875;71.4575,47.6825;77.03375,32.474375;79.568125,45.1475;80.275,41.24375"
Kradangnga_800_1.png,512,267,non-green-800,"36.578125,245.85375;184.96875,241.75;200.22125,234.709375"
Kradangnga_800_1.png,512,267,non-green-800,"187.07375,237.05625;192.796875,232.188125;207.13125,184.086875;199.539375,178.521875;267.171875,185.586875;15.785625,135.71625;10.595625,136.34125;97.535,67.439375;100.0625,59.9875;94.14375,57.24375"
Kradangnga_800_1.png,512,267,non-green-800,"354.074375,86.254375;87.59375,58.85;92.328125,50.7425;104.81625,67.608125"
Kradangnga_800_1.png,512,267,non-green-800,"83.963125,207.75875;32.40625,239.925"
Kradangnga_800_1.png,512,267,non-green-800,"485.585,227.5625;115.184375,85.938125;101.6125,75.695625;153.45625,33.34375"
Kradangnga_800_1.png,512,267,non-green-800,"334.66875,96.3375;247.369375,46.266875;236.375,51.475;267.564375,56.083125;260.1975,68.310625"
Kradangnga_800_1.png,512,267,non-green-800,"19.4375,249.6125"
Kradangnga_800_1.png,512,267,non-green-800,"254.5875,61.975;124.01125,262.67625;85.01875,225.675;55.8125,212.6125"
Kradangnga_800_1.png,512,267,non-green-800,"290.375,195.0625;280.8,93.05625;238.3625,75.76875"
Kradangnga_800_1.png,512,267,green-800,"234.975,18.94375"
Kradangnga_800_1.png,512,267,green-800,"90.08125,102.24375"
Kradangnga_800_1.png,512,267,green-800,"47.43125,179.4125"
Kradangnga_800_1.png,512,267,green-800,"32.039375,253.461875;23.89625,262.25625;29.3575,231.2575;6.6375,249.94375"
Kradangnga_800_1.png,512,267,green-800,"386.925,105.96875"
Kradangnga_800_1.png,512,267,coconut-800,"309.634375,228.686875;280.3375,230.79375;300.06,217.238125;299.154375,236.343125;280.5375,246.75;270.15125,237.759375;286.740625,228.008125;312.905625,212.05;319.728125,224.429375;306.04875,222.16375"
Kradangnga_800_1.png,512,267,coconut-800,"409.61875,249.35625;422.64375,178.74375"
Kradangnga_800_1.png,512,267,coconut-800,"17.5125,164.1;437.275,63.2875;5.85,160.1;12.80625,174.11875"
Kradangnga_800_1.png,512,267,coconut-800,"80.13625,133.504375;112.4975,117.180625"
